log_guid,fight_id,outcome,duration,duration_in_sec,wcl_boss_id,boss_text,zone_name,boss_level,affix_icon,fight_time
krHWBwbZy21Jd9YL,1,kill,44:20,2660,60670,Grim Batol,Grim Batol,,,8:58 AM
krHWBwbZy21Jd9YL,2,wipe,0:00,0,60670,Grim Batol,Grim Batol,,,9:42 AM
3QPh9b7vcZJ6zkYj,5,kill,41:27,2487,60670,Grim Batol,Grim Batol,,,1:43 PM
3QPh9b7vcZJ6zkYj,17,kill,33:40,2020,60670,Grim Batol,Grim Batol,,,6:37 PM
3QPh9b7vcZJ6zkYj,3,wipe,3:54,234,60670,Grim Batol,Grim Batol,,,1:25 PM
3QPh9b7vcZJ6zkYj,4,wipe,14:01,841,60670,Grim Batol,Grim Batol,,,1:29 PM
3QPh9b7vcZJ6zkYj,16,wipe,2:40,160,60670,Grim Batol,Grim Batol,,,6:35 PM
3QPh9b7vcZJ6zkYj,3,wipe,3:54,234,60670,Grim Batol,Grim Batol,,,1:25 PM
3QPh9b7vcZJ6zkYj,4,wipe,14:01,841,60670,Grim Batol,Grim Batol,,,1:29 PM
3QPh9b7vcZJ6zkYj,16,wipe,2:40,160,60670,Grim Batol,Grim Batol,,,6:35 PM
7LYkXfbhdCRwB94m,5,kill,41:27,2487,60670,Grim Batol,Grim Batol,,,1:43 PM
7LYkXfbhdCRwB94m,17,kill,33:40,2020,60670,Grim Batol,Grim Batol,,,6:37 PM
7LYkXfbhdCRwB94m,3,wipe,3:54,234,60670,Grim Batol,Grim Batol,,,1:25 PM
7LYkXfbhdCRwB94m,4,wipe,14:01,841,60670,Grim Batol,Grim Batol,,,1:29 PM
7LYkXfbhdCRwB94m,16,wipe,2:40,160,60670,Grim Batol,Grim Batol,,,6:35 PM
7LYkXfbhdCRwB94m,3,wipe,3:54,234,60670,Grim Batol,Grim Batol,,,1:25 PM
7LYkXfbhdCRwB94m,4,wipe,14:01,841,60670,Grim Batol,Grim Batol,,,1:29 PM
7LYkXfbhdCRwB94m,16,wipe,2:40,160,60670,Grim Batol,Grim Batol,,,6:35 PM
qpYtPH4bxgk2Cdhf,8,kill,52:47,3167,60670,Grim Batol,Grim Batol,,,6:48 PM
qpYtPH4bxgk2Cdhf,9,wipe,0:58,58,60670,Grim Batol,Grim Batol,,,7:42 PM
Vd2wgWQKA8zDaYM1,1,kill,28:42,1722,60670,Grim Batol,Grim Batol,,,1:05 AM
Vd2wgWQKA8zDaYM1,19,kill,27:22,1642,60670,Grim Batol,Grim Batol,,,5:12 AM
Vd2wgWQKA8zDaYM1,37,kill,47:36,2856,60670,Grim Batol,Grim Batol,,,3:40 AM
Vd2wgWQKA8zDaYM1,8,wipe,53:46,3226,60670,Grim Batol,Grim Batol,,,6:22 AM
Vd2wgWQKA8zDaYM1,15,wipe,13:03,783,60670,Grim Batol,Grim Batol,,,2:57 AM
Vd2wgWQKA8zDaYM1,34,wipe,26:29,1589,60670,Grim Batol,Grim Batol,,,6:38 AM
Vd2wgWQKA8zDaYM1,8,wipe,53:46,3226,60670,Grim Batol,Grim Batol,,,6:22 AM
Vd2wgWQKA8zDaYM1,15,wipe,13:03,783,60670,Grim Batol,Grim Batol,,,2:57 AM
Vd2wgWQKA8zDaYM1,34,wipe,26:29,1589,60670,Grim Batol,Grim Batol,,,6:38 AM
AYdHRMfa3X76Bmgv,9,kill,32:32,1952,60670,Grim Batol,Grim Batol,,,1:44 PM
AYdHRMfa3X76Bmgv,10,kill,42:34,2554,60670,Grim Batol,Grim Batol,,,2:29 PM
gG8bX9C2aKHWfFBA,6,kill,32:41,1961,60670,Grim Batol,Grim Batol,,,10:59 PM
gG8bX9C2aKHWfFBA,7,wipe,1:00,60,60670,Grim Batol,Grim Batol,,,11:32 PM
BbnLz8qKPM9ZWdTg,,kill,34:20,2060,60670,Grim Batol,Grim Batol,5,Xal'atath's Bargain: Voidbound,12:23 AM
pR8HwB7gaJZYcqPx,,kill,34:20,2060,60670,Grim Batol,Grim Batol,5,Xal'atath's Bargain: Voidbound,12:23 AM
ZpmcVYwdyzXDbr8n,,kill,34:20,2060,60670,Grim Batol,Grim Batol,5,Xal'atath's Bargain: Voidbound,12:23 AM
BTG2g8HW3wzRXPct,,wipe,48:26,2906,60670,Grim Batol,Grim Batol,10,Xal'atath's Bargain: Ascendant,11:41 AM
cfdTQwZ43yqhJjkr,,wipe,2:38,158,60670,Grim Batol,Grim Batol,3,Xal'atath's Bargain: Frenzied,12:46 PM
tyRBPLZY1cDhvdmF,,wipe,40:22,2422,60670,Grim Batol,Grim Batol,5,Xal'atath's Bargain: Voidbound,10:43 AM
wzyJ7BFWmQRxdH3G,15,kill,39:06,2346,60670,Grim Batol,Grim Batol,,,11:07 PM
wzyJ7BFWmQRxdH3G,8,wipe,0:00,0,60670,Grim Batol,Grim Batol,,,9:09 PM
wzyJ7BFWmQRxdH3G,9,wipe,1:07:31,4051,60670,Grim Batol,Grim Batol,,,9:10 PM
wzyJ7BFWmQRxdH3G,14,wipe,0:49,49,60670,Grim Batol,Grim Batol,,,11:06 PM
wzyJ7BFWmQRxdH3G,8,wipe,0:00,0,60670,Grim Batol,Grim Batol,,,9:09 PM
wzyJ7BFWmQRxdH3G,9,wipe,1:07:31,4051,60670,Grim Batol,Grim Batol,,,9:10 PM
wzyJ7BFWmQRxdH3G,14,wipe,0:49,49,60670,Grim Batol,Grim Batol,,,11:06 PM
W2dvBxYa8y1CLXHg,,wipe,4:56,296,60670,Grim Batol,Grim Batol,10,Xal'atath's Bargain: Ascendant,11:57 PM
X4knPWaNCx6HRZwz,3,kill,36:36,2196,60670,Grim Batol,Grim Batol,,,5:07 AM
X4knPWaNCx6HRZwz,4,wipe,0:50,50,60670,Grim Batol,Grim Batol,,,5:46 AM
CY2zRZFrNgpjq7at,6,kill,25:08,1508,60670,Grim Batol,Grim Batol,,,6:38 PM
CY2zRZFrNgpjq7at,15,kill,33:07,1987,60670,Grim Batol,Grim Batol,,,10:14 PM
CY2zRZFrNgpjq7at,14,wipe,2:56,176,60670,Grim Batol,Grim Batol,,,10:11 PM
CY2zRZFrNgpjq7at,16,wipe,0:36,36,60670,Grim Batol,Grim Batol,,,10:48 PM
CY2zRZFrNgpjq7at,14,wipe,2:56,176,60670,Grim Batol,Grim Batol,,,10:11 PM
CY2zRZFrNgpjq7at,16,wipe,0:36,36,60670,Grim Batol,Grim Batol,,,10:48 PM
JYfKt3Aph6QW8cGV,,kill,33:52,2032,60670,Grim Batol,Grim Batol,10,Xal'atath's Bargain: Ascendant,2:00 AM
pNM81VhX7bY2t4yC,9,kill,33:44,2024,60670,Grim Batol,Grim Batol,,,8:54 PM
pNM81VhX7bY2t4yC,21,kill,21:01,1261,60670,Grim Batol,Grim Batol,,,12:55 AM
pNM81VhX7bY2t4yC,11,wipe,0:13,13,60670,Grim Batol,Grim Batol,,,9:29 PM
pNM81VhX7bY2t4yC,20,wipe,7:08,428,60670,Grim Batol,Grim Batol,,,12:47 AM
pNM81VhX7bY2t4yC,22,wipe,0:17,17,60670,Grim Batol,Grim Batol,,,1:16 AM
pNM81VhX7bY2t4yC,11,wipe,0:13,13,60670,Grim Batol,Grim Batol,,,9:29 PM
pNM81VhX7bY2t4yC,20,wipe,7:08,428,60670,Grim Batol,Grim Batol,,,12:47 AM
pNM81VhX7bY2t4yC,22,wipe,0:17,17,60670,Grim Batol,Grim Batol,,,1:16 AM
HF4ZrjkCYxmw9pMh,3,kill,36:36,2196,60670,Grim Batol,Grim Batol,,,5:07 AM
HF4ZrjkCYxmw9pMh,4,wipe,0:50,50,60670,Grim Batol,Grim Batol,,,5:46 AM
9jYGbwXga1JDKcyr,17,kill,28:52,1732,60670,Grim Batol,Grim Batol,,,1:39 PM
9jYGbwXga1JDKcyr,15,wipe,0:00,0,60670,Grim Batol,Grim Batol,,,1:37 PM
9jYGbwXga1JDKcyr,16,wipe,0:00,0,60670,Grim Batol,Grim Batol,,,1:38 PM
9jYGbwXga1JDKcyr,19,wipe,0:59,59,60670,Grim Batol,Grim Batol,,,2:10 PM
9jYGbwXga1JDKcyr,15,wipe,0:00,0,60670,Grim Batol,Grim Batol,,,1:37 PM
9jYGbwXga1JDKcyr,16,wipe,0:00,0,60670,Grim Batol,Grim Batol,,,1:38 PM
9jYGbwXga1JDKcyr,19,wipe,0:59,59,60670,Grim Batol,Grim Batol,,,2:10 PM
4Ck7GyKZrf23WTzw,16,kill,32:14,1934,60670,Grim Batol,Grim Batol,,,7:32 PM
4Ck7GyKZrf23WTzw,12,wipe,57:37,3457,60670,Grim Batol,Grim Batol,,,5:48 PM
gpP4XxH6KrtBjDvR,5,kill,44:55,2695,60670,Grim Batol,Grim Batol,,,1:16 PM
gpP4XxH6KrtBjDvR,4,wipe,34:27,2067,60670,Grim Batol,Grim Batol,,,12:38 PM
gpP4XxH6KrtBjDvR,8,wipe,0:29,29,60670,Grim Batol,Grim Batol,,,2:04 PM
gpP4XxH6KrtBjDvR,4,wipe,34:27,2067,60670,Grim Batol,Grim Batol,,,12:38 PM
gpP4XxH6KrtBjDvR,8,wipe,0:29,29,60670,Grim Batol,Grim Batol,,,2:04 PM
7zRpn4hjAxm8TZ2c,2,kill,40:18,2418,60670,Grim Batol,Grim Batol,,,7:22 AM
7zRpn4hjAxm8TZ2c,1,wipe,2:32,152,60670,Grim Batol,Grim Batol,,,7:19 AM
Gvd14wCQkZMB2PF8,,kill,1:02:12,3732,60670,Grim Batol,Grim Batol,6,Xal'atath's Bargain: Ascendant,4:55 PM
NzAPYaG98cXMkZB1,,wipe,7:14,434,60670,Grim Batol,Grim Batol,4,Xal'atath's Bargain: Ascendant,5:29 AM
MaWg6dnBXm8CxbRJ,,kill,22:55,1375,60670,Grim Batol,Grim Batol,2,Xal'atath's Bargain: Ascendant,4:36 AM
TKPryQCjfJ2tRpH9,,kill,35:36,2136,60670,Grim Batol,Grim Batol,9,Fortified,7:34 PM
fdJP9pWvcZ7Dhzwt,,kill,26:04,1564,60670,Grim Batol,Grim Batol,3,Fortified,7:03 AM
72QGRBP8bVknFmNy,16,kill,30:24,1824,60670,Grim Batol,Grim Batol,,,5:07 PM
72QGRBP8bVknFmNy,18,kill,29:02,1742,60670,Grim Batol,Grim Batol,,,9:00 PM
72QGRBP8bVknFmNy,15,wipe,10:17,617,60670,Grim Batol,Grim Batol,,,4:57 PM
YxQ1Rvkr7nPAH2NB,,wipe,10:53,653,60670,Grim Batol,Grim Batol,3,Fortified,3:09 AM
YDcpjzGmrZ4tq3KA,,kill,23:12,1392,60670,Grim Batol,Grim Batol,4,Fortified,11:37 PM
2xXcbKTqV7w6MmyH,13,kill,41:53,2513,60670,Grim Batol,Grim Batol,,,6:56 PM
2xXcbKTqV7w6MmyH,8,wipe,21:52,1312,60670,Grim Batol,Grim Batol,,,5:58 PM
xJTNMvGCn6QRAF8c,,kill,39:27,2367,60670,Grim Batol,Grim Batol,4,Tyrannical,5:12 AM
AR6FBpNwkdhanyWH,21,kill,27:54,1674,60670,Grim Batol,Grim Batol,,,5:03 AM
AR6FBpNwkdhanyWH,22,wipe,0:19,19,60670,Grim Batol,Grim Batol,,,5:32 AM
QnmDcx8216K4ZvTz,,wipe,21:14,1274,60670,Grim Batol,Grim Batol,4,Tyrannical,9:20 PM
kFnqVpTBCPG6fA8m,,kill,23:29,1409,60670,Grim Batol,Grim Batol,3,Fortified,4:05 PM
KJmkXVRW3TLH4Cv2,10,kill,25:54,1554,60670,Grim Batol,Grim Batol,,,5:53 AM
KJmkXVRW3TLH4Cv2,11,wipe,0:00,0,60670,Grim Batol,Grim Batol,,,6:19 AM
G1rHAYWfJZ7dR4hB,3,kill,35:35,2135,60670,Grim Batol,Grim Batol,,,5:59 AM
G1rHAYWfJZ7dR4hB,2,wipe,5:01,301,60670,Grim Batol,Grim Batol,,,5:54 AM
XqtTy3GWFnzApaJc,,kill,24:56,1496,60670,Grim Batol,Grim Batol,4,Fortified,1:16 AM
zFQRBq8V62apMjyc,,kill,36:39,2199,60670,Grim Batol,Grim Batol,10,Xal'atath's Bargain: Oblivion,10:26 AM
xGVv3W1T6LwZfcCt,21,kill,34:54,2094,60670,Grim Batol,Grim Batol,,,2:51 PM
xGVv3W1T6LwZfcCt,23,wipe,0:45,45,60670,Grim Batol,Grim Batol,,,3:27 PM
Y1qzphFKAc4fb6NG,2,kill,34:54,2094,60670,Grim Batol,Grim Batol,,,8:02 PM
Y1qzphFKAc4fb6NG,1,wipe,1:01,61,60670,Grim Batol,Grim Batol,,,8:00 PM
zAG7WxmyLPkrtcp3,,kill,46:53,2813,60670,Grim Batol,Grim Batol,5,Xal'atath's Bargain: Ascendant,11:21 PM
YyNXTpZJB7v8wqVn,,kill,47:39,2859,60670,Grim Batol,Grim Batol,10,Xal'atath's Bargain: Voidbound,1:59 PM
6rQMCpL3G2JNqva7,,wipe,18:46,1126,60670,Grim Batol,Grim Batol,10,Xal'atath's Bargain: Voidbound,6:54 AM
GxgBbm4XL1hYtypa,,wipe,58:08,3488,60670,Grim Batol,Grim Batol,5,Xal'atath's Bargain: Ascendant,3:34 AM
Dw7VjC9FmpxJy3Xv,16,kill,32:14,1934,60670,Grim Batol,Grim Batol,,,7:32 PM
Dw7VjC9FmpxJy3Xv,12,wipe,57:37,3457,60670,Grim Batol,Grim Batol,,,5:48 PM
F1rR7cP9JdBT4QzY,4,kill,1:20:13,4813,60670,Grim Batol,Grim Batol,,,4:10 PM
F1rR7cP9JdBT4QzY,6,kill,1:20:43,4843,60670,Grim Batol,Grim Batol,,,5:52 PM
F1rR7cP9JdBT4QzY,3,wipe,11:17,677,60670,Grim Batol,Grim Batol,,,3:58 PM
F1rR7cP9JdBT4QzY,5,wipe,0:53,53,60670,Grim Batol,Grim Batol,,,5:31 PM
F1rR7cP9JdBT4QzY,3,wipe,11:17,677,60670,Grim Batol,Grim Batol,,,3:58 PM
F1rR7cP9JdBT4QzY,5,wipe,0:53,53,60670,Grim Batol,Grim Batol,,,5:31 PM
X8Tmv3q7fznj9QdD,,wipe,47:33,2853,60670,Grim Batol,Grim Batol,3,Xal'atath's Bargain: Ascendant,11:43 AM
hZLfAwjMg4Pa6H3n,,kill,45:08,2708,60670,Grim Batol,Grim Batol,10,Xal'atath's Bargain: Frenzied,8:02 AM
Dw81VPYgrKvAMRc9,,kill,47:14,2834,60670,Grim Batol,Grim Batol,10,Xal'atath's Bargain: Ascendant,3:10 PM
AvaDczngCN8fwpTm,,kill,36:54,2214,60670,Grim Batol,Grim Batol,5,Xal'atath's Bargain: Frenzied,3:25 AM
gLBF2fhwC18VbqPW,,kill,36:41,2201,60670,Grim Batol,Grim Batol,2,Tyrannical,2:15 PM
tj8gY2rvyCahcRHJ,,kill,33:29,2009,60670,Grim Batol,Grim Batol,4,Tyrannical,6:32 AM
vAKbRTnHVgY6qFBZ,,kill,17:38,1058,60670,Grim Batol,Grim Batol,5,Fortified,4:31 AM
DNmAcgh4x3aQZYbK,,kill,27:27,1647,60670,Grim Batol,Grim Batol,5,Fortified,6:20 PM
Fjf7mcby4B3QwhCT,3,kill,45:17,2717,60670,Grim Batol,Grim Batol,,,10:19 PM
Fjf7mcby4B3QwhCT,2,wipe,28:23,1703,60670,Grim Batol,Grim Batol,,,9:50 PM
Fjf7mcby4B3QwhCT,5,wipe,36:13,2173,60670,Grim Batol,Grim Batol,,,11:12 PM
Fjf7mcby4B3QwhCT,2,wipe,28:23,1703,60670,Grim Batol,Grim Batol,,,9:50 PM
Fjf7mcby4B3QwhCT,5,wipe,36:13,2173,60670,Grim Batol,Grim Batol,,,11:12 PM
n4Khra7AfbTMc6QR,4,kill,1:14:05,4445,60670,Grim Batol,Grim Batol,,,9:50 PM
n4Khra7AfbTMc6QR,3,wipe,14:15,855,60670,Grim Batol,Grim Batol,,,9:33 PM
n4Khra7AfbTMc6QR,5,wipe,36:13,2173,60670,Grim Batol,Grim Batol,,,11:12 PM
n4Khra7AfbTMc6QR,3,wipe,14:15,855,60670,Grim Batol,Grim Batol,,,9:33 PM
n4Khra7AfbTMc6QR,5,wipe,36:13,2173,60670,Grim Batol,Grim Batol,,,11:12 PM
Jhtw6dA87yRPGgM1,4,kill,1:14:05,4445,60670,Grim Batol,Grim Batol,,,9:50 PM
Jhtw6dA87yRPGgM1,3,wipe,14:15,855,60670,Grim Batol,Grim Batol,,,9:33 PM
Jhtw6dA87yRPGgM1,5,wipe,36:13,2173,60670,Grim Batol,Grim Batol,,,11:12 PM
Jhtw6dA87yRPGgM1,3,wipe,14:15,855,60670,Grim Batol,Grim Batol,,,9:33 PM
Jhtw6dA87yRPGgM1,5,wipe,36:13,2173,60670,Grim Batol,Grim Batol,,,11:12 PM
8dtaMypf6A3c2zLH,,kill,23:29,1409,60670,Grim Batol,Grim Batol,3,Fortified,4:05 PM
2hkWzLf1KaV7FqwP,,wipe,31:57,1917,60670,Grim Batol,Grim Batol,10,Xal'atath's Bargain: Voidbound,8:33 AM
FH8ymwTCh69PXbZL,,kill,35:42,2142,60670,Grim Batol,Grim Batol,5,Xal'atath's Bargain: Voidbound,5:41 AM
8yqTjxJzRHMYLZh2,,wipe,7:44,464,60670,Grim Batol,Grim Batol,10,Xal'atath's Bargain: Voidbound,3:35 AM
rCB4Qz9pn1DvhMVf,,kill,39:30,2370,60670,Grim Batol,Grim Batol,10,Xal'atath's Bargain: Oblivion,4:50 PM
jCgMRPpfqAnmwZTt,,kill,40:27,2427,60670,Grim Batol,Grim Batol,10,Xal'atath's Bargain: Oblivion,2:27 AM
B49JjWfpmhdYyLt8,,wipe,32:14,1934,60670,Grim Batol,Grim Batol,7,Xal'atath's Bargain: Oblivion,6:25 PM
LwQFkN8ByAp2x6Rc,,kill,53:47,3227,60670,Grim Batol,Grim Batol,4,Xal'atath's Bargain: Oblivion,3:40 PM
6CPGXBgzmNx71ZQY,,kill,40:37,2437,60670,Grim Batol,Grim Batol,10,Xal'atath's Bargain: Oblivion,7:46 AM
tvaB2xnRHVGdWD3j,2,kill,32:38,1958,60670,Grim Batol,Grim Batol,,,3:31 PM
tvaB2xnRHVGdWD3j,3,wipe,0:18,18,60670,Grim Batol,Grim Batol,,,4:04 PM
6gNxnBhHKYvy43kW,,wipe,11:37,697,60670,Grim Batol,Grim Batol,4,Xal'atath's Bargain: Voidbound,5:57 PM
NbAC2vdzLyPZcqYV,,kill,33:41,2021,60670,Grim Batol,Grim Batol,10,Xal'atath's Bargain: Voidbound,6:47 PM
Y2bZXWFQ6V34vRay,,wipe,0:22,22,60670,Grim Batol,Grim Batol,12,Fortified,12:16 AM
7FHf1VQBZhGdrAY9,,kill,47:44,2864,60670,Grim Batol,Grim Batol,4,Xal'atath's Bargain: Voidbound,10:39 PM
Dqc31nRKWQBNMmg7,,kill,34:53,2093,60670,Grim Batol,Grim Batol,7,Xal'atath's Bargain: Voidbound,7:03 PM
ZjmQqb2HvKdALMWw,1,kill,44:55,2695,60670,Grim Batol,Grim Batol,,,6:04 PM
ZjmQqb2HvKdALMWw,2,wipe,0:29,29,60670,Grim Batol,Grim Batol,,,6:51 PM
6WvNK7cp2TZ3RDz4,1,wipe,24:28,1468,60670,Grim Batol,Grim Batol,,,4:10 AM
6WvNK7cp2TZ3RDz4,2,wipe,16:48,1008,60670,Grim Batol,Grim Batol,,,4:34 AM
6WvNK7cp2TZ3RDz4,1,wipe,24:28,1468,60670,Grim Batol,Grim Batol,,,4:10 AM
6WvNK7cp2TZ3RDz4,2,wipe,16:48,1008,60670,Grim Batol,Grim Batol,,,4:34 AM
WTcm8VtP6j3rR7wK,2,kill,29:46,1786,60670,Grim Batol,Grim Batol,,,5:43 PM
WTcm8VtP6j3rR7wK,6,kill,58:29,3509,60670,Grim Batol,Grim Batol,,,6:53 PM
WTcm8VtP6j3rR7wK,3,wipe,0:14,14,60670,Grim Batol,Grim Batol,,,6:14 PM
WTcm8VtP6j3rR7wK,8,wipe,0:13,13,60670,Grim Batol,Grim Batol,,,7:53 PM
WTcm8VtP6j3rR7wK,3,wipe,0:14,14,60670,Grim Batol,Grim Batol,,,6:14 PM
WTcm8VtP6j3rR7wK,8,wipe,0:13,13,60670,Grim Batol,Grim Batol,,,7:53 PM
hM6gZD3kPHxBrVpn,,wipe,1:00:18,3618,60670,Grim Batol,Grim Batol,10,Xal'atath's Bargain: Ascendant,11:26 AM
L2Qfrdq7AHbjK3np,1,wipe,2:25,145,60670,Grim Batol,Grim Batol,,,2:29 AM
L2Qfrdq7AHbjK3np,2,wipe,1:52,112,60670,Grim Batol,Grim Batol,,,2:31 AM
L2Qfrdq7AHbjK3np,3,wipe,1:46,106,60670,Grim Batol,Grim Batol,,,2:33 AM
L2Qfrdq7AHbjK3np,4,wipe,14:28,868,60670,Grim Batol,Grim Batol,,,2:35 AM
L2Qfrdq7AHbjK3np,1,wipe,2:25,145,60670,Grim Batol,Grim Batol,,,2:29 AM
L2Qfrdq7AHbjK3np,2,wipe,1:52,112,60670,Grim Batol,Grim Batol,,,2:31 AM
L2Qfrdq7AHbjK3np,3,wipe,1:46,106,60670,Grim Batol,Grim Batol,,,2:33 AM
L2Qfrdq7AHbjK3np,4,wipe,14:28,868,60670,Grim Batol,Grim Batol,,,2:35 AM
mhGMrj4YqRngJkyW,,kill,38:43,2323,60670,Grim Batol,Grim Batol,10,Xal'atath's Bargain: Ascendant,11:37 AM
ZRWDfLvJwKz8cy2A,,kill,28:42,1722,60670,Grim Batol,Grim Batol,2,Xal'atath's Bargain: Ascendant,1:05 AM
46ZwKp2FMbk81Rmn,2,kill,51:06,3066,60670,Grim Batol,Grim Batol,,,7:30 PM
46ZwKp2FMbk81Rmn,3,wipe,0:00,0,60670,Grim Batol,Grim Batol,,,8:21 PM
hPyr24WTFab8tK6J,,wipe,13:40,820,60670,Grim Batol,Grim Batol,10,Xal'atath's Bargain: Ascendant,7:58 PM
CVdraXBhRpTFNxbn,2,wipe,1:05,65,60670,Grim Batol,Grim Batol,,,3:53 AM
CVdraXBhRpTFNxbn,3,wipe,18:19,1099,60670,Grim Batol,Grim Batol,,,3:54 AM
CVdraXBhRpTFNxbn,4,wipe,16:13,973,60670,Grim Batol,Grim Batol,,,4:12 AM
CVdraXBhRpTFNxbn,5,wipe,8:39,519,60670,Grim Batol,Grim Batol,,,4:28 AM
CVdraXBhRpTFNxbn,2,wipe,1:05,65,60670,Grim Batol,Grim Batol,,,3:53 AM
CVdraXBhRpTFNxbn,3,wipe,18:19,1099,60670,Grim Batol,Grim Batol,,,3:54 AM
CVdraXBhRpTFNxbn,4,wipe,16:13,973,60670,Grim Batol,Grim Batol,,,4:12 AM
CVdraXBhRpTFNxbn,5,wipe,8:39,519,60670,Grim Batol,Grim Batol,,,4:28 AM
NVCGAcqHFpxLrQZ4,2,wipe,1:05,65,60670,Grim Batol,Grim Batol,,,3:53 AM
NVCGAcqHFpxLrQZ4,3,wipe,18:19,1099,60670,Grim Batol,Grim Batol,,,3:54 AM
NVCGAcqHFpxLrQZ4,4,wipe,16:13,973,60670,Grim Batol,Grim Batol,,,4:12 AM
NVCGAcqHFpxLrQZ4,2,wipe,1:05,65,60670,Grim Batol,Grim Batol,,,3:53 AM
NVCGAcqHFpxLrQZ4,3,wipe,18:19,1099,60670,Grim Batol,Grim Batol,,,3:54 AM
NVCGAcqHFpxLrQZ4,4,wipe,16:13,973,60670,Grim Batol,Grim Batol,,,4:12 AM
4hN9pPFwyjLtXfb2,,wipe,0:00,0,60670,Grim Batol,Grim Batol,5,Xal'atath's Bargain: Ascendant,2:36 AM
ZLVGAJnfNjhCHcY1,,wipe,9:39,579,60670,Grim Batol,Grim Batol,15,Fortified,2:45 AM
1xBYA4Pq9gTrtvjK,,kill,46:53,2813,60670,Grim Batol,Grim Batol,5,Xal'atath's Bargain: Ascendant,11:21 PM
aJVNdBQ2cCkHKtyj,1,kill,39:04,2344,60670,Grim Batol,Grim Batol,,,7:15 PM
aJVNdBQ2cCkHKtyj,2,wipe,0:00,0,60670,Grim Batol,Grim Batol,,,7:54 PM
TZ1pBknNytj96aPd,,kill,47:29,2849,60670,Grim Batol,Grim Batol,5,Xal'atath's Bargain: Voidbound,7:38 PM
QhT4Wr6N1nMjaVYZ,,kill,33:49,2029,60670,Grim Batol,Grim Batol,3,Xal'atath's Bargain: Voidbound,12:15 PM
dmXR3rvLpN1cAV4C,1,wipe,17:17,1037,60670,Grim Batol,Grim Batol,,,7:49 AM
dmXR3rvLpN1cAV4C,2,wipe,30:12,1812,60670,Grim Batol,Grim Batol,,,8:06 AM
dmXR3rvLpN1cAV4C,3,wipe,18:54,1134,60670,Grim Batol,Grim Batol,,,8:36 AM
dmXR3rvLpN1cAV4C,4,wipe,5:56,356,60670,Grim Batol,Grim Batol,,,8:55 AM
dmXR3rvLpN1cAV4C,1,wipe,17:17,1037,60670,Grim Batol,Grim Batol,,,7:49 AM
dmXR3rvLpN1cAV4C,2,wipe,30:12,1812,60670,Grim Batol,Grim Batol,,,8:06 AM
dmXR3rvLpN1cAV4C,3,wipe,18:54,1134,60670,Grim Batol,Grim Batol,,,8:36 AM
dmXR3rvLpN1cAV4C,4,wipe,5:56,356,60670,Grim Batol,Grim Batol,,,8:55 AM
3AQbvYaqDh2PJNc4,2,kill,44:02,2642,60670,Grim Batol,Grim Batol,,,6:12 AM
3AQbvYaqDh2PJNc4,1,wipe,0:09,9,60670,Grim Batol,Grim Batol,,,6:11 AM
JKH8gC3GR6pzZMr4,,wipe,27:18,1638,60670,Grim Batol,Grim Batol,3,Xal'atath's Bargain: Frenzied,4:09 AM
ywJLNtXmQ4fxMdqz,,kill,40:18,2418,60670,Grim Batol,Grim Batol,5,Xal'atath's Bargain: Ascendant,5:14 AM
htjcBgrRznGa4KmN,,wipe,37:30,2250,60670,Grim Batol,Grim Batol,4,Fortified,10:21 PM
dvmgApFth1q4LXVk,2,wipe,7:12,432,60670,Grim Batol,Grim Batol,,,1:07 PM
dvmgApFth1q4LXVk,3,wipe,4:17,257,60670,Grim Batol,Grim Batol,,,1:14 PM
dvmgApFth1q4LXVk,4,wipe,2:42,162,60670,Grim Batol,Grim Batol,,,1:19 PM
dvmgApFth1q4LXVk,2,wipe,7:12,432,60670,Grim Batol,Grim Batol,,,1:07 PM
dvmgApFth1q4LXVk,3,wipe,4:17,257,60670,Grim Batol,Grim Batol,,,1:14 PM
dvmgApFth1q4LXVk,4,wipe,2:42,162,60670,Grim Batol,Grim Batol,,,1:19 PM
tvTGRcAX3mBbfMZY,2,wipe,10:02,602,60670,Grim Batol,Grim Batol,,,4:36 AM
tvTGRcAX3mBbfMZY,3,wipe,10:12,612,60670,Grim Batol,Grim Batol,,,4:46 AM
tvTGRcAX3mBbfMZY,4,wipe,21:40,1300,60670,Grim Batol,Grim Batol,,,4:57 AM
tvTGRcAX3mBbfMZY,2,wipe,10:02,602,60670,Grim Batol,Grim Batol,,,4:36 AM
tvTGRcAX3mBbfMZY,3,wipe,10:12,612,60670,Grim Batol,Grim Batol,,,4:46 AM
tvTGRcAX3mBbfMZY,4,wipe,21:40,1300,60670,Grim Batol,Grim Batol,,,4:57 AM
QN6zZCB2qbkTHhL9,2,wipe,10:02,602,60670,Grim Batol,Grim Batol,,,4:36 AM
QN6zZCB2qbkTHhL9,3,wipe,5:55,355,60670,Grim Batol,Grim Batol,,,4:46 AM
QN6zZCB2qbkTHhL9,2,wipe,10:02,602,60670,Grim Batol,Grim Batol,,,4:36 AM
QN6zZCB2qbkTHhL9,3,wipe,5:55,355,60670,Grim Batol,Grim Batol,,,4:46 AM
MvBXDq6TNpH8fYVh,,kill,32:34,1954,60670,Grim Batol,Grim Batol,3,Xal'atath's Bargain: Voidbound,8:55 PM
3kgBpbWj7dAma6cw,,kill,35:42,2142,60670,Grim Batol,Grim Batol,3,Xal'atath's Bargain: Voidbound,8:11 PM
pMTJcQv9LYGVj3Ck,,kill,40:47,2447,60670,Grim Batol,Grim Batol,3,Xal'atath's Bargain: Ascendant,11:32 AM
8hvQ1ZkTwdK43rAV,,wipe,8:34,514,60670,Grim Batol,Grim Batol,2,Xal'atath's Bargain: Ascendant,1:48 PM
K3LnGqbCH2A71xmc,,kill,31:01,1861,60670,Grim Batol,Grim Batol,10,Xal'atath's Bargain: Ascendant,10:10 AM
TJ6Q1czyLBfhXmCZ,5,wipe,19:30,1170,60670,Grim Batol,Grim Batol,,,4:43 AM
TJ6Q1czyLBfhXmCZ,6,wipe,8:01,481,60670,Grim Batol,Grim Batol,,,5:04 AM
TJ6Q1czyLBfhXmCZ,7,wipe,6:41,401,60670,Grim Batol,Grim Batol,,,5:12 AM
TJ6Q1czyLBfhXmCZ,5,wipe,19:30,1170,60670,Grim Batol,Grim Batol,,,4:43 AM
TJ6Q1czyLBfhXmCZ,6,wipe,8:01,481,60670,Grim Batol,Grim Batol,,,5:04 AM
TJ6Q1czyLBfhXmCZ,7,wipe,6:41,401,60670,Grim Batol,Grim Batol,,,5:12 AM
jvBnD9RtGapwYkdc,,kill,42:28,2548,60670,Grim Batol,Grim Batol,10,Xal'atath's Bargain: Ascendant,5:23 PM
HwTAxBYFkNWbphCK,,kill,37:13,2233,60670,Grim Batol,Grim Batol,10,Xal'atath's Bargain: Ascendant,3:16 PM
rzjh68pxHY3VKLGw,,wipe,4:22,262,60670,Grim Batol,Grim Batol,10,Xal'atath's Bargain: Ascendant,3:47 PM
6byw2kKj1vVRxgfL,,kill,36:26,2186,60670,Grim Batol,Grim Batol,10,Xal'atath's Bargain: Ascendant,5:43 PM
4qphPt2KgrT3acNA,,kill,28:59,1739,60670,Grim Batol,Grim Batol,3,Xal'atath's Bargain: Voidbound,10:12 PM
ybKk4PaAwVz91jgd,3,wipe,3:20,200,60670,Grim Batol,Grim Batol,,,8:31 PM
ybKk4PaAwVz91jgd,4,wipe,2:47,167,60670,Grim Batol,Grim Batol,,,8:34 PM
ybKk4PaAwVz91jgd,3,wipe,3:20,200,60670,Grim Batol,Grim Batol,,,8:31 PM
ybKk4PaAwVz91jgd,4,wipe,2:47,167,60670,Grim Batol,Grim Batol,,,8:34 PM
x3gAVnN2q9vpBCzJ,,kill,15:59,959,60670,Grim Batol,Grim Batol,2,Xal'atath's Bargain: Frenzied,6:01 PM
yVFPcYMWmx8CtdQb,,kill,27:30,1650,60670,Grim Batol,Grim Batol,12,Tyrannical,3:26 PM
YH2qJ6zBX3WRNZhc,1,wipe,2:55,175,60670,Grim Batol,Grim Batol,,,11:27 PM
YH2qJ6zBX3WRNZhc,2,wipe,2:35,155,60670,Grim Batol,Grim Batol,,,11:30 PM
YH2qJ6zBX3WRNZhc,3,wipe,2:52,172,60670,Grim Batol,Grim Batol,,,11:32 PM
YH2qJ6zBX3WRNZhc,4,wipe,1:45,105,60670,Grim Batol,Grim Batol,,,11:35 PM
YH2qJ6zBX3WRNZhc,1,wipe,2:55,175,60670,Grim Batol,Grim Batol,,,11:27 PM
YH2qJ6zBX3WRNZhc,2,wipe,2:35,155,60670,Grim Batol,Grim Batol,,,11:30 PM
YH2qJ6zBX3WRNZhc,3,wipe,2:52,172,60670,Grim Batol,Grim Batol,,,11:32 PM
YH2qJ6zBX3WRNZhc,4,wipe,1:45,105,60670,Grim Batol,Grim Batol,,,11:35 PM
PrNFWyz8k9JRTchK,1,wipe,2:48,168,60670,Grim Batol,Grim Batol,,,11:19 PM
PrNFWyz8k9JRTchK,2,wipe,1:52,112,60670,Grim Batol,Grim Batol,,,11:22 PM
PrNFWyz8k9JRTchK,1,wipe,2:48,168,60670,Grim Batol,Grim Batol,,,11:19 PM
PrNFWyz8k9JRTchK,2,wipe,1:52,112,60670,Grim Batol,Grim Batol,,,11:22 PM
QxNVk8tB2zvnPC4J,2,wipe,1:55,115,60670,Grim Batol,Grim Batol,,,10:53 PM
QxNVk8tB2zvnPC4J,3,wipe,3:06,186,60670,Grim Batol,Grim Batol,,,10:55 PM
QxNVk8tB2zvnPC4J,4,wipe,4:12,252,60670,Grim Batol,Grim Batol,,,10:58 PM
QxNVk8tB2zvnPC4J,2,wipe,1:55,115,60670,Grim Batol,Grim Batol,,,10:53 PM
QxNVk8tB2zvnPC4J,3,wipe,3:06,186,60670,Grim Batol,Grim Batol,,,10:55 PM
QxNVk8tB2zvnPC4J,4,wipe,4:12,252,60670,Grim Batol,Grim Batol,,,10:58 PM
rtkVv3FwHhTMyCL6,,kill,32:17,1937,60670,Grim Batol,Grim Batol,7,Xal'atath's Bargain: Ascendant,3:09 AM
tjQfnkz4CZv6rFVH,,wipe,29:06,1746,60670,Grim Batol,Grim Batol,7,Xal'atath's Bargain: Ascendant,1:59 AM
kpc6BZJPDadt9M2X,1,kill,27:00,1620,60670,Grim Batol,Grim Batol,,,2:18 PM
kpc6BZJPDadt9M2X,2,wipe,0:15,15,60670,Grim Batol,Grim Batol,,,2:45 PM
wrPCDTcK9AXGyHhp,,kill,26:32,1592,60670,Grim Batol,Grim Batol,10,Xal'atath's Bargain: Frenzied,8:54 AM
KLT7JBjZp1dytDC6,5,kill,1:16:11,4571,60670,Grim Batol,Grim Batol,,,12:35 AM
KLT7JBjZp1dytDC6,4,wipe,0:00,0,60670,Grim Batol,Grim Batol,,,12:34 AM
KLT7JBjZp1dytDC6,6,wipe,1:26,86,60670,Grim Batol,Grim Batol,,,1:53 AM
KLT7JBjZp1dytDC6,4,wipe,0:00,0,60670,Grim Batol,Grim Batol,,,12:34 AM
KLT7JBjZp1dytDC6,6,wipe,1:26,86,60670,Grim Batol,Grim Batol,,,1:53 AM
RJGgjQ6VktazY2b3,1,wipe,2:19,139,60670,Grim Batol,Grim Batol,,,10:07 AM
RJGgjQ6VktazY2b3,2,wipe,4:51,291,60670,Grim Batol,Grim Batol,,,10:09 AM
RJGgjQ6VktazY2b3,3,wipe,1:58,118,60670,Grim Batol,Grim Batol,,,10:14 AM
RJGgjQ6VktazY2b3,1,wipe,2:19,139,60670,Grim Batol,Grim Batol,,,10:07 AM
RJGgjQ6VktazY2b3,2,wipe,4:51,291,60670,Grim Batol,Grim Batol,,,10:09 AM
RJGgjQ6VktazY2b3,3,wipe,1:58,118,60670,Grim Batol,Grim Batol,,,10:14 AM
qvZJXg26xkAmCDzF,,wipe,2:02,122,60670,Grim Batol,Grim Batol,7,Xal'atath's Bargain: Frenzied,9:58 AM
4GC3kDJFNaX2Tydq,1,wipe,3:19,199,60670,Grim Batol,Grim Batol,,,9:38 AM
4GC3kDJFNaX2Tydq,2,wipe,3:06,186,60670,Grim Batol,Grim Batol,,,9:41 AM
4GC3kDJFNaX2Tydq,3,wipe,2:30,150,60670,Grim Batol,Grim Batol,,,9:44 AM
4GC3kDJFNaX2Tydq,4,wipe,2:24,144,60670,Grim Batol,Grim Batol,,,9:46 AM
4GC3kDJFNaX2Tydq,5,wipe,1:56,116,60670,Grim Batol,Grim Batol,,,9:49 AM
4GC3kDJFNaX2Tydq,1,wipe,3:19,199,60670,Grim Batol,Grim Batol,,,9:38 AM
4GC3kDJFNaX2Tydq,2,wipe,3:06,186,60670,Grim Batol,Grim Batol,,,9:41 AM
4GC3kDJFNaX2Tydq,3,wipe,2:30,150,60670,Grim Batol,Grim Batol,,,9:44 AM
4GC3kDJFNaX2Tydq,4,wipe,2:24,144,60670,Grim Batol,Grim Batol,,,9:46 AM
4GC3kDJFNaX2Tydq,5,wipe,1:56,116,60670,Grim Batol,Grim Batol,,,9:49 AM
HGf4ynxj1tWXQCDJ,,kill,30:14,1814,60670,Grim Batol,Grim Batol,3,Xal'atath's Bargain: Frenzied,5:02 AM
zyxj64DmMFhGZfkn,,wipe,3:01,181,60670,Grim Batol,Grim Batol,3,Xal'atath's Bargain: Frenzied,4:39 AM
3NjTCDXtkKwcRzMB,,kill,25:12,1512,60670,Grim Batol,Grim Batol,3,Xal'atath's Bargain: Ascendant,4:05 AM
NhB1fFzqjLt6m9rJ,,wipe,28:17,1697,60670,Grim Batol,Grim Batol,2,Xal'atath's Bargain: Ascendant,4:29 AM
MBXpZ6DRb2jwWTFG,,wipe,14:45,885,60670,Grim Batol,Grim Batol,3,Xal'atath's Bargain: Ascendant,12:20 AM
KmBfhZ4DL1qwPb3d,,kill,15:34,934,60670,Grim Batol,Grim Batol,10,Xal'atath's Bargain: Frenzied,3:31 PM
aH8nh92LGrjRxyNM,,kill,37:13,2233,60670,Grim Batol,Grim Batol,10,Xal'atath's Bargain: Frenzied,2:44 PM
q2bvB3hMzgnmYCyR,1,kill,35:30,2130,60670,Grim Batol,Grim Batol,,,6:57 PM
q2bvB3hMzgnmYCyR,2,wipe,0:45,45,60670,Grim Batol,Grim Batol,,,7:40 PM
7qVhAdQJxybmg16H,12,kill,35:30,2130,60670,Grim Batol,Grim Batol,,,6:57 PM
7qVhAdQJxybmg16H,13,wipe,3:10,190,60670,Grim Batol,Grim Batol,,,7:40 PM
7qVhAdQJxybmg16H,14,wipe,5:57,357,60670,Grim Batol,Grim Batol,,,7:43 PM
7qVhAdQJxybmg16H,15,wipe,4:30,270,60670,Grim Batol,Grim Batol,,,7:49 PM
7qVhAdQJxybmg16H,13,wipe,3:10,190,60670,Grim Batol,Grim Batol,,,7:40 PM
7qVhAdQJxybmg16H,14,wipe,5:57,357,60670,Grim Batol,Grim Batol,,,7:43 PM
7qVhAdQJxybmg16H,15,wipe,4:30,270,60670,Grim Batol,Grim Batol,,,7:49 PM
QkHLY3bPRFfmWgnV,1,kill,32:48,1968,60670,Grim Batol,Grim Batol,,,3:20 PM
QkHLY3bPRFfmWgnV,2,wipe,0:15,15,60670,Grim Batol,Grim Batol,,,3:55 PM
x6gZXMDNVLz4Rd3y,,wipe,1:14:47,4487,60670,Grim Batol,Grim Batol,10,Xal'atath's Bargain: Frenzied,2:09 PM
xpPH3ty71F6n8WJf,,kill,37:28,2248,60670,Grim Batol,Grim Batol,4,Fortified,5:35 PM
Kb9rVBAFz3T2dxNW,6,kill,39:38,2378,60670,Grim Batol,Grim Batol,,,2:47 PM
Kb9rVBAFz3T2dxNW,7,wipe,0:53,53,60670,Grim Batol,Grim Batol,,,3:28 PM
JTkK6Lry84txMV79,10,kill,1:20:13,4813,60670,Grim Batol,Grim Batol,,,4:10 PM
JTkK6Lry84txMV79,12,kill,1:20:43,4843,60670,Grim Batol,Grim Batol,,,5:52 PM
JTkK6Lry84txMV79,9,wipe,11:17,677,60670,Grim Batol,Grim Batol,,,3:58 PM
JTkK6Lry84txMV79,11,wipe,0:53,53,60670,Grim Batol,Grim Batol,,,5:31 PM
JTkK6Lry84txMV79,9,wipe,11:17,677,60670,Grim Batol,Grim Batol,,,3:58 PM
JTkK6Lry84txMV79,11,wipe,0:53,53,60670,Grim Batol,Grim Batol,,,5:31 PM
N7dT6GwAxckWjBKZ,,kill,40:47,2447,60670,Grim Batol,Grim Batol,3,Xal'atath's Bargain: Ascendant,11:32 AM
KaHtZXg8zpmr9dkb,,kill,39:30,2370,60670,Grim Batol,Grim Batol,5,Xal'atath's Bargain: Ascendant,8:10 AM
Ca2MQh9HyPX1nqdB,,wipe,15:53,953,60670,Grim Batol,Grim Batol,3,Xal'atath's Bargain: Ascendant,7:24 AM
NH8j2fZYJWPnByLT,17,kill,1:06:07,3967,60670,Grim Batol,Grim Batol,,,11:40 PM
NH8j2fZYJWPnByLT,21,wipe,0:26,26,60670,Grim Batol,Grim Batol,,,12:51 AM
mgWMGDh9NxaV8Q4d,1,kill,34:31,2071,60670,Grim Batol,Grim Batol,,,11:11 PM
mgWMGDh9NxaV8Q4d,3,wipe,0:33,33,60670,Grim Batol,Grim Batol,,,11:47 PM
z8px1tdCFgKfAwyD,4,kill,1:01:13,3673,60670,Grim Batol,Grim Batol,,,7:07 PM
z8px1tdCFgKfAwyD,6,wipe,1:40,100,60670,Grim Batol,Grim Batol,,,8:09 PM
kA91jm4g67fPGMtz,,kill,44:49,2689,60670,Grim Batol,Grim Batol,3,Xal'atath's Bargain: Frenzied,7:52 AM
TRa2PftQCYNwHKAy,1,kill,25:59,1559,60670,Grim Batol,Grim Batol,,,9:59 PM
TRa2PftQCYNwHKAy,3,wipe,0:20,20,60670,Grim Batol,Grim Batol,,,10:27 PM
aTHmfFGYZ8AwVp4j,1,kill,29:17,1757,60670,Grim Batol,Grim Batol,,,12:42 AM
aTHmfFGYZ8AwVp4j,4,wipe,0:18,18,60670,Grim Batol,Grim Batol,,,1:14 AM
Hzx3tfBJvWPNgqRC,,wipe,13:45,825,60670,Grim Batol,Grim Batol,4,Xal'atath's Bargain: Frenzied,2:15 AM
LFmNw7gJ398bta1c,,kill,31:26,1886,60670,Grim Batol,Grim Batol,4,Xal'atath's Bargain: Frenzied,12:06 AM
6Y1dCKqmNwzp93nX,,wipe,28:21,1701,60670,Grim Batol,Grim Batol,10,Xal'atath's Bargain: Frenzied,10:25 PM
gVTYCBWnGJHK3hwX,2,kill,59:27,3567,60670,Grim Batol,Grim Batol,,,12:50 AM
gVTYCBWnGJHK3hwX,4,wipe,1:25,85,60670,Grim Batol,Grim Batol,,,1:51 AM
QcN9n2mVG4B1hZxH,1,kill,33:48,2028,60670,Grim Batol,Grim Batol,,,5:07 AM
QcN9n2mVG4B1hZxH,2,wipe,0:30,30,60670,Grim Batol,Grim Batol,,,5:43 AM
RrdFhzP8GBCfkMmv,1,kill,32:50,1970,60670,Grim Batol,Grim Batol,,,12:58 AM
RrdFhzP8GBCfkMmv,4,wipe,0:22,22,60670,Grim Batol,Grim Batol,,,1:33 AM
p6PDVtqTmr1M4AvX,,wipe,18:33,1113,60670,Grim Batol,Grim Batol,4,Fortified,4:37 AM
HpPhdmFKAavW6wGj,,kill,43:12,2592,60670,Grim Batol,Grim Batol,2,Xal'atath's Bargain: Frenzied,10:55 PM
W9BmwHh78xrMNdnP,2,kill,36:12,2172,60670,Grim Batol,Grim Batol,,,8:46 AM
W9BmwHh78xrMNdnP,3,wipe,0:19,19,60670,Grim Batol,Grim Batol,,,9:24 AM
kPCKaF9GdLwHMJtT,,kill,26:08,1568,60670,Grim Batol,Grim Batol,3,Xal'atath's Bargain: Ascendant,5:46 AM
VDtmYR4pkCGXbyaQ,,wipe,52:52,3172,60670,Grim Batol,Grim Batol,10,Xal'atath's Bargain: Ascendant,10:27 PM
1MGxgQcN9fyKvwTJ,,kill,44:22,2662,60670,Grim Batol,Grim Batol,3,Xal'atath's Bargain: Ascendant,6:09 PM
3j8cvhLwpKHWJQ62,,kill,44:22,2662,60670,Grim Batol,Grim Batol,3,Xal'atath's Bargain: Ascendant,6:09 PM
bV1L3TrGgvFQzmPy,,kill,49:22,2962,60670,Grim Batol,Grim Batol,3,Xal'atath's Bargain: Ascendant,2:05 PM
AMF1DqYCkcvBn3Kj,,wipe,13:42,822,60670,Grim Batol,Grim Batol,3,Xal'atath's Bargain: Ascendant,6:33 AM
1YRjwCybrWTcKqJ9,,kill,22:43,1363,60670,Grim Batol,Grim Batol,3,Xal'atath's Bargain: Ascendant,3:44 AM
yxVX6jc9zmQB27ZW,1,kill,29:17,1757,60670,Grim Batol,Grim Batol,,,12:42 AM
yxVX6jc9zmQB27ZW,4,wipe,0:18,18,60670,Grim Batol,Grim Batol,,,1:14 AM
Vk8rzZKp1MbR2HCx,1,kill,29:17,1757,60670,Grim Batol,Grim Batol,,,12:42 AM
Vk8rzZKp1MbR2HCx,4,wipe,0:18,18,60670,Grim Batol,Grim Batol,,,1:14 AM
KYDF6WxB94TabVGL,,kill,35:09,2109,60670,Grim Batol,Grim Batol,4,Tyrannical,7:21 PM
gkbmwGTaxNzjr6vK,,kill,27:14,1634,60670,Grim Batol,Grim Batol,3,Fortified,5:03 AM
9W2kNARtZhxTmjHn,,kill,28:24,1704,60670,Grim Batol,Grim Batol,7,Fortified,3:19 AM
LXJAmHtjWT1nx2M9,,wipe,3:40,220,60670,Grim Batol,Grim Batol,10,Fortified,6:08 PM
GBnd69rJFcygkRNL,,kill,37:26,2246,60670,Grim Batol,Grim Batol,10,Tyrannical,1:39 PM
R31dmNqxAhMKF8yQ,2,kill,37:25,2245,60670,Grim Batol,Grim Batol,,,1:39 PM
R31dmNqxAhMKF8yQ,1,wipe,9:37,577,60670,Grim Batol,Grim Batol,,,12:50 PM
JvH9h8NwnQjPK7CA,,kill,27:12,1632,60670,Grim Batol,Grim Batol,3,Fortified,3:24 AM
NVLyXAtGYwb7DqhK,,kill,25:41,1541,60670,Grim Batol,Grim Batol,4,Fortified,1:49 AM
BYZdTPhA7mL9wgja,,kill,23:47,1427,60670,Grim Batol,Grim Batol,8,Fortified,10:16 PM
jpGYMJ43TwKagcnX,,kill,21:54,1314,60670,Grim Batol,Grim Batol,6,Tyrannical,6:44 PM
4GwXL6xPfFWZRYQB,10,kill,23:43,1423,60670,Grim Batol,Grim Batol,,,8:14 PM
4GwXL6xPfFWZRYQB,9,wipe,26:59,1619,60670,Grim Batol,Grim Batol,,,7:47 PM
gN8GMkQ2bBdx6VHf,,kill,29:54,1794,60670,Grim Batol,Grim Batol,5,Fortified,4:00 PM
f6bC1qcQavXZprGA,1,wipe,5:34,334,60670,Grim Batol,Grim Batol,,,12:55 PM
f6bC1qcQavXZprGA,2,wipe,22:42,1362,60670,Grim Batol,Grim Batol,,,1:01 PM
f6bC1qcQavXZprGA,1,wipe,5:34,334,60670,Grim Batol,Grim Batol,,,12:55 PM
f6bC1qcQavXZprGA,2,wipe,22:42,1362,60670,Grim Batol,Grim Batol,,,1:01 PM
qBJcPDGFynCrWYz6,1,wipe,6:45,405,60670,Grim Batol,Grim Batol,,,2:22 PM
qBJcPDGFynCrWYz6,2,wipe,6:00,360,60670,Grim Batol,Grim Batol,,,2:29 PM
qBJcPDGFynCrWYz6,3,wipe,7:30,450,60670,Grim Batol,Grim Batol,,,2:35 PM
qBJcPDGFynCrWYz6,4,wipe,2:52,172,60670,Grim Batol,Grim Batol,,,2:42 PM
qBJcPDGFynCrWYz6,1,wipe,6:45,405,60670,Grim Batol,Grim Batol,,,2:22 PM
qBJcPDGFynCrWYz6,2,wipe,6:00,360,60670,Grim Batol,Grim Batol,,,2:29 PM
qBJcPDGFynCrWYz6,3,wipe,7:30,450,60670,Grim Batol,Grim Batol,,,2:35 PM
qBJcPDGFynCrWYz6,4,wipe,2:52,172,60670,Grim Batol,Grim Batol,,,2:42 PM
DwBQYLbdm1GArygz,,kill,46:32,2792,60670,Grim Batol,Grim Batol,4,Fortified,12:27 PM
av6JV7mpLjMHrbdF,11,kill,24:04,1444,60670,Grim Batol,Grim Batol,,,12:51 AM
av6JV7mpLjMHrbdF,12,wipe,0:17,17,60670,Grim Batol,Grim Batol,,,1:16 AM
YAKTgvZGqdHmRJkB,,kill,27:17,1637,60670,Grim Batol,Grim Batol,4,Fortified,8:10 AM
4xkR1pqnAwKYg8PG,,kill,31:44,1904,60670,Grim Batol,Grim Batol,6,Fortified,6:19 AM
YVLwJbFzK4tTPNgj,2,kill,26:12,1572,60670,Grim Batol,Grim Batol,,,6:01 AM
YVLwJbFzK4tTPNgj,1,wipe,7:27,447,60670,Grim Batol,Grim Batol,,,5:54 AM
QMjtwV7np6m1x98J,,wipe,0:59,59,60670,Grim Batol,Grim Batol,3,Fortified,5:48 AM
fZPA6VJ3GydKDvkQ,,kill,28:30,1710,60670,Grim Batol,Grim Batol,3,Fortified,4:06 AM
NZpA6x4Q8r7VDXWF,,kill,27:21,1641,60670,Grim Batol,Grim Batol,5,Fortified,8:24 PM
hCwLkBvMqRdcPAJY,,kill,34:36,2076,60670,Grim Batol,Grim Batol,3,Fortified,9:53 PM
M69tx2gfHPWLCjmy,1,kill,43:40,2620,60670,Grim Batol,Grim Batol,,,8:52 PM
M69tx2gfHPWLCjmy,2,wipe,0:33,33,60670,Grim Batol,Grim Batol,,,9:37 PM
bK7tJAMdH3NzrTWk,,wipe,4:47,287,60670,Grim Batol,Grim Batol,5,Fortified,8:24 PM
8xrqcFK31W6YA9By,,kill,19:44,1184,60670,Grim Batol,Grim Batol,3,Tyrannical,3:40 PM
WMjYGCBv4KA3DxTF,,kill,20:16,1216,60670,Grim Batol,Grim Batol,4,Tyrannical,1:56 PM
84t7RCwY2xpFGhkf,3,wipe,0:58,58,60670,Grim Batol,Grim Batol,,,8:51 AM
84t7RCwY2xpFGhkf,4,wipe,2:16,136,60670,Grim Batol,Grim Batol,,,8:52 AM
84t7RCwY2xpFGhkf,3,wipe,0:58,58,60670,Grim Batol,Grim Batol,,,8:51 AM
84t7RCwY2xpFGhkf,4,wipe,2:16,136,60670,Grim Batol,Grim Batol,,,8:52 AM
qWnk4MQJyVDRj27Z,,kill,30:16,1816,60670,Grim Batol,Grim Batol,4,Tyrannical,5:59 AM
KPdr3MfLaQqnZDxt,,kill,39:38,2378,60670,Grim Batol,Grim Batol,6,Tyrannical,2:18 AM
Gct3JCrgbY1pDX72,,wipe,35:07,2107,60670,Grim Batol,Grim Batol,3,Tyrannical,3:24 AM
Mptj64wTvKGFPXma,,kill,31:08,1868,60670,Grim Batol,Grim Batol,2,Fortified,12:34 AM
fL6pRwQK1qJjg4NT,,kill,27:08,1628,60670,Grim Batol,Grim Batol,6,Tyrannical,11:06 PM
2XbDyAVTPQ1C6ptj,4,kill,1:14:05,4445,60670,Grim Batol,Grim Batol,,,9:50 PM
2XbDyAVTPQ1C6ptj,3,wipe,14:15,855,60670,Grim Batol,Grim Batol,,,9:33 PM
YkDZXNfJcLwbyxBn,,wipe,11:56,716,60670,Grim Batol,Grim Batol,3,Fortified,9:33 PM
pcg4TkKx2anNJjM9,,wipe,0:00,0,60670,Grim Batol,Grim Batol,6,Fortified,1:55 AM
f9XTWB4LJtMGA2pF,,wipe,0:00,0,60670,Grim Batol,Grim Batol,4,Tyrannical,5:49 PM
fqHJj6xLTA41Xn3z,,kill,40:13,2413,60670,Grim Batol,Grim Batol,4,Tyrannical,5:49 PM
XPjrMQHtCxvTNAqb,,kill,23:29,1409,60670,Grim Batol,Grim Batol,3,Fortified,4:05 PM
jbzvV49cygR7dNxC,3,kill,25:46,1546,60670,Grim Batol,Grim Batol,,,3:22 PM
jbzvV49cygR7dNxC,6,wipe,10:27,627,60670,Grim Batol,Grim Batol,,,4:05 PM
4hty9HJp3KmXAYGT,,kill,33:22,2002,60670,Grim Batol,Grim Batol,3,Fortified,3:34 PM
47K9C1HDBzNtLGYp,5,wipe,7:11,431,60670,Grim Batol,Grim Batol,,,2:04 PM
47K9C1HDBzNtLGYp,6,wipe,3:24,204,60670,Grim Batol,Grim Batol,,,2:12 PM
47K9C1HDBzNtLGYp,7,wipe,10:23,623,60670,Grim Batol,Grim Batol,,,2:15 PM
47K9C1HDBzNtLGYp,8,wipe,15:22,922,60670,Grim Batol,Grim Batol,,,2:27 PM
47K9C1HDBzNtLGYp,12,wipe,4:14,254,60670,Grim Batol,Grim Batol,,,3:26 PM
47K9C1HDBzNtLGYp,13,wipe,4:20,260,60670,Grim Batol,Grim Batol,,,3:31 PM
47K9C1HDBzNtLGYp,5,wipe,7:11,431,60670,Grim Batol,Grim Batol,,,2:04 PM
47K9C1HDBzNtLGYp,6,wipe,3:24,204,60670,Grim Batol,Grim Batol,,,2:12 PM
47K9C1HDBzNtLGYp,7,wipe,10:23,623,60670,Grim Batol,Grim Batol,,,2:15 PM
47K9C1HDBzNtLGYp,8,wipe,15:22,922,60670,Grim Batol,Grim Batol,,,2:27 PM
47K9C1HDBzNtLGYp,12,wipe,4:14,254,60670,Grim Batol,Grim Batol,,,3:26 PM
47K9C1HDBzNtLGYp,13,wipe,4:20,260,60670,Grim Batol,Grim Batol,,,3:31 PM
XG4yztRAgK3NM8Tq,,wipe,29:41,1781,60670,Grim Batol,Grim Batol,3,Fortified,1:28 PM
k28ZfnFgxzhJMHq4,4,kill,30:23,1823,60670,Grim Batol,Grim Batol,,,7:30 PM
k28ZfnFgxzhJMHq4,1,wipe,2:02,122,60670,Grim Batol,Grim Batol,,,7:20 PM
k28ZfnFgxzhJMHq4,2,wipe,1:37,97,60670,Grim Batol,Grim Batol,,,7:23 PM
k28ZfnFgxzhJMHq4,3,wipe,5:48,348,60670,Grim Batol,Grim Batol,,,7:24 PM
k28ZfnFgxzhJMHq4,1,wipe,2:02,122,60670,Grim Batol,Grim Batol,,,7:20 PM
k28ZfnFgxzhJMHq4,2,wipe,1:37,97,60670,Grim Batol,Grim Batol,,,7:23 PM
k28ZfnFgxzhJMHq4,3,wipe,5:48,348,60670,Grim Batol,Grim Batol,,,7:24 PM
6YXN2gpTAdt37fvW,1,wipe,1:48,108,60670,Grim Batol,Grim Batol,,,12:20 PM
6YXN2gpTAdt37fvW,2,wipe,0:00,0,60670,Grim Batol,Grim Batol,,,12:23 PM
6YXN2gpTAdt37fvW,3,wipe,5:43,343,60670,Grim Batol,Grim Batol,,,12:23 PM
6YXN2gpTAdt37fvW,4,wipe,4:32,272,60670,Grim Batol,Grim Batol,,,12:29 PM
6YXN2gpTAdt37fvW,5,wipe,3:24,204,60670,Grim Batol,Grim Batol,,,12:33 PM
6YXN2gpTAdt37fvW,6,wipe,1:35,95,60670,Grim Batol,Grim Batol,,,12:37 PM
6YXN2gpTAdt37fvW,7,wipe,6:09,369,60670,Grim Batol,Grim Batol,,,12:38 PM
6YXN2gpTAdt37fvW,8,wipe,5:34,334,60670,Grim Batol,Grim Batol,,,12:45 PM
6YXN2gpTAdt37fvW,9,wipe,2:21,141,60670,Grim Batol,Grim Batol,,,12:50 PM
6YXN2gpTAdt37fvW,10,wipe,5:09,309,60670,Grim Batol,Grim Batol,,,12:53 PM
6YXN2gpTAdt37fvW,1,wipe,1:48,108,60670,Grim Batol,Grim Batol,,,12:20 PM
6YXN2gpTAdt37fvW,2,wipe,0:00,0,60670,Grim Batol,Grim Batol,,,12:23 PM
6YXN2gpTAdt37fvW,3,wipe,5:43,343,60670,Grim Batol,Grim Batol,,,12:23 PM
6YXN2gpTAdt37fvW,4,wipe,4:32,272,60670,Grim Batol,Grim Batol,,,12:29 PM
6YXN2gpTAdt37fvW,5,wipe,3:24,204,60670,Grim Batol,Grim Batol,,,12:33 PM
6YXN2gpTAdt37fvW,6,wipe,1:35,95,60670,Grim Batol,Grim Batol,,,12:37 PM
6YXN2gpTAdt37fvW,7,wipe,6:09,369,60670,Grim Batol,Grim Batol,,,12:38 PM
6YXN2gpTAdt37fvW,8,wipe,5:34,334,60670,Grim Batol,Grim Batol,,,12:45 PM
6YXN2gpTAdt37fvW,9,wipe,2:21,141,60670,Grim Batol,Grim Batol,,,12:50 PM
6YXN2gpTAdt37fvW,10,wipe,5:09,309,60670,Grim Batol,Grim Batol,,,12:53 PM
QZRVbwg1FKMhrB3N,1,wipe,7:54,474,60670,Grim Batol,Grim Batol,,,11:49 AM
QZRVbwg1FKMhrB3N,2,wipe,6:22,382,60670,Grim Batol,Grim Batol,,,11:57 AM
QZRVbwg1FKMhrB3N,3,wipe,3:55,235,60670,Grim Batol,Grim Batol,,,12:04 PM
QZRVbwg1FKMhrB3N,1,wipe,7:54,474,60670,Grim Batol,Grim Batol,,,11:49 AM
QZRVbwg1FKMhrB3N,2,wipe,6:22,382,60670,Grim Batol,Grim Batol,,,11:57 AM
QZRVbwg1FKMhrB3N,3,wipe,3:55,235,60670,Grim Batol,Grim Batol,,,12:04 PM
y4CjQzMRZpYtqbTP,3,wipe,5:21,321,60670,Grim Batol,Grim Batol,,,11:18 AM
y4CjQzMRZpYtqbTP,4,wipe,10:06,606,60670,Grim Batol,Grim Batol,,,11:24 AM
y4CjQzMRZpYtqbTP,5,wipe,2:22,142,60670,Grim Batol,Grim Batol,,,11:34 AM
y4CjQzMRZpYtqbTP,3,wipe,5:21,321,60670,Grim Batol,Grim Batol,,,11:18 AM
y4CjQzMRZpYtqbTP,4,wipe,10:06,606,60670,Grim Batol,Grim Batol,,,11:24 AM
y4CjQzMRZpYtqbTP,5,wipe,2:22,142,60670,Grim Batol,Grim Batol,,,11:34 AM
vmjPY4KHhf3JMdV7,1,kill,26:54,1614,60670,Grim Batol,Grim Batol,,,5:19 AM
vmjPY4KHhf3JMdV7,2,wipe,0:00,0,60670,Grim Batol,Grim Batol,,,5:46 AM
LJRVaBQ7xrMh2mn6,,kill,31:00,1860,60670,Grim Batol,Grim Batol,3,Fortified,1:50 AM
CYqrMXfFZRWjdct3,3,kill,24:16,1456,60670,Grim Batol,Grim Batol,,,4:13 AM
CYqrMXfFZRWjdct3,4,wipe,0:00,0,60670,Grim Batol,Grim Batol,,,4:38 AM
ynMH8qCvRf64DBYG,,kill,23:01,1381,60670,Grim Batol,Grim Batol,3,Fortified,3:23 AM
nX1M2fJ9FaTh3tZw,,kill,36:34,2194,60670,Grim Batol,Grim Batol,3,Fortified,2:17 AM
vz8yHmXYRP7FxVW4,1,kill,31:26,1886,60670,Grim Batol,Grim Batol,,,1:10 AM
vz8yHmXYRP7FxVW4,2,wipe,0:00,0,60670,Grim Batol,Grim Batol,,,1:41 AM
4XxWtLD9cG3yRd2T,,kill,30:08,1808,60670,Grim Batol,Grim Batol,3,Fortified,2:09 AM
6zZQ47qc1dLJFgfD,1,kill,25:59,1559,60670,Grim Batol,Grim Batol,,,9:59 PM
6zZQ47qc1dLJFgfD,3,wipe,0:20,20,60670,Grim Batol,Grim Batol,,,10:27 PM
Abjnf4NwGm7Lh2R8,2,kill,31:26,1886,60670,,,,,1:10 AM
Abjnf4NwGm7Lh2R8,1,wipe,0:00,0,60670,,,,,1:05 AM
Abjnf4NwGm7Lh2R8,3,wipe,0:00,0,60670,,,,,1:41 AM
Abjnf4NwGm7Lh2R8,1,wipe,0:00,0,60670,,,,,1:05 AM
Abjnf4NwGm7Lh2R8,3,wipe,0:00,0,60670,,,,,1:41 AM
HQnrXFcKj8TBzCwJ,2,kill,40:29,2429,60670,Grim Batol,Grim Batol,,,12:27 AM
HQnrXFcKj8TBzCwJ,3,wipe,0:00,0,60670,Grim Batol,Grim Batol,,,1:07 AM
aQr498gKPhkmcVCA,,kill,31:15,1875,60670,Grim Batol,Grim Batol,3,Fortified,12:51 AM
YTt8DAhc6damF3w9,,kill,33:44,2024,60670,Grim Batol,Grim Batol,4,Fortified,11:37 PM
vwGK7DA3nzkC4mBM,,wipe,19:11,1151,60670,Grim Batol,Grim Batol,4,Fortified,11:32 PM
yj69GTRagwbx7rHJ,2,kill,34:19,2059,60670,Grim Batol,Grim Batol,,,11:24 PM
yj69GTRagwbx7rHJ,3,wipe,0:00,0,60670,Grim Batol,Grim Batol,,,11:59 PM
k2rHwqMyxdf8CY91,,kill,38:19,2299,60670,Grim Batol,Grim Batol,5,Fortified,10:57 PM
tnC1FacZkB6xh4jK,1,kill,35:49,2149,60670,Grim Batol,Grim Batol,,,10:51 PM
tnC1FacZkB6xh4jK,2,wipe,0:00,0,60670,Grim Batol,Grim Batol,,,11:27 PM
WGfRxD1hYLmd8jt6,,kill,24:48,1488,60670,Grim Batol,Grim Batol,3,Fortified,9:16 PM
8aXDr3Jng2Kv1zwx,,kill,31:43,1903,60670,Grim Batol,Grim Batol,3,,7:26 PM
HLDrqc3bxTP6aA8C,3,kill,23:29,1409,60670,Grim Batol,Grim Batol,,,11:19 PM
HLDrqc3bxTP6aA8C,7,wipe,1:33,93,60670,Grim Batol,Grim Batol,,,11:46 PM
w1vGhktmYCzdjxA3,3,kill,23:29,1409,60670,Grim Batol,Grim Batol,,,11:19 PM
w1vGhktmYCzdjxA3,7,wipe,1:33,93,60670,Grim Batol,Grim Batol,,,11:46 PM
