GUID,Description,Guild,Owner,Visibility,UploadedAsEpoch,UploadedAsDateTime,DurationAsEpoch,DurationAsTime
XFKPjqdfJVcRYHMG,Mythic+ Season 3,Personal Logs,crippa1337,Public,1754395037,"August 5, 2025 1:57 PM",000004334867,an hour
7LKgDPfNYrXC1jwq,ptr LAST DAY before patch,Personal Logs,Zorjeff,Public,1754364773,"August 5, 2025 5:32 AM",000034151776,9 hours
B3pn2x94AchwbL86,ptr,Personal Logs,Vorty,Public,1754362301,"August 5, 2025 4:51 AM",000006784632,2 hours
y8ZV7YXnNG9raWxv,250805 Al’dani +16 MM,Personal Logs,Umbrellas,Public,1754360723,"August 5, 2025 4:25 AM",000001973339,33 minutes
ZChrzxwgYj92cnv8,m+,Personal Logs,Phycoz,Public,1754354858,"August 5, 2025 2:47 AM",000001508571,25 minutes
8CG3TZLr4wBFnRQK,14 eco,Personal Logs,Nice,Public,1754354770,"August 5, 2025 2:46 AM",000004638038,an hour
9aCktvPc4MD8xG2h,m+ ptr monday 04/08,Personal Logs,TomElvis,Public,1754350496,"August 5, 2025 1:34 AM",000011264602,3 hours
Pft9kVcwp48ra7yK,keys,Personal Logs,karlosdeklerk,Public,1754341563,"August 4, 2025 11:06 PM",000010799482,3 hours
DcBN1vzKWHCpJY6G,Mythic+ Season 3,Personal Logs,Yegu,Public,1754340387,"August 4, 2025 10:46 PM",000006146808,2 hours
GTfLc9mhaZzApdrg,Mythic+ Season 3,Personal Logs,Gio_KW,Public,1754338055,"August 4, 2025 10:07 PM",000012050154,3 hours
GXd7MpQ1gT3DxZ2W,Mythic+ Season 3,Personal Logs,chaseddaway,Public,1754332141,"August 4, 2025 8:29 PM",000008670196,2 hours
kx7TMD2fWFA18bJr,m+ ptr 04/08/2025,Personal Logs,Trinitehh,Public,1754331532,"August 4, 2025 8:18 PM",000002303547,38 minutes
NDKbxWCh6L1yFX23,Mythic+ Season 3,Personal Logs,Wordpudding,Public,1754325180,"August 4, 2025 6:33 PM",000004935126,an hour
qarMPC6xpAQVBgb7,17圆顶(cjq),Personal Logs,美团搜担担面,Public,1754324659,"August 4, 2025 6:24 PM",000012819769,4 hours
XGycfP9HqtTkRVg3,DKT 17圆顶16天街,Personal Logs,Windfire,Public,1754324643,"August 4, 2025 6:24 PM",000005097905,an hour
XqnGamD6kAcy7RNw,trying to aug,Personal Logs,corrisx3,Public,1754322536,"August 4, 2025 5:48 PM",000008453342,2 hours
tPpqnVGcKaFY4zXr,Mythic+ Season 3,Personal Logs,dlkey,Public,1754319978,"August 4, 2025 5:06 PM",000008870332,2 hours
DRAZkmHb4YFpW6PJ,DKT 17圆顶17隐修院,Personal Logs,Windfire,Public,1754319095,"August 4, 2025 4:51 PM",000009778892,3 hours
dGchmDzq6xQ4Zwkb,PTR,Personal Logs,Stentyg,Public,1754313232,"August 4, 2025 3:13 PM",000458339240,5 days
2qRQgtBAkVa4XK6j,m+ ptr 04/08/2025,Personal Logs,Trinitehh,Public,1754312475,"August 4, 2025 3:01 PM",000010606077,3 hours
K4CTnAQ7gb2VBFLp,18圆顶（已通关）,Personal Logs,美团搜担担面,Public,1754301467,"August 4, 2025 11:57 AM",000005510308,2 hours
FHMbqBRVrgkhfm2d,Mythic+ Season 3,Personal Logs,Hwoarang,Public,1754301185,"August 4, 2025 11:53 AM",000001346058,22 minutes
hpxQRL6GbcVqNjFk,Mythic+ Season 3,Personal Logs,Yechongyue,Public,1754299945,"August 4, 2025 11:32 AM",000006102190,2 hours
RfG4QgC1Kpt8dTjr,ptr keys,Personal Logs,chantellope,Public,1754297225,"August 4, 2025 10:47 AM",000019202506,5 hours
VhLwxCapAkZzcQjf,Route Testing Night 3,Personal Logs,yoloswagginzbdf,Public,1754286063,"August 4, 2025 7:41 AM",000008610263,2 hours
pDLY4jmrhcgy7KqG,Mythic+ Season 3,Personal Logs,porlix,Public,1754280250,"August 4, 2025 6:04 AM",000007812109,2 hours
2dhFWKt3qMfDQzN1,Mythic+ Season 3,Personal Logs,kaelik14,Public,1754277806,"August 4, 2025 5:23 AM",000002319916,39 minutes
dPvjVZrJTwf9GRYp,Mythic+ Season 3,Personal Logs,EV0luti0nz,Public,1754264641,"August 4, 2025 1:44 AM",000004528874,an hour
2j8hLdZyNaD6GvVm,Mythic+ Season 3,Personal Logs,Xeoo,Public,1754260436,"August 4, 2025 12:33 AM",000010179237,3 hours
mdGTFpCaR2yvL38V,Mythic+ Season 3,Personal Logs,rappr,Public,1754256317,"August 3, 2025 11:25 PM",000004016251,an hour
Gv76tMKa9FCxwmL4,Mythic+ Season 3,Personal Logs,White.d.Okami,Public,1754255155,"August 3, 2025 11:05 PM",000002508174,42 minutes
76tLBFrACW3vYTm1,PTR 03/08/2025,Personal Logs,Trinitehh,Public,1754254279,"August 3, 2025 10:51 PM",000002852942,an hour
34ZtVj8FpDN67gMW,Mythic+ Season 3,Personal Logs,haywiire,Public,1754246373,"August 3, 2025 8:39 PM",000000834442,14 minutes
3xtDgn7XqHMvFRL2,Mythic+ Season 3,Personal Logs,haywiire,Public,1754245928,"August 3, 2025 8:32 PM",000000389752,6 minutes
F3k2Pz4xg8rNCmfJ,m+ ptr sunday 03/08,Personal Logs,TomElvis,Public,1754245230,"August 3, 2025 8:20 PM",000017147616,5 hours
M87dngfC4qcZWVAz,Mythic+ Season 3,Personal Logs,Qiaoling,Public,1754237913,"August 3, 2025 6:18 PM",000015754715,4 hours
RfpZTXP4kDhtAKQB,Mythic+ Season 3,Personal Logs,rappr,Public,1754234217,"August 3, 2025 5:16 PM",000004016251,an hour
QrmtnpbkjJy2DMGw,Mythic+ Season 3,Personal Logs,브론즈사슴쟝,Public,1754233019,"August 3, 2025 4:56 PM",000015766927,4 hours
fZWVzxrtjTBJK4mv,Mythic+ Season 3,Personal Logs,브론즈사슴쟝,Public,1754230914,"August 3, 2025 4:21 PM",000013669435,4 hours
2hdDNw1XZMP9kmrT,Mythic+ Season 3,Personal Logs,jajimentol,Public,1754225874,"August 3, 2025 2:57 PM",000021946530,6 hours
VPTdALC1mRtMFjHw,ptr rsham sunday,Reckoning,Watchouteep,Public,1754221130,"August 3, 2025 1:38 PM",000011278861,3 hours
MXDRcqCp3h28bf6P,Mythic+ Season 3,Personal Logs,MadK0rts,Public,1754219053,"August 3, 2025 1:04 PM",000002413628,40 minutes
xvZYKHfMnjycAWqk,Mythic+ Season 3,Personal Logs,EV0luti0nz,Public,1754215708,"August 3, 2025 12:08 PM",000003736817,an hour
3RZvbfWrHpVCY68y,Mythic+ Season 3,Personal Logs,Sirnoob18,Public,1754214796,"August 3, 2025 11:53 AM",000001521999,25 minutes
NxthQCgFr2DP4AjR,Mythic+ Season 3,Personal Logs,porlix,Public,1754210263,"August 3, 2025 10:37 AM",000012844341,4 hours
MXRyjpBgZxnQPvr3,Mythic+ Season 3,Personal Logs,Boricc,Public,1754202843,"August 3, 2025 8:34 AM",000006118702,2 hours
aqGQH1xmTWd9AjrN,Mythic+ Season 3,Personal Logs,Boricc,Public,1754199204,"August 3, 2025 7:33 AM",000002490365,42 minutes
WJb9cvnCt24G6gph,Mythic+ Season 3,Personal Logs,Dillywow,Public,1754199142,"August 3, 2025 7:32 AM",000029253337,8 hours
FTrZNwYCbtfQy8mK,Mythic+ Season 3,Personal Logs,haywiire,Public,1754197776,"August 3, 2025 7:09 AM",000000405090,7 minutes
hdn6HpBLWMbxmG49,Mythic+ Season 3,Personal Logs,Borrunir,Public,1754197321,"August 3, 2025 7:02 AM",000009590670,3 hours
PTgFVBMKdXQhZb6H,Mythic+ Season 3,Personal Logs,haywiire,Public,1754196337,"August 3, 2025 6:45 AM",000000850477,14 minutes
A9kPB3nZYgW46DHh,Mythic+ Season 3,Personal Logs,belquin,Public,1754196283,"August 3, 2025 6:44 AM",000001822647,30 minutes
h1QWRLn9bCg7yABV,Mythic+ Season 3,Personal Logs,haywiire,Public,1754195856,"August 3, 2025 6:37 AM",000000394575,7 minutes
Hm4nxDvwaQqJp3jW,Mythic+ Season 3,Personal Logs,Boricc,Public,1754195594,"August 3, 2025 6:33 AM",000001858452,31 minutes
CvF1N8yfYPWRMkjd,Mythic+ Season 3,Personal Logs,YoDaTV,Public,1754194899,"August 3, 2025 6:21 AM",000038165533,11 hours
hZQdva3BpxktjJTm,Mythic+ Season 3,Personal Logs,Dee009,Public,1754191880,"August 3, 2025 5:31 AM",000006544400,2 hours
TkCxfbYQ8yR26wKW,14 eco,Personal Logs,Nice,Public,1754190087,"August 3, 2025 5:01 AM",000006435954,2 hours
vYk4GVcbLWHXx8qC,Mythic+ Season 3,Personal Logs,Fracasso,Public,1754190007,"August 3, 2025 5:00 AM",000025580130,7 hours
pKjLZrf4JN6TQdX7,Mythic+ Season 3,Personal Logs,dblev,Public,1754188139,"August 3, 2025 4:28 AM",000004459889,an hour
cPgxTbvpwRHZ4yLX,Mythic+ Season 3,Personal Logs,MadK0rts,Public,1754186277,"August 3, 2025 3:57 AM",000014878198,4 hours
aMK9w4XQ3b2gBq8V,Mythic+ Season 3,Personal Logs,haywiire,Public,1754184162,"August 3, 2025 3:22 AM",000002995010,an hour
jD92nF6g37tcCapW,Mythic+ Season 3,Personal Logs,MioShimo,Public,1754184056,"August 3, 2025 3:20 AM",000007604576,2 hours
aD8XfBGYQbn2tTWR,Mythic+ Season 3,Personal Logs,MadK0rts,Public,1754182632,"August 3, 2025 2:57 AM",000011112384,3 hours
BPYNDHk7xTfZ1z42,Keys,Personal Logs,Jellyph,Public,1754181782,"August 3, 2025 2:43 AM",000003707679,an hour
YvqkRM3WCrdzAjQJ,Mythic+ Season 3,Personal Logs,MioShimo,Public,1754181439,"August 3, 2025 2:37 AM",000004910502,an hour
zxTwjMk3VXtq6v2f,Mythic+ Season 3,Personal Logs,MadK0rts,Public,1754179890,"August 3, 2025 2:11 AM",000008409963,2 hours
jwQHKGXf2zWYbxPD,Mythic+ Season 3,Personal Logs,MadK0rts,Public,1754178256,"August 3, 2025 1:44 AM",000006878376,2 hours
WyzgA29XhbjH8PLF,15 Eco,Personal Logs,Thorrack,Public,1754178132,"August 3, 2025 1:42 AM",000001865740,31 minutes
AzVk6Z7FK2vgQntD,ptr saturday,Personal Logs,Zorjeff,Public,1754178103,"August 3, 2025 1:41 AM",000038789334,11 hours
JjpQbKzwPakq3LAX,Mythic+ Season 3,Personal Logs,Xeoo,Public,1754170344,"August 2, 2025 11:32 PM",000004936271,an hour
xhpkY7qMZd8jDacJ,Mythic+ Season 3,Personal Logs,Gio_KW,Public,1754167405,"August 2, 2025 10:43 PM",000008279638,2 hours
djLcQZHwtqN8WXRM,Mythic+ Season 3,Personal Logs,Gio_KW,Public,1754167322,"August 2, 2025 10:42 PM",000012170464,3 hours
p8mWCJr73DTdynNH,Mythic+ Season 3,Personal Logs,YoDaTV,Public,1754160510,"August 2, 2025 8:48 PM",000033343083,9 hours
Vag8Rw6CGXyxHZKp,Mythic+ Season 3,Personal Logs,전멸입니다,Public,1754152977,"August 2, 2025 6:42 PM",000005141703,an hour
pVrLHdxW1qTgDZYK,Mythic+ Season 3,Personal Logs,전멸입니다,Public,1754152934,"August 2, 2025 6:42 PM",000000600331,10 minutes
dVpJg7GzaCyckDNx,Mythic+ Season 3,Personal Logs,lgp0509csu,Public,1754152901,"August 2, 2025 6:41 PM",000007195342,2 hours
4HWbfrkQTnCxLA2Y,Mythic+ Season 3,Personal Logs,Molemidezhu,Public,1754150711,"August 2, 2025 6:05 PM",000003622189,an hour
HaxZ7A14jfn6TDzc,Mythic+ Season 3,Personal Logs,vadan,Public,1754150710,"August 2, 2025 6:05 PM",000019631520,5 hours
N2kcHGP1F4LhjBtA,ptr-keyos,Personal Logs,myrmaaj,Public,1754148417,"August 2, 2025 5:26 PM",000013027286,4 hours
bfZD9RXMKJP6dxGT,Mythic+ Season 3,Personal Logs,Fracasso,Public,1754148216,"August 2, 2025 5:23 PM",000011762863,3 hours
QCNBjJqhd8xmfTP1,Mythic+ Season 3,Personal Logs,Oleneboi,Public,1754143694,"August 2, 2025 4:08 PM",000009684869,3 hours
V3AmD4cvQqnKX7FH,Mythic+ Season 3,Personal Logs,Hwoarang,Public,1754137295,"August 2, 2025 2:21 PM",000005341597,an hour
xHz4a8mnB2pLcAfP,m+ ptr friday 01/08,Personal Logs,TomElvis,Public,1754134724,"August 2, 2025 1:38 PM",000017832738,5 hours
pwWbkZLT137PrYCt,Mythic+ Season 3,Personal Logs,Arkanigth,Public,1754133643,"August 2, 2025 1:20 PM",000012038212,3 hours
QzMZGWqmKDXBNYrT,Mythic+ Season 3,Personal Logs,Hwoarang,Public,1754131158,"August 2, 2025 12:39 PM",000005266240,an hour
dk2tgVQNMFPCmzR9,Mythic+ Season 3,Personal Logs,Hwoarang,Public,1754126778,"August 2, 2025 11:26 AM",000001027804,17 minutes
ZyvAG8xCDmjRzhTN,Mythic+ Season 3,Personal Logs,Borrunir,Public,1754121200,"August 2, 2025 9:53 AM",000011877223,3 hours
VzkHBYRphvcg3TAq,Mythic+ Season 3,Personal Logs,yoloswagginzbdf,Public,1754112598,"August 2, 2025 7:29 AM",000018612126,5 hours
kxGYrAHPjX4Qb21v,Mythic+ Season 3,Personal Logs,yoloswagginzbdf,Public,1754108671,"August 2, 2025 6:24 AM",000010551912,3 hours
W19f2NnKzTqdgZbJ,Mythic+ Season 3,Personal Logs,전멸입니다,Public,1754108620,"August 2, 2025 6:23 AM",000005141703,an hour
zXTRHxmPM1NbnAgd,Mythic+ Season 3,Personal Logs,yoloswagginzbdf,Public,1754108534,"August 2, 2025 6:22 AM",000010551912,3 hours
qT2fdk8XhBtgnANz,15圆顶（3个下水道）,Personal Logs,美团搜担担面,Public,1754106811,"August 2, 2025 5:53 AM",000001737215,29 minutes
jqHhaw93ZMKTJ7cn,Mythic+ Season 3,Personal Logs,전멸입니다,Public,1754106561,"August 2, 2025 5:49 AM",000003090663,an hour
Ha3hn2QVYWqXTtgk,Mythic+ Season 3,Personal Logs,전멸입니다,Public,1754104119,"August 2, 2025 5:08 AM",000000665251,11 minutes
2wRmB64JybnXzp7K,log friday,Personal Logs,Zorjeff,Public,1754095921,"August 2, 2025 2:52 AM",000039365651,11 hours
ZpDajrWXK42HgLkR,brostfane,Personal Logs,galeuwu,Public,1754095424,"August 2, 2025 2:43 AM",000264442742,3 days
mbgX8ZcJnxaG2RPK,Mythic+ Season 3,Personal Logs,Eskastyle,Public,1754092567,"August 2, 2025 1:56 AM",000014722843,4 hours
BDRyZHtAVKJxCaXq,14 eco first half,Personal Logs,Nice,Public,1754089919,"August 2, 2025 1:11 AM",000005056484,an hour
1fAm6TR2DZzq8aFV,Mythic+ Season 3,Personal Logs,Hwoarang,Public,1754086095,"August 2, 2025 12:08 AM",000037659691,10 hours
VqkA7vQtnPpz68r2,DKT 17圆顶,Personal Logs,Windfire,Public,1754074802,"August 1, 2025 9:00 PM",000004133977,an hour
h4pd2QLAz6tG8qgZ,Mythic+ Season 3,Personal Logs,Jacqueas73,Public,1754072230,"August 1, 2025 8:17 PM",000027937379,8 hours
3Wbt1RFq8LjpcNTv,Mythic+ Season 3,Personal Logs,Yechongyue,Public,1754070435,"August 1, 2025 7:47 PM",000011694007,3 hours
1tAVWr2cDLJ4MpZ6,Mythic+ Season 3,Personal Logs,전멸입니다,Public,1754069411,"August 1, 2025 7:30 PM",000005946321,2 hours
3hHnzZfJLy9GaRkY,Mythic+ Season 3,Personal Logs,전멸입니다,Public,1754067204,"August 1, 2025 6:53 PM",000003749350,an hour
V8ZLFDzjxfBJKN3c,Mythic+ Season 3,Personal Logs,Qiaoling,Public,1754066968,"August 1, 2025 6:49 PM",000033277318,9 hours
9bkP3YRQtzmTjKnN,Mythic+ Season 3,Personal Logs,전멸입니다,Public,1754065398,"August 1, 2025 6:23 PM",000001722952,29 minutes
YZNRaVPtTrC7hDzk,Mythic+ Season 3,Personal Logs,전멸입니다,Public,1754065154,"August 1, 2025 6:19 PM",000001722952,29 minutes
vbTCQ9Vj7hf1dWgn,DKT 17圆顶17隐修院17破晨17回响,Personal Logs,Windfire,Public,1754063112,"August 1, 2025 5:45 PM",000009389114,3 hours
NLTHZD4zBwaJqWRt,8.1 Hpal17+,Personal Logs,Wordpudding,Public,1754062721,"August 1, 2025 5:38 PM",000009394323,3 hours
XxFpTNz7RB8t4a96,ptr 01/08/2025 squad is dead praise 2+2,Personal Logs,Trinitehh,Public,1754061422,"August 1, 2025 5:17 PM",000001859007,31 minutes
BFTMftNbCdZ2L7gH,Mythic+ Season 3,Personal Logs,전멸입니다,Public,1754061403,"August 1, 2025 5:16 PM",000012098333,3 hours
qJm7RNZPhTWpvK4y,Mythic+ Season 3,Personal Logs,전멸입니다,Public,1754060165,"August 1, 2025 4:56 PM",000010851811,3 hours
Vw4L3kP2NTMmYzFa,Mythic+ Season 3,Personal Logs,전멸입니다,Public,1754057759,"August 1, 2025 4:15 PM",000008391631,2 hours
nm8RACNB2GXvDW9f,Mythic+ Season 3,Personal Logs,브론즈사슴쟝,Public,1754047404,"August 1, 2025 1:23 PM",000008970479,2 hours
GaZ1ywmCRHp8MhcK,17回响（已通关）,Personal Logs,美团搜担担面,Public,1754046016,"August 1, 2025 1:00 PM",000007465720,2 hours
a3FQfrPCvLD6zb1J,Mythic+ Season 3,Personal Logs,브론즈사슴쟝,Public,1754043769,"August 1, 2025 12:22 PM",000005804657,2 hours
xVwkGQ78qBYyCzvr,15yuanding,Personal Logs,美团搜担担面,Public,1754040701,"August 1, 2025 11:31 AM",000002044687,34 minutes
xzdw7NPcv9nJj6mW,Mythic+ Season 3,Personal Logs,Borrunir,Public,1754034547,"August 1, 2025 9:49 AM",000010984815,3 hours
kAZBx1jCM63dPF2b,PTR Testing - Thane AOE Execute,Personal Logs,yoloswagginzbdf,Public,1754025230,"August 1, 2025 7:13 AM",000004257829,an hour
ZdgwXcNvrxa4GMfm,SOME RANDO KEY 2PC 2PC,Personal Logs,Nice,Public,1754025080,"August 1, 2025 7:11 AM",000007291036,2 hours
c3GTHwP9jRAkfrpY,Mythic+ Season 3,Send it,PoohXanny,Public,1754023820,"August 1, 2025 6:50 AM",000007146260,2 hours
CZazPrqvk72fg4Nw,Eco 14 and Dawnbreaker,Personal Logs,Shawnzx,Public,1754016992,"August 1, 2025 4:56 AM",000008121167,2 hours
BJmND37dkCA4apGb,key thurdsay,Personal Logs,Zorjeff,Public,1754010976,"August 1, 2025 3:16 AM",000035615700,10 hours
zTd7GABc1WHrwpRn,Mythic+ Season 3,Personal Logs,Oleneboi,Public,1754008809,"August 1, 2025 2:40 AM",000017454404,5 hours
2WTDbrKcw7khNxCp,m+ ptr,Personal Logs,TomElvis,Public,1754007213,"August 1, 2025 2:13 AM",000008108633,2 hours
8kNmzPMRT6Cyba9Q,Mythic+ Season 3,Chaotic Aftermath,mrbadman,Public,1754007165,"August 1, 2025 2:12 AM",000014209046,4 hours
tfxWyvbGX6d2kHmq,Mythic+ Season 3,Personal Logs,MioShimo,Public,1754005026,"August 1, 2025 1:37 AM",000013607889,4 hours
3vgxYCWTG9BwJHqb,Mythic+ Season 3,Personal Logs,Hwoarang,Public,1753999659,"August 1, 2025 12:07 AM",000024318174,7 hours
btVDpjvwkA3PJf7N,ptr 31/07/2025,Personal Logs,Trinitehh,Public,1753996728,"July 31, 2025 11:18 PM",000012565774,3 hours
L7q8bhVKmw6xtfnZ,Mythic+ Season 3,Personal Logs,Hwoarang,Public,1753976965,"July 31, 2025 5:49 PM",000001576678,26 minutes
Ky9Vhv2PXWZ6QqnR,Mythic+ Season 3,Personal Logs,Stαbbyfaceδ,Public,1753969154,"July 31, 2025 3:39 PM",000072627219,20 hours
WafGtADMhrqpyH4K,ptr 31/07/2025,Personal Logs,Trinitehh,Public,1753960273,"July 31, 2025 1:11 PM",000008226194,2 hours
hPacVTK7j4nByzLW,Mythic+ Season 3,Personal Logs,브론즈사슴쟝,Public,1753953235,"July 31, 2025 11:13 AM",000020017726,6 hours
chFQ4qYCXfKp831B,ptr keys,Personal Logs,Cantabile,Public,1753952350,"July 31, 2025 10:59 AM",000008852825,2 hours
C9WRAQ18VdZy3ctr,Mythic+ Season 3,Personal Logs,Korrigard,Public,1753948177,"July 31, 2025 9:49 AM",000004169813,an hour
dBCL6rzPaKWVwHgY,awoo key lol 2,Personal Logs,Nice,Public,1753947780,"July 31, 2025 9:43 AM",000004126538,an hour
YKr7PZFzvTNMjVf4,Mythic+ Season 3,Personal Logs,Korrigard,Public,1753945325,"July 31, 2025 9:02 AM",000001590725,27 minutes
LdqPaT3VkwZJCtGb,awoo key lol,Personal Logs,Nice,Public,1753945174,"July 31, 2025 8:59 AM",000001539009,26 minutes
28QCMT3Rdpv6Pkft,Mythic+ Season 3,Personal Logs,Kartson,Public,1753943366,"July 31, 2025 8:29 AM",000017145868,5 hours
bCTthyBAfk643N8X,Mythic+ Season 3,Send it,PoohXanny,Public,1753940764,"July 31, 2025 7:46 AM",000006436313,2 hours
xRYLhZaH6gPD4Mf9,Mythic+ Season 3,Send it,PoohXanny,Public,1753934252,"July 31, 2025 5:57 AM",000127786310,a day
JR4xmHAP17cY93Kv,Mythic+ Season 3,Personal Logs,YoDaTV,Public,1753933894,"July 31, 2025 5:51 AM",000040127795,11 hours
x9whL7KkNH641zBV,Mythic+ Season 3,Personal Logs,Wordpudding,Public,1753933414,"July 31, 2025 5:43 AM",000008827742,2 hours
P8gq6GyLZFXDhYAN,Mythic+ Season 3,Personal Logs,Gio_KW,Public,1753932289,"July 31, 2025 5:24 AM",000034565235,10 hours
ZyAK1YXpWj8HLFf3,Mythic+ Season 3,Personal Logs,ViviLouF,Public,1753930157,"July 31, 2025 4:49 AM",000022594089,6 hours
FCx7wBVgtjX1HGYm,log wednesday,Personal Logs,Zorjeff,Public,1753928160,"July 31, 2025 4:16 AM",000044028651,12 hours
LD7qd3YVtacKJQxy,Mythic+ Season 3,Personal Logs,브론즈사슴쟝,Public,1753927430,"July 31, 2025 4:03 AM",000006491819,2 hours
LtTJqC8ZRG6FDQ2K,Mythic+ Season 3,Personal Logs,MadK0rts,Public,1753926789,"July 31, 2025 3:53 AM",000008939847,2 hours
RtbCDnK3wkFvf1Hm,Mythic+ Season 3,Personal Logs,MadK0rts,Public,1753923527,"July 31, 2025 2:58 AM",000005671158,2 hours
Dm4v6fyqFbYR9cMp,Mythic+ Season 3,Personal Logs,MadK0rts,Public,1753922132,"July 31, 2025 2:35 AM",000004284969,an hour
PwqtbGaZn2R1HmJp,Mythic+ Season 3,Personal Logs,Hwoarang,Public,1753916827,"July 31, 2025 1:07 AM",000009972933,3 hours
7zFHk23Tg9tXDKBa,Mythic+ Season 3,Personal Logs,haywiire,Public,1753913388,"July 31, 2025 12:09 AM",000007155471,2 hours
62PDNRBYMvTFxVz8,Mythic+ Season 3,Personal Logs,Psifactor,Public,1753912181,"July 30, 2025 11:49 PM",000008686896,2 hours
43RGYXCDvqhBP2bj,Mythic+ Season 3,Personal Logs,haywiire,Public,1753911978,"July 30, 2025 11:46 PM",000005769788,2 hours
yK8w472X6nLxTRYb,Mythic+ Season 3,Chaotic Aftermath,mrbadman,Public,1753910699,"July 30, 2025 11:24 PM",000007929286,2 hours
mg6K3wrXM2W4Lnf8,Mythic+ Season 3,Personal Logs,Volebear,Public,1753908224,"July 30, 2025 10:43 PM",000008780899,2 hours
3DpMwyL6Hb4gqxJ9,Mythic+ Season 3,Personal Logs,rappr,Public,1753906828,"July 30, 2025 10:20 PM",000002381462,40 minutes
DaM6rYJ2gFd8CQkx,Mythic+ Season 3,Personal Logs,juticed,Public,1753906578,"July 30, 2025 10:16 PM",000024311839,7 hours
zT6x4DXCdYbPakKn,Mythic+ Season 3,Personal Logs,Thealbatross,Public,1753905746,"July 30, 2025 10:02 PM",000020582664,6 hours
3qMhAPnmvFw2pyra,Mythic+ Season 3,Personal Logs,haywiire,Public,1753902378,"July 30, 2025 9:06 PM",000007481367,2 hours
GMpmb1BHZgPcxqJj,Mythic+ Season 3,Personal Logs,haywiire,Public,1753901215,"July 30, 2025 8:46 PM",000006265999,2 hours
Q4a9HfkMbcVvL8wz,Mythic+ Season 3,Personal Logs,haywiire,Public,1753896790,"July 30, 2025 7:33 PM",000001888258,31 minutes
D9g3c2MxpdYN4WzQ,Mythic+ Season 3,Personal Logs,haywiire,Public,1753895830,"July 30, 2025 7:17 PM",000000828544,14 minutes
7FNHbm4M9Z3Cxgkp,Mythic+ Season 3,Personal Logs,Oleneboi,Public,1753895770,"July 30, 2025 7:16 PM",000014896935,4 hours
wm8PakjCY1A9h2tG,Mythic+ Season 3,Personal Logs,Hwoarang,Public,1753892098,"July 30, 2025 6:14 PM",000001526129,25 minutes
rTNPLcQgwDHkdfvq,Mythic+ Season 3,Personal Logs,Hwoarang,Public,1753892067,"July 30, 2025 6:14 PM",000001526129,25 minutes
WD49dZ2mwN6VGaYg,Mythic+ Season 3,Personal Logs,Hwoarang,Public,1753892033,"July 30, 2025 6:13 PM",000001526129,25 minutes
prRJahHm7kFCWTVD,猎人能活出来吗,OriginalFire,yueyue2252gu,Public,1753891927,"July 30, 2025 6:12 PM",000008244334,2 hours
RrThZa8wP4yMNqdC,Mythic+ Season 3,Personal Logs,Gio_KW,Public,1753886812,"July 30, 2025 4:46 PM",000008031489,2 hours
DcMtGKxQafVhRAC1,Mythic+ Season 3,Personal Logs,Yechongyue,Public,1753856754,"July 30, 2025 8:25 AM",000014183666,4 hours
bkqZrzwLX8dpWgn6,Mythic+ Season 3,Personal Logs,Seleucía,Public,1753856752,"July 30, 2025 8:25 AM",000016682833,5 hours
AVrKXy1RWdnDBpTM,Mythic+ Season 3,Personal Logs,Zolur,Public,1753853314,"July 30, 2025 7:28 AM",000012152994,3 hours
3MAFRcYZVkxP2zQN,Mythic+ Season 3,Personal Logs,Tristin68,Public,1753852633,"July 30, 2025 7:17 AM",000013178535,4 hours
hyMvrZxHJwWmk18d,Eco Dome 13 PTR Thane Execute Testing,Personal Logs,yoloswagginzbdf,Public,1753851410,"July 30, 2025 6:56 AM",000004521336,an hour
vmXYtDF43xkbqMTV,Mythic+ Season 3,Personal Logs,JayZonday,Public,1753848281,"July 30, 2025 6:04 AM",000008784257,2 hours
yKv31GLVzRd7Crcw,bad ptr keys part 3,Personal Logs,vaereth,Public,1753844917,"July 30, 2025 5:08 AM",000002711892,an hour
xZacHRBv3m241bYW,Mythic+ Season 3,Personal Logs,Squeenis,Public,1753838700,"July 30, 2025 3:25 AM",000012370710,3 hours
b4YJ7BHzXAjtDwTL,ptr 29/07/2025,Personal Logs,Trinitehh,Public,1753830281,"July 30, 2025 1:04 AM",000011284510,3 hours
QThVFRpazWw9DH62,eco dome 14,Personal Logs,swipe,Public,1753829336,"July 30, 2025 12:48 AM",000001938115,32 minutes
Z8kNyMcD9Q6CVAhL,Mythic+ Season 3,Personal Logs,Goyal,Public,1753827933,"July 30, 2025 12:25 AM",000005784583,2 hours
LV1jAFza2fgrRN3D,Mythic+ Season 3,Personal Logs,Gio_KW,Public,1753827834,"July 30, 2025 12:23 AM",000008031489,2 hours
fRkAyJHjdphKq6Za,Mythic+ Season 3,Personal Logs,Gio_KW,Public,1753824996,"July 29, 2025 11:36 PM",000005660616,2 hours
xkzrPJMF8tQR6TjY,14 Eco EW Ripweaving test,Personal Logs,Thorrack,Public,1753824443,"July 29, 2025 11:27 PM",000001938728,32 minutes
dkywjvtcHG6RhN1D,m+ ptr,Personal Logs,TomElvis,Public,1753822932,"July 29, 2025 11:02 PM",000014177612,4 hours
nc7QJ9bG3LHfVm6B,Mythic+ Season 3,Personal Logs,KodyNM,Public,1753809700,"July 29, 2025 7:21 PM",000004283336,an hour
JwRAXNqz2436hx8B,Mythic+ Season 3,Personal Logs,healsforcash,Public,1753808539,"July 29, 2025 7:02 PM",000011917807,3 hours
m1KZfvkL7Y84rABb,14圆顶CJQ,Personal Logs,美团搜担担面,Public,1753806237,"July 29, 2025 6:23 PM",000007147068,2 hours
pLJBKrHhj8wbMz4x,PTR,Personal Logs,Stentyg,Public,1753800286,"July 29, 2025 4:44 PM",000000603058,10 minutes
4cTCp986rAyKhfVq,fq,Personal Logs,jbw8229,Public,1753787323,"July 29, 2025 1:08 PM",000003980503,an hour
tBKA7WpkXhFRY14b,Mythic+ Season 3,Personal Logs,重剑,Public,1753778432,"July 29, 2025 10:40 AM",000004748673,an hour
HaMFhvpndt6Lc38K,Mythic+ Season 3,Personal Logs,重剑,Public,1753777685,"July 29, 2025 10:28 AM",000004177251,an hour
Kd3AHNtpyxWcrFT7,Mythic+ Season 3,Personal Logs,重剑,Public,1753776275,"July 29, 2025 10:04 AM",000002623506,44 minutes
DBRbFNnQWzd2Gh4X,Mythic+ Season 3,Personal Logs,rising2top,Public,1753774061,"July 29, 2025 9:27 AM",000009654711,3 hours
6QGFAfVkHgTpyLZD,Mythic+ Season 3,Personal Logs,Borrunir,Public,1753772292,"July 29, 2025 8:58 AM",000009867314,3 hours
BbJ8XYpNaCFPRz9t,Mythic+ Season 3,Personal Logs,Yechongyue,Public,1753768575,"July 29, 2025 7:56 AM",000014909082,4 hours
hxv4KBGWM9LRpTHz,Mythic+ Season 3,Personal Logs,브론즈사슴쟝,Public,1753766395,"July 29, 2025 7:19 AM",000012356308,3 hours
kB4Grg8vAMdjqcNn,Mythic+ Season 3,Personal Logs,Stormkrait,Public,1753765513,"July 29, 2025 7:05 AM",000001790391,30 minutes
DpfmybaG9k1hVdRZ,EW Rip testing,Personal Logs,Thorrack,Public,1753765475,"July 29, 2025 7:04 AM",000001826824,30 minutes
kpvdJXBHgTYVybWa,PTR Keys 7/28,Personal Logs,IAmPeteROAR,Public,1753762083,"July 29, 2025 6:08 AM",000011840076,3 hours
bJgKcmrZqAQTazhw,Mythic+ Season 3,Personal Logs,YoDaTV,Public,1753756714,"July 29, 2025 4:38 AM",000036116382,10 hours
8xYFfgRdcDBMCXGL,Mythic+ Season 3,Personal Logs,Dillywow,Public,1753756199,"July 29, 2025 4:29 AM",000005115702,an hour
tYpWqXBwj18QaAN2,ptr monday,Personal Logs,Zorjeff,Public,1753746739,"July 29, 2025 1:52 AM",000037120725,10 hours
jD2XvLtw1aN4bPq6,Mythic+ Season 3,Personal Logs,JayZonday,Public,1753742712,"July 29, 2025 12:45 AM",000023427588,7 hours
Yc6z1nb7rJm98kAV,bad ptr keys,Personal Logs,vaereth,Public,1753742693,"July 29, 2025 12:44 AM",000013278177,4 hours
vdBQGDzM9a4X7mbP,Mythic+ Season 3,Personal Logs,Vazox,Public,1753741117,"July 29, 2025 12:18 AM",000003783759,an hour
8cNrfGBYyM1LtVHP,Mythic+ Season 3,Personal Logs,Vazox,Public,1753741098,"July 29, 2025 12:18 AM",000005231056,an hour
WyV7nhJjMYGt41Nf,ptr 28/08/2025,Personal Logs,Trinitehh,Public,1753740968,"July 29, 2025 12:16 AM",000005915074,2 hours
xT9CJny4PBZ6FfLp,m+ ptr,Personal Logs,TomElvis,Public,1753737648,"July 28, 2025 11:20 PM",000011509507,3 hours
aKrbBz7NkPqcQ63D,Mythic+ Season 3,Personal Logs,Bonjourbonjour,Public,1753734010,"July 28, 2025 10:20 PM",000009375631,3 hours
mnAYvQq1pdK8tZak,Mythic+ Season 3,Personal Logs,Thealbatross,Public,1753733825,"July 28, 2025 10:17 PM",000013589942,4 hours
bfdQc4nHNqwRmC7A,can hunters bind md fucking mongoloids,Personal Logs,sknitton,Public,1753733289,"July 28, 2025 10:08 PM",000000859875,14 minutes
7WGn1mY2HfMt8vj9,Mythic+ Season 3,Personal Logs,MioShimo,Public,1753733146,"July 28, 2025 10:05 PM",000001378069,23 minutes
vx74wAJyQ6cp3Nrh,Mythic+ Season 3,Personal Logs,Hwoarang,Public,1753731303,"July 28, 2025 9:35 PM",000000212274,4 minutes
pKQk2g7jDwdARCZy,Mythic+ Season 3,Personal Logs,Hwoarang,Public,1753731244,"July 28, 2025 9:34 PM",000000212274,4 minutes
vGWmRZCMkaxP6bFL,Mythic+ Season 3,Personal Logs,Hwoarang,Public,1753728982,"July 28, 2025 8:56 PM",000008725800,2 hours
Kw76Bf9RZaPDNVrH,Mythic+ Season 3,Personal Logs,Jacqueas73,Public,1753726688,"July 28, 2025 8:18 PM",000045998213,13 hours
HT3Vv8pmLc6JdXq9,Mythic+ Season 3,Personal Logs,Hwoarang,Public,1753725924,"July 28, 2025 8:05 PM",000005671615,2 hours
fhq1MgCy78PF3QJ2,mage cranked oda left,Personal Logs,sknitton,Public,1753721997,"July 28, 2025 6:59 PM",000001252245,21 minutes
Fk8tRvdXcx4N1pzY,Mythic+ Season 3,Personal Logs,Thealbatross,Public,1753721034,"July 28, 2025 6:43 PM",000001733276,29 minutes
ZPftnHJmqh9va2kX,Mythic+ Season 3,Personal Logs,Hwoarang,Public,1753719960,"July 28, 2025 6:26 PM",000002524022,42 minutes
87QrAzxqnVMwKa1d,xiang he long,Personal Logs,美团搜担担面,Public,1753719927,"July 28, 2025 6:25 PM",000009052597,3 hours
2ZGDYHThj4RgA6Cq,Mythic+ Season 3,Personal Logs,Dillywow,Public,1753717134,"July 28, 2025 5:38 PM",000026778995,7 hours
7d9QymxfkJKAhCVn,DKT 15赎罪,Personal Logs,Windfire,Public,1753704950,"July 28, 2025 2:15 PM",000006262881,2 hours
x1q7Qvr8cdwHXgDk,ptr 2,Personal Logs,vaereth,Public,1753702050,"July 28, 2025 1:27 PM",000010017567,3 hours
cB4NjAkJmL2vC8wG,Mythic+ Season 3,Personal Logs,juticed,Public,1753694864,"July 28, 2025 11:27 AM",000004813043,an hour
bt1Qfzc6gKH49rGd,ptr,Personal Logs,vaereth,Public,1753689276,"July 28, 2025 9:54 AM",000006987352,2 hours
7CpcjtLba6AD1QPW,DKT 15圆顶,Personal Logs,Windfire,Public,1753686660,"July 28, 2025 9:11 AM",000002375042,40 minutes
y6VNn7TbBC8FcrxQ,Mythic+ Season 3,Personal Logs,Kevybevy,Public,1753680018,"July 28, 2025 7:20 AM",000007488396,2 hours
8FpcyG6n7grPHLJK,Mythic+ Season 3,Personal Logs,YoDaTV,Public,1753676411,"July 28, 2025 6:20 AM",000038420433,11 hours
qkNQxPTBajw9Y21F,250728 Al’dani +16 MM,Personal Logs,Umbrellas,Public,1753675897,"July 28, 2025 6:11 AM",000001632898,27 minutes
dfL8Gp4gYM3ahmkr,Mythic+ Season 3,Personal Logs,Voidmend,Public,1753674724,"July 28, 2025 5:52 AM",000007658984,2 hours
XcMQt36TN97xDy8w,frost dk,Personal Logs,Minzy8,Public,1753673721,"July 28, 2025 5:35 AM",000026179678,7 hours
3Qyq8DxrX2WjnN4Y,Mythic+ Season 3,Personal Logs,Arkanigth,Public,1753672332,"July 28, 2025 5:12 AM",000012646233,4 hours
rBhaKHqVjdNpxfLv,Mythic+ Season 3,Personal Logs,Thealbatross,Public,1753672220,"July 28, 2025 5:10 AM",000004360395,an hour
mBpYtCMH4QFNvGV9,Mythic+ Season 3,Personal Logs,Aumni,Public,1753671564,"July 28, 2025 4:59 AM",000015791440,4 hours
9Vb8kHN2ChwQ67xP,Mythic+ Season 3,Personal Logs,Fracasso,Public,1753668897,"July 28, 2025 4:14 AM",000003800062,an hour
Hm3Tb61FQhgtVA2G,Mythic+ Season 3,Personal Logs,tettles,Public,1753668500,"July 28, 2025 4:08 AM",000008669162,2 hours
B6Ltd9GMbwWPXkq7,Mythic+ Season 3,Personal Logs,Dillywow,Public,1753666399,"July 28, 2025 3:33 AM",000014783857,4 hours
2dCYLWJjGrNkxMpa,Mythic+ Season 3,Personal Logs,justlol,Public,1753665372,"July 28, 2025 3:16 AM",000001692714,28 minutes
CQnNG47w1xZXVvWR,PTR KEYS,Personal Logs,Ultraaa,Public,1753665061,"July 28, 2025 3:11 AM",000014337620,4 hours
R13LF6ydcx8CQvnr,Mythic+ Season 3,Personal Logs,Vazox,Public,1753665056,"July 28, 2025 3:10 AM",000013133060,4 hours
yYVNb2B8WdKcqPhX,26 Jul 2025_ptr first look,Personal Logs,Grimfleur,Public,1753659533,"July 28, 2025 1:38 AM",000005668116,2 hours
KgmfMQvxL1ynThjW,Mythic+ Season 3,Personal Logs,Thealbatross,Public,1753659509,"July 28, 2025 1:38 AM",000002152972,36 minutes
rHM46QRpLC9y2gBw,Mythic+ Season 3,Personal Logs,tettles,Public,1753659132,"July 28, 2025 1:32 AM",000002900728,an hour
TfDXp1ZWcajgN8wk,Mythic+ Season 3,Personal Logs,healsforcash,Public,1753652911,"July 27, 2025 11:48 PM",000001937571,32 minutes
pKcQNWTx781ZRf4C,Mythic+ Season 3,Personal Logs,ViviLouF,Public,1753647998,"July 27, 2025 10:26 PM",000026729099,7 hours
d69R1qVknp2JYba8,Mythic+ Season 3,Personal Logs,Wordpudding,Public,1753644250,"July 27, 2025 9:24 PM",000005658501,2 hours
7mCka3rJyqjhLMYW,Mythic+ Season 3,Personal Logs,KodyNM,Public,1753642537,"July 27, 2025 8:55 PM",000002913317,an hour
2q73LmpYaCnBX8Az,Mythic+ Season 3,Personal Logs,MioShimo,Public,1753641478,"July 27, 2025 8:37 PM",000019967696,6 hours
qrkDvZWTp2LQY8wj,Mythic+ Season 3,Send it,PoohXanny,Public,1753640668,"July 27, 2025 8:24 PM",000004260458,an hour
dNJ4vMWthGcj9Rqz,Mythic+ Season 3,Personal Logs,Jacqueas73,Public,1753639485,"July 27, 2025 8:04 PM",000032304758,9 hours
G6YPcVy7MxX1JFR3,Mythic+ Season 3,Send it,PoohXanny,Public,1753637814,"July 27, 2025 7:36 PM",000001202268,20 minutes
3aRZD8PVxWqCcdw9,熊 16圆顶（急速精通）,Personal Logs,Windfire,Public,1753637805,"July 27, 2025 7:36 PM",000003392113,an hour
khrjVtCA2XxZnf6Q,Mythic+ Season 3,Personal Logs,jhord,Public,1753636361,"July 27, 2025 7:12 PM",000003675713,an hour
khA6pmHrTa8GgWPv,ptr 27/07/2025,Personal Logs,Trinitehh,Public,1753635439,"July 27, 2025 6:57 PM",000007217331,2 hours
3LM7nYKPC89GpQzD,Mythic+ Season 3,Personal Logs,jhord,Public,1753635410,"July 27, 2025 6:56 PM",000002683044,an hour
1nVmC7XM4JZwPk3z,Mythic+ Season 3,Personal Logs,jhord,Public,1753634483,"July 27, 2025 6:41 PM",000001751620,29 minutes
2wHV3d4MBCmRJaAc,Mythic+ Season 3,Personal Logs,MioShimo,Public,1753633174,"July 27, 2025 6:19 PM",000011608428,3 hours
q1ZA6WVBhFXMaz43,熊 15圆顶（急速精通）,Personal Logs,Windfire,Public,1753629974,"July 27, 2025 5:26 PM",000001903093,32 minutes
yJ9mpCfrxwaQFdM1,Mythic+ Season 3,Personal Logs,healsforcash,Public,1753627423,"July 27, 2025 4:43 PM",000010432691,3 hours
nM7WVANHf4LrbGw1,27 Jul 2025_ptr pwar,Personal Logs,Grimfleur,Public,1753621234,"July 27, 2025 3:00 PM",000003957597,an hour
QJwqGHc2pRrymMVk,m+ ptr,Personal Logs,TomElvis,Public,1753620551,"July 27, 2025 2:49 PM",000010062820,3 hours
QX6YZyRpq8mHA9fG,Mythic+ Season 3,Send it,PoohXanny,Public,1753604305,"July 27, 2025 10:18 AM",000031033360,9 hours
cVBAnv4CJ7ytrdZw,Mythic+ Season 3,Personal Logs,Voidmend,Public,1753601259,"July 27, 2025 9:27 AM",000026825908,7 hours
3d1vX2qV74MFRnTB,Mythic+ Season 3,Personal Logs,Aumni,Public,1753599564,"July 27, 2025 8:59 AM",000007459154,2 hours
zPqtj4Ca2ZrF3pLM,ELE ptr,Personal Logs,NESMO,Public,1753598141,"July 27, 2025 8:35 AM",000006298843,2 hours
28RVkxBpD4yYba3G,7-23-2025 PTR 6,Personal Logs,Nice,Public,1753597347,"July 27, 2025 8:22 AM",000003136872,an hour
RT7rvFjXqwgcVNLG,Mythic+ Season 3,Personal Logs,justlol,Public,1753589281,"July 27, 2025 6:08 AM",000012699919,4 hours
wKWY9L4VpnvdFJyh,15 Eco,Personal Logs,Thorrack,Public,1753588352,"July 27, 2025 5:52 AM",000003469921,an hour
3YBPXQjynxJw2b7A,Mythic+ Season 3,Personal Logs,Aumni,Public,1753585422,"July 27, 2025 5:03 AM",000002741158,an hour
qzyG3KYf6819nWLT,Mythic+ Season 3,Personal Logs,Yechongyue,Public,1753584755,"July 27, 2025 4:52 AM",000017942543,5 hours
pcYNBDjF7Qgrwb21,ELE ptr,Personal Logs,NESMO,Public,1753584203,"July 27, 2025 4:43 AM",000005627149,2 hours
D9zmdWt42nM8VjPJ,Mythic+ Season 3,Personal Logs,dblev,Public,1753584158,"July 27, 2025 4:42 AM",000001830861,31 minutes
7CJN6GXcyrZgh9fV,ELE ptr,Personal Logs,NESMO,Public,1753584085,"July 27, 2025 4:41 AM",000001080196,18 minutes
DwpFf9kc7HvY16Ly,Mythic+ Season 3,Personal Logs,Sm0keo,Public,1753583311,"July 27, 2025 4:28 AM",000007084949,2 hours
R1xwHX2drP8KGqpC,Mythic+ Season 3,Personal Logs,Voidmend,Public,1753582873,"July 27, 2025 4:21 AM",000017650878,5 hours
6vzAPwmtpfkjn8DY,Mythic+ Season 3,Personal Logs,YoDaTV,Public,1753582378,"July 27, 2025 4:12 AM",000029414680,8 hours
tFfVC1826YmxTck7,Mythic+ Season 3,Personal Logs,fyunxx,Public,1753580335,"July 27, 2025 3:38 AM",000004798522,an hour
GFpXD23cHgxwZQqP,Mythic+ Season 3,Personal Logs,Stormkrait,Public,1753577432,"July 27, 2025 2:50 AM",000004318206,an hour
bZ43Y1gBJn79PtMG,PTR KEY saturday,Personal Logs,Zorjeff,Public,1753573349,"July 27, 2025 1:42 AM",000033135478,9 hours
4yVRtKFwB736mrGd,caca,Personal Logs,Wing2KFC,Public,1753572296,"July 27, 2025 1:24 AM",000004864438,an hour
YLTjdqHgRDBmh8Nz,Mythic+ Season 3,Personal Logs,JayZonday,Public,1753571701,"July 27, 2025 1:15 AM",000003763940,an hour
nD1pKCAhV9RgTY6k,testing aug vs dev,Personal Logs,Eldarill,Public,1753571195,"July 27, 2025 1:06 AM",000008201660,2 hours
7kzvg8JVwPQCqHnB,14 Gambit,Personal Logs,Thorrack,Public,1753567829,"July 27, 2025 12:10 AM",000009787741,3 hours
qn2kVNDZy84RxCWB,7-23-2025 PTR 5,Personal Logs,Nice,Public,1753567786,"July 27, 2025 12:09 AM",000017244084,5 hours
dpWMZLXga3yw982t,Mythic+ Season 3,Personal Logs,Dillywow,Public,1753566249,"July 26, 2025 11:44 PM",000009409690,3 hours
bhqLn8gGdY4p9kmC,Mythic+ Season 3,Personal Logs,Brucella,Public,1753566061,"July 26, 2025 11:41 PM",000011872882,3 hours
QTVqzMh8DjLxXCJr,7-23-2025 PTR 4,Personal Logs,Nice,Public,1753565478,"July 26, 2025 11:31 PM",000014958522,4 hours
WFd6ZLM8pbzYxGjV,14 Eco Ele is bananas,Personal Logs,Thorrack,Public,1753565462,"July 26, 2025 11:31 PM",000007402721,2 hours
hK2FkPG7qBRyJgW1,ptr 26/07/2025 3,Personal Logs,Trinitehh,Public,1753563583,"July 26, 2025 10:59 PM",000014559935,4 hours
2YqJ1Rmfw7xgANyn,Mythic+ Season 3,Personal Logs,Hwoarang,Public,1753563413,"July 26, 2025 10:56 PM",000015527884,4 hours
9dQtXbFMPqACy3xD,7-23-2025 PTR 3,Personal Logs,Nice,Public,1753563225,"July 26, 2025 10:53 PM",000012751863,4 hours
PC46xLa3tY1qFwG7,Mythic+ Season 3,Send it,PoohXanny,Public,1753562534,"July 26, 2025 10:42 PM",000064556241,18 hours
k83TnDPG4yZ2wAV7,Mythic+ Season 3,Personal Logs,juticed,Public,1753561863,"July 26, 2025 10:31 PM",000030148517,8 hours
WLVAKGnbrYtw8239,ptrptrptrptrptrptrptrptrptrptrptrptrptrptrptrptr,Personal Logs,corrisx3,Public,1753557826,"July 26, 2025 9:23 PM",000006112486,2 hours
31xgC6DYVfwR98kT,Mythic+ Season 3,Personal Logs,elpres,Public,1753554837,"July 26, 2025 8:33 PM",000001805880,30 minutes
ZQhYaJPt9x3w6kN7,m+,Personal Logs,TomElvis,Public,1753554705,"July 26, 2025 8:31 PM",000012312413,3 hours
wmp9cMArqTtCVJj6,ptr 34,Reformed,grandmother_wow,Public,1753554356,"July 26, 2025 8:25 PM",000004055122,an hour
WGBAKZj9z3h1T7LC,Mythic+ Season 3,Personal Logs,Jacqueas73,Public,1753552315,"July 26, 2025 7:51 PM",000025315182,7 hours
d83R9ZKYVMbWBfhA,Mythic+ Season 3,Personal Logs,elpres,Public,1753550429,"July 26, 2025 7:20 PM",000007236123,2 hours
Bck9LWJ2fMq4tD7x,Mythic+ Season 3,Personal Logs,Achtland44,Public,1753546380,"July 26, 2025 6:13 PM",000011552595,3 hours
WVGNQ6ARhxKJprYw,Mythic+ Season 3,Personal Logs,healsforcash,Public,1753543612,"July 26, 2025 5:26 PM",000024546667,7 hours
kFRjzH61fxmX9Mnp,frost is dead gg,Personal Logs,galeuwu,Public,1753543493,"July 26, 2025 5:24 PM",000016693868,5 hours
CGYMH7ytZgv9NnAf,17yuan ding,Personal Logs,美团搜担担面,Public,1753541184,"July 26, 2025 4:46 PM",000000065938,a minute
cVr3fQwZxGpDAkBh,熊 16赎罪15宏图15天街16圆顶,Personal Logs,Windfire,Public,1753540593,"July 26, 2025 4:36 PM",000009367208,3 hours
38cxqpLQAVYhB19y,Mythic+ Season 3,Personal Logs,KodyNM,Public,1753535358,"July 26, 2025 3:09 PM",000018069277,5 hours
YJdymCk3vG8TR1fg,Mythic+ Season 3,Personal Logs,Korrigard,Public,1753534745,"July 26, 2025 2:59 PM",000024266035,7 hours
xtbvGCm9W3adHfX7,Mythic+ Season 3,Personal Logs,SnoozeXD,Public,1753533912,"July 26, 2025 2:45 PM",000003238745,an hour
YXCBMWPdD7qbvRwF,Mythic+ Season 3,Personal Logs,Karl666,Public,1753526696,"July 26, 2025 12:44 PM",000020770331,6 hours
WQXcZ9pTzDCaFAqB,bug abuse yeeeeee yeeee,Personal Logs,CyclrinWoW,Public,1753523424,"July 26, 2025 11:50 AM",000001787357,30 minutes
kfvVBPbD18rtCyM9,Mythic+ Season 3,Personal Logs,Jacqueas73,Public,1753520390,"July 26, 2025 10:59 AM",000020823278,6 hours
TLX6VcxkFdPh8Gg4,"14 Gambino, this run was sick until everyone forgot they had eyes",Personal Logs,Thorrack,Public,1753518841,"July 26, 2025 10:34 AM",000011594909,3 hours
wjAzYx3aVtn4LgWy,Mythic+ Season 3,Personal Logs,rowflo,Public,1753518259,"July 26, 2025 10:24 AM",000005245170,an hour
yzDWZrYN219PGf6T,Mythic+ Season 3,Personal Logs,Borrunir,Public,1753515981,"July 26, 2025 9:46 AM",000013503062,4 hours
zT2QjrPnKWvAcGdm,16圆顶,Personal Logs,美团搜担担面,Public,1753514633,"July 26, 2025 9:23 AM",000002983357,an hour
7rvqmCpX2dH8TPat,熊 圆顶16+1,Personal Logs,Windfire,Public,1753514537,"July 26, 2025 9:22 AM",000002703961,an hour
tz37NFXR4qGg6hDM,Mythic+ Season 3,Personal Logs,Voidmend,Public,1753514424,"July 26, 2025 9:20 AM",000018276016,5 hours
rVGdDk3LBnpxFPcg,Mythic+ Season 3,Personal Logs,Seleucía,Public,1753512722,"July 26, 2025 8:52 AM",000014205879,4 hours
3Z2XpDYmThdwWrtJ,14 Eco Dotc,Personal Logs,Thorrack,Public,1753508760,"July 26, 2025 7:46 AM",000001631168,27 minutes
W3a62fjk1pzrmHFD,Mythic+ Season 3,Personal Logs,juticed,Public,1753507063,"July 26, 2025 7:17 AM",000011655743,3 hours
73RBVxghbTLkmHGN,Mythic+ Season 3,Personal Logs,YoDaTV,Public,1753506246,"July 26, 2025 7:04 AM",000017942986,5 hours
LAqznDFYWk1Zb8BN,15圆顶,Personal Logs,美团搜担担面,Public,1753502340,"July 26, 2025 5:59 AM",000001994067,33 minutes
rk6a8hcLpwt9NmWQ,Season 3 nerf pally,Personal Logs,Frocity,Public,1753502154,"July 26, 2025 5:55 AM",000007516919,2 hours
hnPbry8NJkt4gTFx,熊 圆顶15+1,Personal Logs,Windfire,Public,1753501830,"July 26, 2025 5:50 AM",000002097365,35 minutes
CQcqBh2KZANRJb1H,Mythic+ Season 3,Personal Logs,juticed,Public,1753500957,"July 26, 2025 5:35 AM",000005521598,2 hours
qNza3GwHv8ZCYKVn,Mythic+ Season 3,Personal Logs,Thealbatross,Public,1753499143,"July 26, 2025 5:05 AM",000002609078,43 minutes
y64TXQMtwNRfaBgF,Mythic+ Season 3,Personal Logs,BrianG1017,Public,1753498901,"July 26, 2025 5:01 AM",000006191705,2 hours
82jV1ZgcfNTmbPMn,Mythic+ Season 3,Personal Logs,Light_chain,Public,1753498703,"July 26, 2025 4:58 AM",000009839170,3 hours
Cr7hJvW2fqZMN3A6,Mythic+ Season 3,Personal Logs,kaelik14,Public,1753497481,"July 26, 2025 4:38 AM",000002319916,39 minutes
9Wf3qT8XdZBDVwbr,Mythic+ Season 3,Personal Logs,Dillywow,Public,1753491871,"July 26, 2025 3:04 AM",000002255975,38 minutes
8dq3MpKAHZXfQL9G,Mythic+ Season 3,Personal Logs,rappr,Public,1753491860,"July 26, 2025 3:04 AM",000002515822,42 minutes
fV8MrncKdGLFCtY2,Mythic+ Season 3,Personal Logs,Dillywow,Public,1753491760,"July 26, 2025 3:02 AM",000002255975,38 minutes
4P6hDTfvKbLAwaJm,Mythic+ Season 3,Personal Logs,fishgod,Public,1753471784,"July 25, 2025 9:29 PM",000024197980,7 hours
bTWY3gKnjGf8k6Fh,log friday,Personal Logs,Zorjeff,Public,1753468234,"July 25, 2025 8:30 PM",000013931710,4 hours
6J8qya9Khbj3tFdv,15 赎罪,Personal Logs,美团搜担担面,Public,1753458438,"July 25, 2025 5:47 PM",000005704151,2 hours
dHvMDWjnJp4TYgAX,partial logs,Personal Logs,Thorrack,Public,1753415057,"July 25, 2025 5:44 AM",000002631836,44 minutes
FDGRvdB86jYCxa1W,Mythic+ Season 3,Personal Logs,JayZonday,Public,1753414498,"July 25, 2025 5:34 AM",000011378189,3 hours
9ajY7Cbvmp1DkVFx,Mythic+ Season 3,Send it,PoohXanny,Public,1753404579,"July 25, 2025 2:49 AM",000027949845,8 hours
Xq7a1Rv9tHwPAdx3,key thrusday,Personal Logs,Zorjeff,Public,1753392512,"July 24, 2025 11:28 PM",000002456707,41 minutes
kfpPx1HLbgT76wW9,2xFC over GG test oops,Personal Logs,Thorrack,Public,1753392464,"July 24, 2025 11:27 PM",000001688884,28 minutes
v1Dz3FGfYNW2mQRA,Mythic+ Season 3,Personal Logs,MadK0rts,Public,1753392263,"July 24, 2025 11:24 PM",000013968601,4 hours
hbmwkAz8XcBg4F6G,Mythic+ Season 3,Personal Logs,Voltrafy,Public,1753354862,"July 24, 2025 1:01 PM",000010402421,3 hours
rft7akz6h2CZLgVy,Mythic+ Season 3,Personal Logs,Borrunir,Public,1753338694,"July 24, 2025 8:31 AM",000008261576,2 hours
fLQD3F7RN14jwqGz,I shouldnt even log this tragic run but here we are,Personal Logs,Thorrack,Public,1753336803,"July 24, 2025 8:00 AM",000009073374,3 hours
V27yFqRXHNPGQMBW,Mythic+ Season 3,Personal Logs,YoDaTV,Public,1753329691,"July 24, 2025 6:01 AM",000013357078,4 hours
tcFHYJ76dzyjP2hM,I fell asleep because ec is trash,Personal Logs,Thorrack,Public,1753329296,"July 24, 2025 5:54 AM",000001769045,29 minutes
pnqAmBkfxNcF8t7X,ptr m+,Personal Logs,TomElvis,Public,1753306399,"July 23, 2025 11:33 PM",000002597427,43 minutes
M6QzZ1nF23HVLKDB,Mythic+ Season 3,Send it,PoohXanny,Public,1753296892,"July 23, 2025 8:54 PM",000163793010,2 days
mzj7YpbnAgk8hcGQ,Mythic+ Season 3,Personal Logs,Hwoarang,Public,1753292207,"July 23, 2025 7:36 PM",000003604746,an hour
BMcvYgpQqhZARP7b,Mythic+ Season 3,Personal Logs,Hwoarang,Public,1753292177,"July 23, 2025 7:36 PM",000005572302,2 hours
GbrkCP1KVA8FRZzQ,Mythic+ Season 3,Personal Logs,MadK0rts,Public,1753285704,"July 23, 2025 5:48 PM",000014778856,4 hours
hGWjKL4kRQbfDnqV,Mythic+ Season 3,Personal Logs,MadK0rts,Public,1753275113,"July 23, 2025 2:51 PM",000007659627,2 hours
bcv9Ptd874XT2Y3g,Mythic+ Season 3,Personal Logs,MadK0rts,Public,1753269998,"July 23, 2025 1:26 PM",000002838722,an hour
ZHmCnNRW4JFcvBrT,Mythic+ Season 3,Personal Logs,MadK0rts,Public,1753269574,"July 23, 2025 1:19 PM",000002455881,41 minutes
Hqg3Dz9rdC2MTKfc,icky run 15 Eco,Personal Logs,Thorrack,Public,1753242484,"July 23, 2025 5:48 AM",000019362552,5 hours
LHKVMRh3bNFryf1C,Mythic+ Season 3,Personal Logs,Qiaoling,Public,1753240123,"July 23, 2025 5:08 AM",000013154213,4 hours
Lk43NWtqPwgvby21,Mythic+ Season 3,Personal Logs,Yechongyue,Public,1753233578,"July 23, 2025 3:19 AM",000013531813,4 hours
Qc8FBv3j1L4yTa7A,ptr m+ 2,Personal Logs,TomElvis,Public,1753223721,"July 23, 2025 12:35 AM",000006617804,2 hours
h4TrxbCjgvzfqQ12,Mythic+ Season 3,Personal Logs,vadan,Public,1753212451,"July 22, 2025 9:27 PM",000018211208,5 hours
mcbYQLFaRA8VPjr3,22.07 - ptr,Personal Logs,ghurd,Public,1753209240,"July 22, 2025 8:34 PM",000005801037,2 hours
kdNAm4LnPjxvagbF,Mythic+ Season 3,Personal Logs,fishgod,Public,1753207137,"July 22, 2025 7:58 PM",000022070544,6 hours
vyHcLNWzYPpTZ2Xh,Mythic+ Season 3,Personal Logs,arteen23,Public,1753206185,"July 22, 2025 7:43 PM",000005115494,an hour
Dq2gMfK3TQNyjGHY,Mythic+ Season 3,Personal Logs,Voidmend,Public,1753206156,"July 22, 2025 7:42 PM",000002385088,40 minutes
HjkRwK7Yq9r38cPt,Mythic+ Season 3,Personal Logs,Yechongyue,Public,1753206152,"July 22, 2025 7:42 PM",000012675027,4 hours
ND69kabL8GcKT4Mp,Mythic+ Season 3,Personal Logs,MadK0rts,Public,1753205563,"July 22, 2025 7:32 PM",000026594233,7 hours
GYyKAmpcP9nQjWdt,死亡使者/萨莱茵 6目标木桩数据,Personal Logs,Windfire,Public,1753201858,"July 22, 2025 6:30 PM",000004725369,an hour
1tC8fHdB4aPX9pYQ,Mythic+ Season 3,Personal Logs,MadK0rts,Public,1753196534,"July 22, 2025 5:02 PM",000017594126,5 hours
apCNymHD9GTZ3Vqb,Mythic+ Season 3,Personal Logs,MadK0rts,Public,1753190923,"July 22, 2025 3:28 PM",000011881843,3 hours
vM4qxhLK6Czp8rmY,Mythic+ Season 3,Personal Logs,Leamonde,Public,1753189787,"July 22, 2025 3:09 PM",000001400408,23 minutes
aFbRzPxXd2tTVW6Q,Mythic+ Season 3,Personal Logs,MadK0rts,Public,1753189139,"July 22, 2025 2:58 PM",000010155886,3 hours
PdAbBNtp7H8KZ6Tv,Mythic+ Season 3,Personal Logs,Aumni,Public,1753188409,"July 22, 2025 2:46 PM",000003605933,an hour
w8mAtjLBaqvncKXb,Mythic+ Season 3,Personal Logs,MadK0rts,Public,1753185173,"July 22, 2025 1:52 PM",000006187091,2 hours
Vcmh7LXRJNnABqj4,Mythic+ Season 3,Personal Logs,MadK0rts,Public,1753185110,"July 22, 2025 1:51 PM",000005570761,2 hours
NcVg3RW1hC6ntXHq,Mythic+ Season 3,Personal Logs,MadK0rts,Public,1753184078,"July 22, 2025 1:34 PM",000004688055,an hour
ZAmHQkMB9xKdtvgC,Mythic+ Season 3,Personal Logs,juticed,Public,1753175351,"July 22, 2025 11:09 AM",000012335150,3 hours
g18DtLQqMrKhxZ9F,250722 Al’dani +17 MM,Personal Logs,Umbrellas,Public,1753173919,"July 22, 2025 10:45 AM",000002009344,33 minutes
r6jaFBvVcXA3QgZK,DKT 15水闸15圆顶,Personal Logs,Windfire,Public,1753172668,"July 22, 2025 10:24 AM",000010754048,3 hours
fyt9vHYVTbcCFAZg,Mythic+ Season 3,Personal Logs,Voidmend,Public,1753160014,"July 22, 2025 6:53 AM",000011023334,3 hours
YMBXxyGpzr37FZwh,ptr keys,Personal Logs,BergGoodWower,Public,1753157702,"July 22, 2025 6:15 AM",000013658978,4 hours
2HMNPnvmqTyKC6aZ,Mythic+ Season 3,Personal Logs,YoDaTV,Public,1753151641,"July 22, 2025 4:34 AM",000030124781,8 hours
nAVPMt2HkwfmXRNY,test,Personal Logs,swipe,Public,1753144729,"July 22, 2025 2:38 AM",000002396611,40 minutes
3BnwxcXFRqPW2968,PTR monday,Personal Logs,Zorjeff,Public,1753140958,"July 22, 2025 1:35 AM",000010697970,3 hours
kjmLAJndcGhDCV7Q,Mythic+ Season 3,Personal Logs,vadan,Public,1753140570,"July 22, 2025 1:29 AM",000003899334,an hour
6B2qM3TcYftxFJpK,PTR monday,Personal Logs,Zorjeff,Public,1753139614,"July 22, 2025 1:13 AM",000031319033,9 hours
HP8xQGcChRXf63VB,Mythic+ Season 3,Personal Logs,Eskastyle,Public,1753135116,"July 21, 2025 11:58 PM",000004189495,an hour
Pf3Qvp1Aqmy8agTj,Mythic+ Season 3,Personal Logs,Crazytotz,Public,1753128533,"July 21, 2025 10:08 PM",000007677146,2 hours
tCxX4HgY8aMhFmWB,Mythic+ Season 3,Personal Logs,Yegu,Public,1753128053,"July 21, 2025 10:00 PM",000008964586,2 hours
AYgzCHyDvKkNGrdm,Mythic+ Season 3,Personal Logs,unbrokenfealty,Public,1753127129,"July 21, 2025 9:45 PM",000006180438,2 hours
7gKhQpGa1CVzcLFP,Mythic+ Season 3,Personal Logs,MadK0rts,Public,1753115072,"July 21, 2025 6:24 PM",000002033840,34 minutes
fPW3a4LpXywdnAQx,符文剑血病是否吃快照,Personal Logs,Windfire,Public,1753097624,"July 21, 2025 1:33 PM",000001492798,25 minutes
nFRvcZzkHY3Mj8KC,Mythic+ Season 3,Personal Logs,belquin,Public,1753095774,"July 21, 2025 1:02 PM",000001466385,24 minutes
dJ8TPjrGxtCKN3g1,Mythic+ Season 3,Personal Logs,Borrunir,Public,1753083609,"July 21, 2025 9:40 AM",000011639764,3 hours
TPGZnkWz8KCthrM1,Mythic+ Season 3,Send it,PoohXanny,Public,1753079845,"July 21, 2025 8:37 AM",000060842307,17 hours
VGkN9TWnqKxPAzQ6,Mythic+ Season 3,Unrivaled,wellsdaddy,Public,1753078682,"July 21, 2025 8:18 AM",000008127959,2 hours
kpn4xFYGQKTH8A1D,Mythic+ Season 3,Personal Logs,1universe,Public,1753078454,"July 21, 2025 8:14 AM",000004285063,an hour
rtDbRTA8Hqwy6hYk,Mythic+ Season 3,Personal Logs,1universe,Public,1753075992,"July 21, 2025 7:33 AM",000001790390,30 minutes
K4XntkR9PyJTwaDb,Mythic+ Season 3,Personal Logs,haywiire,Public,1753074722,"July 21, 2025 7:12 AM",000003628709,an hour
c7GTyF2nX1J9zxwa,Mythic+ Season 3,Personal Logs,Yechongyue,Public,1753068615,"July 21, 2025 5:30 AM",000005608495,2 hours
drzLNmgY63DxcVPR,Mythic+ Season 3,Chaotic Aftermath,mrbadman,Public,1753067453,"July 21, 2025 5:10 AM",000009632038,3 hours
ZH4crfWK1bNykt6a,12 dawn ripweaving testing,Personal Logs,Thorrack,Public,1753065410,"July 21, 2025 4:36 AM",000003340880,an hour
3Arz2FntT9pkW8mV,Mythic+ Season 3,Personal Logs,Dillywow,Public,1753064880,"July 21, 2025 4:28 AM",000010102578,3 hours
AHm3XJhGYMpdQbWK,Mythic+ Season 3,Personal Logs,Gio_KW,Public,1753064232,"July 21, 2025 4:17 AM",000015914491,4 hours
zhALbN83MJwcFWta,ripweaving testing,Personal Logs,Thorrack,Public,1753063558,"July 21, 2025 4:05 AM",000001489456,25 minutes
xaKYfdW7yVTNpFGz,Mythic+ Season 3,Personal Logs,ricardowarrior,Public,1753063461,"July 21, 2025 4:04 AM",000001689915,28 minutes
bZLmx4w6HDd71nPg,Mythic+ Season 3,Personal Logs,Rayocell,Public,1753061352,"July 21, 2025 3:29 AM",000005745026,2 hours
ZxFQ9HtcXVRMNLWG,Mythic+ Season 3,Personal Logs,Idsapdat1,Public,1753060635,"July 21, 2025 3:17 AM",000016805596,5 hours
tCp67HFwY9AXZ2BW,12341241245125,Personal Logs,mellforce,Public,1753047652,"July 20, 2025 11:40 PM",000012989112,4 hours
FcqmvGZRrgMyBYVC,Mythic+ Season 3,Personal Logs,playonbirds,Public,1753045932,"July 20, 2025 11:12 PM",000001535608,26 minutes
qbpHFDk9WYnCVTPM,Mythic+ Season 3,Personal Logs,unbrokenfealty,Public,1753040385,"July 20, 2025 9:39 PM",000008978295,2 hours
ZK49XYhJwL6CkqPp,m+,Personal Logs,Keltharan,Public,1753036553,"July 20, 2025 8:35 PM",000008395169,2 hours
GptmDn4b2Ch8ZxNJ,Mythic+ Season 3,Personal Logs,momokido,Public,1753034935,"July 20, 2025 8:08 PM",000005352100,an hour
AgtyaM1YTGV3QjHb,Mythic+ Season 3,Personal Logs,fishgod,Public,1753034601,"July 20, 2025 8:03 PM",000016414474,5 hours
91NA8JrHfPtVD63q,Mythic+ Season 3,Personal Logs,aaronjlilla,Public,1753033094,"July 20, 2025 7:38 PM",000012453565,3 hours
jpYAhLHQMFz4xGT9,ptr m+,Personal Logs,TomElvis,Public,1753026540,"July 20, 2025 5:49 PM",000013453720,4 hours
4kZWpMABV82GXr3Y,DKT 15回响15圆顶,Personal Logs,Windfire,Public,1753025082,"July 20, 2025 5:24 PM",000008355873,2 hours
jzZdKmHY3FatPBAJ,萨莱茵 12圆顶,Personal Logs,Windfire,Public,1753024766,"July 20, 2025 5:19 PM",000020338514,6 hours
9RfnvKzqbJx6Xam3,Mythic+ Season 3,Personal Logs,Karl666,Public,1753022786,"July 20, 2025 4:46 PM",000008929603,2 hours
JnzRWXZp3d7Nf9mT,enh shaman,Personal Logs,ImKataholic,Public,1753018987,"July 20, 2025 3:43 PM",000004695228,an hour
GK42aYNJvMQPV6Dy,250720 Al’dani +14 SV,Personal Logs,Umbrellas,Public,1753017355,"July 20, 2025 3:15 PM",000004888886,an hour
DRQtbq9JCcaf7dYG,Mythic+ Season 3,Personal Logs,KodyNM,Public,1753013175,"July 20, 2025 2:06 PM",000001821115,30 minutes
6JTnvDM3XjHqtVdh,Mythic+ Season 3,Personal Logs,KodyNM,Public,1753013099,"July 20, 2025 2:04 PM",000005202094,an hour
nj7YfDgZ4TXpQ9WM,Mythic+ Season 3,Personal Logs,Gxhunter,Public,1753008097,"July 20, 2025 12:41 PM",000000800345,13 minutes
8gB1xhaHWpyvjw26,Mythic+ Season 3,Personal Logs,Voltrafy,Public,1752999510,"July 20, 2025 10:18 AM",000010254072,3 hours
jqzW7TRL49aYZAPM,Mythic+ Season 3,Unrivaled,wellsdaddy,Public,1752994461,"July 20, 2025 8:54 AM",000004413989,an hour
9zRnqyvCdG3wa8Ht,Mythic+ Season 3,Personal Logs,slothlog,Public,1752992677,"July 20, 2025 8:24 AM",000002971361,an hour
9QWwaDfh8jZAxr7H,Mythic+ Season 3,Unrivaled,wellsdaddy,Public,1752991699,"July 20, 2025 8:08 AM",000001890834,32 minutes
mZgq8MFQya4Rz2wC,Mythic+ Season 3,Unrivaled,wellsdaddy,Public,1752991675,"July 20, 2025 8:07 AM",000001890834,32 minutes
6NKBZvtHQ9xYdcmW,Mythic+ Season 3,Personal Logs,playonbirds,Public,1752967779,"July 20, 2025 1:29 AM",000004690089,an hour
QPk7RaWnMrfXjLKG,Mythic+ Season 3,Personal Logs,Reileigh,Public,1752967691,"July 20, 2025 1:28 AM",000010089433,3 hours
G8nvB3jTbXz7LDYr,Mythic+ Season 3,Personal Logs,Smaac,Public,1752967207,"July 20, 2025 1:20 AM",000011346542,3 hours
b2kG4LRC8JcHm7Mw,Mythic+ Season 3,Personal Logs,Gio_KW,Public,1752965477,"July 20, 2025 12:51 AM",000006620982,2 hours
naj2XL8VqZMbmFv6,Mythic+ Season 3,Personal Logs,playonbirds,Public,1752965168,"July 20, 2025 12:46 AM",000002009538,33 minutes
XDPyhYQrbxjVvw73,ptr m+ 2,Personal Logs,TomElvis,Public,1752963939,"July 20, 2025 12:25 AM",000013414705,4 hours
71bkxncVwgTPz2Fa,key sat,Personal Logs,Zorjeff,Public,1752963739,"July 20, 2025 12:22 AM",000041044125,11 hours
Bfga3C64GYZnQHcK,Mythic+ Season 3,Personal Logs,Hwoarang,Public,1752963291,"July 20, 2025 12:14 AM",000006295769,2 hours
qAwdXxc3BK6aMFhP,Mythic+ Season 3,Personal Logs,Yechongyue,Public,1752958269,"July 19, 2025 10:51 PM",000029338005,8 hours
6jkV2z8YgaBxXAn4,Mythic+ Season 3,Personal Logs,Aumni,Public,1752953099,"July 19, 2025 9:24 PM",000003099208,an hour
a2Jmc8CAfZLQq1Dd,Mythic+ Season 3,Personal Logs,Gxhunter,Public,1752951621,"July 19, 2025 9:00 PM",000006119798,2 hours
jA3NLWp7fFkg16tX,Mythic+ Season 3,Personal Logs,EX-WIND,Public,1752950599,"July 19, 2025 8:43 PM",000012222647,3 hours
8kdvPVzT3ytHBXbg,Mythic+ Season 3,Personal Logs,Jacqueas73,Public,1752945479,"July 19, 2025 7:17 PM",000017747777,5 hours
anLgHdvAJm2f8tqD,DKT 15回响15水闸16圆顶,Personal Logs,Windfire,Public,1752942924,"July 19, 2025 6:35 PM",000009897127,3 hours
FJ2N4xMfw8qt9nYr,Mythic+ Season 3,Personal Logs,fishgod,Public,1752942724,"July 19, 2025 6:32 PM",000029766282,8 hours
Q6HvBGk3cTNJ1pXY,Mythic+ Season 3,Personal Logs,Sidea,Public,1752942041,"July 19, 2025 6:20 PM",000001086508,18 minutes
nYWrGZk917qAaQP8,Mythic+ Season 3,Personal Logs,jassxqt,Public,1752939135,"July 19, 2025 5:32 PM",000017656881,5 hours
7vrfQVTDY8qgdt4C,ptr m+ 1,Personal Logs,TomElvis,Public,1752938809,"July 19, 2025 5:26 PM",000005765892,2 hours
R3bwcn89gTaM1txd,Mythic+ Season 3,Personal Logs,Isheria,Public,1752927733,"July 19, 2025 2:22 PM",000000238174,4 minutes
ny7ATGjVmraMY9Dt,Mythic+ Season 3,Personal Logs,Isheria,Public,1752927656,"July 19, 2025 2:20 PM",000001363435,23 minutes
PFdGzaTDW38jpqCN,eco dome,Personal Logs,gilprs,Public,1752927178,"July 19, 2025 2:12 PM",000002251793,38 minutes
KA6MWc4X2kCjF8tv,Mythic+ Season 3,Personal Logs,ricardowarrior,Public,1752924453,"July 19, 2025 1:27 PM",000001781017,30 minutes
rkNaf3jFBZPzWmCx,Mythic+ Season 3,Personal Logs,Qiaoling,Public,1752916803,"July 19, 2025 11:20 AM",000009065926,3 hours
Bqtc26pZxKCQgX31,Mythic+ Season 3,Personal Logs,Seleucía,Public,1752912823,"July 19, 2025 10:13 AM",000019199010,5 hours
QYkFgCmpc8hR324Z,250719 Al’dani +15 BM,Personal Logs,Umbrellas,Public,1752907692,"July 19, 2025 8:48 AM",000001730914,29 minutes
FfBb7rgmtdKvzHMw,Mythic+ Season 3,Personal Logs,bauer.ren.a,Public,1752905667,"July 19, 2025 8:14 AM",000001669555,28 minutes
qa3w7J4tbYFQAMr9,Mythic+ Season 3,Personal Logs,Plurl,Public,1752904630,"July 19, 2025 7:57 AM",000009096900,3 hours
JjD4h3xTMW6wN7YC,14 Eco dome dotc,Personal Logs,Thorrack,Public,1752903913,"July 19, 2025 7:45 AM",000013422561,4 hours
kNtC2yJQgGHAwpTq,Mythic+ Season 3,Personal Logs,bauer.ren.a,Public,1752902125,"July 19, 2025 7:15 AM",000007619557,2 hours
zT6GA8KQhWjrvpVm,divers,Personal Logs,Lugway,Public,1752900759,"July 19, 2025 6:52 AM",000011760390,3 hours
JHPThVyrwnBg3km7,Mythic+ Season 3,Personal Logs,Thealbatross,Public,1752899900,"July 19, 2025 6:38 AM",000003337597,an hour
fPgHk7V469pGvd3b,14 Eco dome EC,Personal Logs,Thorrack,Public,1752899736,"July 19, 2025 6:35 AM",000009262684,3 hours
xXaqzDdK3Nkb7nJY,Mythic+ Season 3,Personal Logs,Aleter,Public,1752897915,"July 19, 2025 6:05 AM",000007844823,2 hours
7mFhxjAMnkCYGLK9,14 Eco dome Dotc,Personal Logs,Thorrack,Public,1752896798,"July 19, 2025 5:46 AM",000006283162,2 hours
andWg29HYRzfV6vm,DKT 萨莱茵 圆顶14+1,Personal Logs,Windfire,Public,1752894804,"July 19, 2025 5:13 AM",000002675389,an hour
fvVaybT6t7LQM4RD,eco dome Dotc 12,Personal Logs,Thorrack,Public,1752893616,"July 19, 2025 4:53 AM",000003127892,an hour
xHbjCfQ7nLpz3aP9,Mythic+ Season 3,Send it,PoohXanny,Public,1752891578,"July 19, 2025 4:19 AM",000151187888,2 days
K9TC8hgNZvz4LxnX,Mythic+ Season 3,Personal Logs,jhord,Public,1752886557,"July 19, 2025 2:55 AM",000001492488,25 minutes
LwKJDA8t2vbWgYB1,Eco and Priory,Personal Logs,Shawnzx,Public,1752884243,"July 19, 2025 2:17 AM",000003374798,an hour
mxtjF8Gq9pgdLHwW,Eco and Priory,Personal Logs,Shawnzx,Public,1752884083,"July 19, 2025 2:14 AM",000000434937,7 minutes
rXAcTqW8aJVLhQGt,Mythic+ Season 3,Personal Logs,Voidmend,Public,1752882231,"July 19, 2025 1:43 AM",000004391616,an hour
kGCfazFMHwAKTx1n,Mythic+ Season 3,Personal Logs,shiv613c,Public,1752879992,"July 19, 2025 1:06 AM",000004100631,an hour
J76Dny2WkYKhT9vq,Mythic+ Season 3,Personal Logs,Thealbatross,Public,1752878046,"July 19, 2025 12:34 AM",000008012463,2 hours
7VLdhmrXgMtAbyjw,key friday????,Personal Logs,Zorjeff,Public,1752877562,"July 19, 2025 12:26 AM",000026528014,7 hours
ybVqak4JCL9cHQnX,ptr m+ 1,Personal Logs,TomElvis,Public,1752870858,"July 18, 2025 10:34 PM",000018071466,5 hours
PKt1nNFmTBfzCGWj,Mythic+ Season 3,Chaotic Aftermath,mrbadman,Public,1752862151,"July 18, 2025 8:09 PM",000002580998,43 minutes
fmwAHk27PpTCYy8N,Mythic+ Season 3,Personal Logs,momokido,Public,1752861918,"July 18, 2025 8:05 PM",000019955270,6 hours
mCrTWP7XYbDcN9dM,Mythic+ Season 3,Personal Logs,Jacqueas73,Public,1752858046,"July 18, 2025 7:00 PM",000025873178,7 hours
MCHv4KrWJapfBFnh,Mythic+ Season 3,Personal Logs,Molemidezhu,Public,1752856665,"July 18, 2025 6:37 PM",000005077058,an hour
TRv2YHFV3B1zbMr7,Mythic+ Season 3,Personal Logs,ricardowarrior,Public,1752851329,"July 18, 2025 5:08 PM",000002004385,33 minutes
Bh3NcY1FXz6kq7dL,熊 15圆顶,Personal Logs,Windfire,Public,1752850284,"July 18, 2025 4:51 PM",000005652533,2 hours
CtF2MNjRHvApK8hQ,250718 Al’dani +15 MM,Personal Logs,Umbrellas,Public,1752846408,"July 18, 2025 3:46 PM",000003525380,an hour
8Q3gNa6mryF9xGPJ,Mythic+ Season 3,Personal Logs,Foolseal,Public,1752840259,"July 18, 2025 2:04 PM",000012724163,4 hours
Aqc3QM2rvV6gb4jp,0.0,Personal Logs,Yegu,Public,1752839457,"July 18, 2025 1:50 PM",000013895837,4 hours
46Qa1WdCRqZhz2GP,Mythic+ Season 3,long1216,luo1216,Public,1752839141,"July 18, 2025 1:45 PM",000004412080,an hour
kaqhmPQBW7fgrtw2,Mythic+ Season 3,Personal Logs,Karl666,Public,1752834450,"July 18, 2025 12:27 PM",000028039357,8 hours
MFT2yNYaBhq9nPDb,Mythic+ Season 3,Personal Logs,Isheria,Public,1752828665,"July 18, 2025 10:51 AM",000001319292,22 minutes
2DjKGV67QZ9d1MyP,Mythic+ Season 3,Personal Logs,Isheria,Public,1752824955,"July 18, 2025 9:49 AM",000001573609,26 minutes
Y9CPNfa17cwMrjFq,Mythic+ Season 3,Personal Logs,Spartan-keg,Public,1752816872,"July 18, 2025 7:34 AM",000020245670,6 hours
tF2mJCALzjaB7WQV,Mythic+ Season 3,Personal Logs,Voidmend,Public,1752816277,"July 18, 2025 7:24 AM",000006215899,2 hours
CNfVBLwbdjhHP9Rt,Mythic+ Season 3,Personal Logs,bauer.ren.a,Public,1752814363,"July 18, 2025 6:52 AM",000007619557,2 hours
1g2MZkTNr3Fhqa4y,Mythic+ Season 3,Personal Logs,Voidmend,Public,1752813361,"July 18, 2025 6:36 AM",000003141279,an hour
B6QJ9CadY2RbA7yD,DKT 15圆顶破晨隐修院水闸,Personal Logs,Windfire,Public,1752813295,"July 18, 2025 6:34 AM",000019635947,5 hours
Lkr4X2W8wy6RNbfq,Mythic+ Season 3,Personal Logs,Thealbatross,Public,1752812852,"July 18, 2025 6:27 AM",000005598046,2 hours
3LYW68RhDMAadfbx,Mythic+ Season 3,Personal Logs,Spartan-keg,Public,1752810228,"July 18, 2025 5:43 AM",000013921722,4 hours
4N9Y68Dwz1xRHXkr,ptr thurs patch day,Personal Logs,Zorjeff,Public,1752807322,"July 18, 2025 4:55 AM",000022051812,6 hours
GYrZ1NHQpqzhCjtR,Mythic+ Season 3,Personal Logs,Spartan-keg,Public,1752805616,"July 18, 2025 4:26 AM",000008721189,2 hours
kmNBFgdLQbPy1t7w,Mythic+ Season 3,Personal Logs,Spartan-keg,Public,1752805081,"July 18, 2025 4:18 AM",000008667918,2 hours
Pv1AJW94T7kcnGFd,14 Dotc Guardian Druid Eco Dome,Personal Logs,Thorrack,Public,1752802736,"July 18, 2025 3:38 AM",000002045855,34 minutes
17q8J6cGTFpR9v3g,Mythic+ Season 3,Personal Logs,Spartan-keg,Public,1752798934,"July 18, 2025 2:35 AM",000001965101,33 minutes
pWwyhTvBczGFC2dY,Mythic+ Season 3,Personal Logs,Voidmend,Public,1752798090,"July 18, 2025 2:21 AM",000009342919,3 hours
vfMHR3PAD2xnhWVj,Mythic+ Season 3,Personal Logs,Karl666,Public,1752794344,"July 18, 2025 1:19 AM",000005819871,2 hours
ZNHhKx4kFGTB6Lg8,eco-dome,Personal Logs,friarbison,Public,1752792357,"July 18, 2025 12:45 AM",000002191459,37 minutes
GtvJj9WL1TBmxPpr,Mythic+ Season 3,Personal Logs,Voidmend,Public,1752791838,"July 18, 2025 12:37 AM",000002944144,an hour
GPtTJZqKFz8HnRvm,Mythic+ Season 3,Personal Logs,Karl666,Public,1752790402,"July 18, 2025 12:13 AM",000003011559,an hour
Wpc27CB3TkzrXwtM,Mythic+ Season 3,Personal Logs,highwawa11,Public,1752272724,"July 12, 2025 12:25 AM",000001660238,28 minutes
Bng3tjdCVmLW84Xa,Mythic+ Season 3,Personal Logs,dundiggs,Public,1751547627,"July 3, 2025 3:00 PM",000001621550,27 minutes
Yh4qkHgjX1vBDryV,Mythic+ Season 3,Personal Logs,makoraa,Public,1751474447,"July 2, 2025 6:40 PM",000002780438,an hour
cCJ9KLqYN4Rwvd8y,Mythic+ Season 3,Personal Logs,reiley,Public,1751473181,"July 2, 2025 6:19 PM",000010377688,3 hours
FdkAGbwmL9KzRMcp,Mythic+ Season 3,Personal Logs,slothlog,Public,1751471381,"July 2, 2025 5:49 PM",000001768683,29 minutes
9WVQ6JbPydAkjGfZ,aug +15 2+2pc chrono,Personal Logs,MadK0rts,Public,1751467026,"July 2, 2025 4:37 PM",000006249060,2 hours
2DVrNcZ6tY1xJQyd,Mythic+ Season 3,Personal Logs,MadK0rts,Public,1751464163,"July 2, 2025 3:49 PM",000003137364,an hour
kTwMJg7a1DmRfdhn,PT R,Personal Logs,JackAlexKoh,Public,1751459528,"July 2, 2025 2:32 PM",000004914916,an hour
wCWD6qMgB3a7yx8J,Mythic+ Season 3,Personal Logs,Hwoarang,Public,1751454205,"July 2, 2025 1:03 PM",000002523094,42 minutes
GQ4NtwK2YzMkgLAW,PTR PT1到7,Personal Logs,JackAlexKoh,Public,1751453971,"July 2, 2025 12:59 PM",000001154681,19 minutes
6adkFVJvNjy2AHqW,Mythic+ Season 3,Personal Logs,momokido,Public,1751453629,"July 2, 2025 12:53 PM",000006019749,2 hours
98FDZM2Cvz4wPk3G,Mythic+ Season 3,Personal Logs,jbw8229,Public,1751450875,"July 2, 2025 12:07 PM",000008096696,2 hours
Jx6aLNyMG3B81FYb,Mythic+ Season 3,Personal Logs,Yechongyue,Public,1751447739,"July 2, 2025 11:15 AM",000003297268,an hour
NBgqCfhwzZGxbkF4,Mythic+ Season 3,Personal Logs,jbw8229,Public,1751444341,"July 2, 2025 10:19 AM",000001601172,27 minutes
6Tfb1qw3X4ZWgV87,Mythic+ Season 3,Personal Logs,jbw8229,Public,1751440726,"July 2, 2025 9:18 AM",000005970093,2 hours
PbqY7h8ptDxc6KBa,Mythic+ Season 3,Zero Effort,Knardrolan,Public,1751425341,"July 2, 2025 5:02 AM",000002713571,an hour
9MPv63y2JTGB8RYX,Mythic+ Season 3,Personal Logs,Sidea,Public,1751410162,"July 2, 2025 12:49 AM",000006336297,2 hours
