Type,Dungeon,Boss,Week,stats,Dk,DkBlood,DkFrost,DkUnholy,DhHavoc,DhVeng,DruidBoomie,DruidCat,DruidBear,DruidResto,EvokerDev,EvokerPres,EvokerAug,HunterBm,HunterMm,HunterSv,MageArcane,MageFire,MageFrost,MonkBrew,MonkMw,MonkWw,PaladinHoly,PaladinProt,PaladinRet,PriestDisc,PriestHoly,PriestShadow,RogueSin,RogueOutlaw,RogueSub,ShamanEle,ShamanEnh,ShamanResto,WarlockAff,WarlockDemo,WarlockDest,WarriorArms,WarriorFury,WarriorProt,ID
,City of Threads,Last,both,M>C,0%,,,,,,,,,,,,,,,,,,,,,,,,,,,,,,,,,,,,,,,,221187
,Dawnbreaker,Last,both,H>C,0%,,,,,,,,,,,,,,,,,,,,,,,,,,,,,,,,,,,,,,,,212440
,Grim Batol,Last,m0,H>C,0%,,,,,,,,,,,,,,,,,,,,,,,,,,,,,,,,,,,,,,,,133302
,Mists of Tirna,Last,m0,V>H,0%,,,,,,,,,,,,,,,,,,,,,,,,,,,,,,,,,,,,,,,,178693
,Necrotic Wake,1st,m0,C>M,0%,,,,,,,,,,,,,,,,,,,,,,,,,,,,,,,,,,,,,,,,178732
,Siege of Boralus,Last,m0,H>C,0%,,,,,,,,,,,,,,,,,,,,,,,,,,,,,,,,,,,,,,,,231818
,Ara-Kara,Last,both,M>V,0%,,,,,,,,,,,,,,,,,,,33%,,33%,,,,,,,,,,,,,,,,,,,221163
,Stonevault,2nd,both,C>H,0%,,,,,,50%,,,50%,,,,,,,,,,,,,,,,,,,,,,,,,,,,,,,221081
,Mists of Tirna,2nd,m0,H>M,0%,,,,,,,33%,33%,,,,,,,,,,,33%,,33%,,,,,,,25%,,25%,,,,,,,,,,178691
,Siege of Boralus,Last,m0,V>M,0%,,,,,,,,,,,,,,,,,,,,,,,,,,,,,,,,,,,,,,,,231824
,Ara-Kara,2nd,both,M>H,0%,,,,,,,,,,,,,,,,,,,,,,,,,,,,,,,,,,,,,,,,221156
,Grim Batol,1st,m0,H>C,0%,,,,,,,,,,,,,,,,,,,,,,,,,,,,,,,,,,,,,,,,133285
,Mists of Tirna,1st,m0,M>H,0%,,,,,,,,,,,,,,,,,,,,,,,,,,,,,,,25%,,25%,,,,,,,178692
,Necrotic Wake,2nd,m0,C>M,0%,,,,,,,,,,,,,,,,,,,,,,,,,,,,,,,,50%,,,,,,,,178738
,Mists of Tirna,1st,m0,H>M,50%,,,,,,,,,,,,,,,,,,,,,,33%,,50%,,,,,,,,,,,,,50%,50%,,178694
,Necrotic Wake,Last,m0,V>H,33%,,,,,,,,,,,,,,,,,,,,,,33%,,33%,,,,,,,,,,,,,33%,33%,,178777
"Head (Dk, m0)",2 available in m0,,m0,,16%,,,,,,,,,,,,,,,,,,,,,,,,,,,,,,,,,,,,,,,,
"Head (Paladin, m0)",2 available in m0,,m0,,,,,,,,,,,,,,,,,,,,,,,,13%,,16%,,,,,,,,,,,,,,,,
"Head (Warrior, m0)",2 available in m0,,m0,,,,,,,,,,,,,,,,,,,,,,,,,,,,,,,,,,,,,,,16%,16%,,
"Head (Dh, m0)",4 available in m0,,m0,,,,,,,,,,,,,,,,,,,,,,,,,,,,,,,,,,,,,,,,,,
"Head (Druid, m0)",4 available in m0,,m0,,,,,,,,32%,,,32%,,,,,,,,,,,,,,,,,,,,,,,,,,,,,,,
"Head (Evoker, m0)",4 available in m0,,m0,,,,,,,,,,,,,,,,,,,,,,,,,,,,,,,,,,,,,,,,,,
"Head (Hunter, m0)",4 available in m0,,m0,,,,,,,,,,,,,,,,,,,,,,,,,,,,,,,,,,,,,,,,,,
"Head (Monk, m0)",4 available in m0,,m0,,,,,,,,,,,,,,,,,,,,,37%,,37%,,,,,,,,,,,,,,,,,,,
"Head (Rogue, m0)",4 available in m0,,m0,,,,,,,,,,,,,,,,,,,,,,,,,,,,,,38%,,38%,,,,,,,,,,
"Head (Shaman, m0)",4 available in m0,,m0,,,,,,,,,,,,,,,,,,,,,,,,,,,,,,,,,,32%,,,,,,,,
"Head (Mage, m0)",6 available in m0,,m0,,,,,,,,,,,,,,,,,,,,,,,,,,,,,,,,,,,,,,,,,,
"Head (Priest, m0)",6 available in m0,,m0,,,,,,,,,,,,,,,,,,,,,,,,,,,,,,,,,,,,,,,,,,
"Head (Warlock, m0)",6 available in m0,,m0,,,,,,,,,,,,,,,,,,,,,,,,,,,,,,,,,,,,,,,,,,
,Dawnbreaker,1st,both,V>C,0%,,,,,,,,,,,,,,,,,,,,,,,,,,,,,,,,,,,,,,,,221135
,Mists of Tirna,1st,m0,C>V,0%,,,,,,,,,,,,,,,,,,,,,,,,,,,,,,,,,,,,,,,,178696
,Necrotic Wake,2nd,m0,H>M,0%,,,,,,,,,,,,,,,,,,,,,,,,,,,,,,,,,,,,,,,,178740
,City of Threads,2nd,both,V>C,0%,,,,50%,,25%,50%,,33%,,,,,,,,,,,50%,50%,,,,,,,,,,,,,,,,,,,221175
,Stonevault,Last,both,C>V,0%,,,,,,,,,,,,,,,,,,,33%,,33%,,,,,,,,33%,,,,,,,,,,,221094
,Necrotic Wake,Last,m0,M>V,0%,,,,,,,,,33%,,,,,,,,,,,33%,,,,,,,,,,,,,,,,,,,,178779
,Dawnbreaker,2nd,both,M>V,0%,,,,,,,,,,,,,,,20%,,,,,,,,,,,,,,,,,,,,,,,,,221140
,Grim Batol,Last,m0,C>M,0%,,,,,,,,,,,,,,,,,,,,,,,,,,,,,,,20%,,20%,,,,,,,133374
,Mists of Tirna,2nd,m0,H>M,0%,,,,,,,,,,,,,,,,,,,,,,,,,,,,,,,,33%,,,,,,,,178695
,Necrotic Wake,1st,m0,V>M,0%,,,,,,,,,,,,,33%,33%,,,,,,,,,,,,,,,,,,,,,,,,,,178733
,Siege of Boralus,Last,m0,H>C,0%,,,,,,,,,,,,,,,,,,,,,,,,,,,,,,,,,,,,,,,,231826
,Ara-Kara,2nd,both,V>M,50%,33%,,,,,,,,,,,,,,,,,,,,,,33%,,,,,,,,,,,,,,,,33%,221155
,City of Threads,Last,both,C>H,33%,,,,,,,,,,,,,,,,,,,,,,33%,,33%,,,,,,,,,,,,,33%,33%,,221185
,Grim Batol,3rd,m0,M>H,33%,,,,,,,,,,,,,,,,,,,,,,,,,,,,,,,,,,,,,,,,133294
,Mists of Tirna,2nd,m0,M>V,33%,,,,,,,,,,,,,,,,,,,,,,,,,,,,,,,,,,,,,,,,178697
,Necrotic Wake,3rd,m0,C>V,50%,,33%,33%,,,,,,,,,,,,,,,,,,,,33%,33%,,,,,,,,,,,,,,,,178749
,Siege of Boralus,Last,m0,M>H,50%,,,,,,,,,,,,,,,,,,,,,,,,,,,,,,,,,,,,,,,,231830
"Shoulders (Dh, m0)",3 available in m0,,m0,,,,,,24%,,,,,,,,,,,,,,,,,,,,,,,,,,,,,,,,,,,,
"Shoulders (Druid, m0)",3 available in m0,,m0,,,,,,,,23%,27%,,21%,,,,,,,,,,,,,,,,,,,,,,,,,,,,,,,
"Shoulders (Mage, m0)",3 available in m0,,m0,,,,,,,,,,,,,,,,,,,,,,,,,,,,,,,,,,,,,,,,,,
"Shoulders (Monk, m0)",3 available in m0,,m0,,,,,,,,,,,,,,,,,,,,,,24%,24%,,,,,,,,,,,,,,,,,,,
"Shoulders (Priest, m0)",3 available in m0,,m0,,,,,,,,,,,,,,,,,,,,,,,,,,,,,,,,,,,,,,,,,,
"Shoulders (Rogue, m0)",3 available in m0,,m0,,,,,,,,,,,,,,,,,,,,,,,,,,,,,,,24%,,,,,,,,,,,
"Shoulders (Warlock, m0)",3 available in m0,,m0,,,,,,,,,,,,,,,,,,,,,,,,,,,,,,,,,,,,,,,,,,
"Shoulders (Evoker, m0)",5 available in m0,,m0,,,,,,,,,,,,,,,,,,,,,,,,,,,,,,,,,,,,,,,,,,
"Shoulders (Hunter, m0)",5 available in m0,,m0,,,,,,,,,,,,,,,29%,29%,,,,,,,,,,,,,,,,,,,,,,,,,,
"Shoulders (Shaman, m0)",5 available in m0,,m0,,,,,,,,,,,,,,,,,,,,,,,,,,,,,,,,,,32%,,,,,,,,
"Shoulders (Dk, m0)",6 available in m0,,m0,,38%,,,,,,,,,,,,,,,,,,,,,,,,,,,,,,,,,,,,,,,,
"Shoulders (Paladin, m0)",6 available in m0,,m0,,,,,,,,,,,,,,,,,,,,,,,,,38%,38%,,,,,,,,,,,,,,,,
"Shoulders (Warrior, m0)",6 available in m0,,m0,,,,,,,,,,,,,,,,,,,,,,,,,,,,,,,,,,,,,,,,,,
,City of Threads,2nd,both,C>H,0%,,,,,,,,,,,,,,,,,,,,,,,,,,,25%,,,,,,,,,,,,,221176
,Stonevault,Last,both,V>H,0%,,,,,,,,,,,,,,,,,,,,,,,,,,,,,,,,,,,,,,,,221095
,City of Threads,Last,both,H>M,0%,,,,,,33%,,,33%,,,,,,,,,,,33%,,,,,,,,33%,,33%,,,,,,,,,,221188
,Grim Batol,1st,m0,M>H,0%,,,,,,,,,,,,,,,,,,,33%,,33%,,,,,,,,,,,,,,,,,,,133284
,Grim Batol,Last,m0,M>C,0%,,,,,,20%,,,20%,,,,,,,,,,,20%,,,,,,,,,,,,,,,,,,,,133297
,Mists of Tirna,1st,m0,H>C,0%,,,,,,33%,,,33%,,,,,,,,,,,33%,,,,,,,,,,,,,,,,,,,,178698
,Necrotic Wake,3rd,m0,M>C,0%,,,,50%,,50%,50%,,,,,,,,,,,,,,50%,,,,,,,33%,,33%,,,,,,,,,,178744
,Siege of Boralus,Last,m0,C>H,0%,,,,,,,,,,,,,,,,,,,,,,,,,,,,,,,,,,,,,,,,231822
,City of Threads,3rd,both,M>V,0%,,,,,,,,,,,33%,,,,,,,,,,,,,,,,,,,,33%,,25%,,,,,,,221179
,Siege of Boralus,Last,m0,M>H,0%,,,,,,,,,,,,,,,,,,,,,,,,,,,,,,,,,,,,,,,,231825
,Ara-Kara,Last,both,V>H,100%,,,,,,,,,,,,,,,,,,,,,,50%,,,,,,,,,,,,,,,,,,221161
,Dawnbreaker,2nd,both,C>V,50%,,,,,,,,,,,,,,,,,,,,,,33%,,,,,,,,,,,,,,,,,,221139
,Siege of Boralus,Last,m0,M>H,50%,,,,,,,,,,,,,,,,,,,,,,,,,,,,,,,,,,,,,,,,231827
"Chest (Evoker, m0)",2 available in m0,,m0,,,,,,,,,,,,,16%,,,,,,,,,,,,,,,,,,,,,,,,,,,,,
"Chest (Hunter, m0)",2 available in m0,,m0,,,,,,,,,,,,,,,,,,,,,,,,,,,,,,,,,,,,,,,,,,
"Chest (Mage, m0)",2 available in m0,,m0,,,,,,,,,,,,,,,,,,,,,,,,,,,,,,,,,,,,,,,,,,
"Chest (Priest, m0)",2 available in m0,,m0,,,,,,,,,,,,,,,,,,,,,,,,,,,,,15%,,,,,,,,,,,,,
"Chest (Shaman, m0)",2 available in m0,,m0,,,,,,,,,,,,,,,,,,,,,,,,,,,,,,,,,16%,,15%,,,,,,,
"Chest (Warlock, m0)",2 available in m0,,m0,,,,,,,,,,,,,,,,,,,,,,,,,,,,,,,,,,,,,,,,,,
"Chest (Dk, m0)",3 available in m0,,m0,,35%,,,,,,,,,,,,,,,,,,,,,,,,,,,,,,,,,,,,,,,,
"Chest (Paladin, m0)",3 available in m0,,m0,,,,,,,,,,,,,,,,,,,,,,,,24%,,,,,,,,,,,,,,,,,,
"Chest (Warrior, m0)",3 available in m0,,m0,,,,,,,,,,,,,,,,,,,,,,,,,,,,,,,,,,,,,,,,,,
"Chest (Dh, m0)",6 available in m0,,m0,,,,,,46%,,,,,,,,,,,,,,,,,,,,,,,,,,,,,,,,,,,,
"Chest (Druid, m0)",6 available in m0,,m0,,,,,,,,37%,48%,,44%,,,,,,,,,,,,,,,,,,,,,,,,,,,,,,,
"Chest (Monk, m0)",6 available in m0,,m0,,,,,,,,,,,,,,,,,,,,,,46%,48%,,,,,,,,,,,,,,,,,,,
"Chest (Rogue, m0)",6 available in m0,,m0,,,,,,,,,,,,,,,,,,,,,,,,,,,,,,44%,,44%,,,,,,,,,,
,City of Threads,3rd,both,H>C,0%,,,,,,,,,,,,,,,,,,,,,,,,,33%,33%,,,,,,,,,,,,,,221182
,Grim Batol,3rd,m0,H>C,0%,,,,,,,,,,,,,,,,,,,,,,,,,,,,,,,,,,,,,,,,133295
,Mists of Tirna,1st,m0,H>V,0%,,,,,,,,,,,,,,,,,,,,,,,,,,,,,,,,,,,,,,,,178704
,Necrotic Wake,Last,m0,M>V,0%,,,,,,,,,,,,,,,,,,,,,,,,,33%,33%,,,,,,,,,,,,,,178782
,Siege of Boralus,Last,m0,M>H,0%,,,,,,,,,,,,,,,,,,,,,,,,,,,,,,,,,,,,,,,,159256
,Ara-Kara,2nd,both,C>M,0%,,,,,33%,,,33%,,,,,,,,,,,33%,,,,,,,,,,,,,,,,,,,,,221157
,Dawnbreaker,2nd,both,H>C,0%,,,,,,,25%,25%,,,,,,,,,,,25%,,25%,,,,,,,25%,,25%,,,,,,,,,,221142
,Mists of Tirna,Last,m0,C>V,0%,,,,,,33%,,,33%,,,,,,,,,,,33%,,,,,,,,,,,,,,,,,,,,178702
,Necrotic Wake,2nd,m0,H>V,0%,,,,,,,50%,50%,,,,,,,,,,,,,,,,,,,,,,,,,,,,,,,,178741
,City of Threads,2nd,both,C>M,0%,,,,,,,,,,25%,,25%,,,,,,,,,,,,,,,,,,,25%,,33%,,,,,,,221174
,Mists of Tirna,Last,m0,M>V,0%,,,,,,,,,,,,,,,,,,,,,,,,,,,,,,,33%,,33%,,,,,,,178703
,Siege of Boralus,2nd,m0,V>H,0%,,,,,,,,,,,,,,,,,,,,,,,,,,,,,,,,33%,,,,,,,,159372
,City of Threads,1st,both,H>V,50%,,,,,,,,,,,,,,,,,,,,,,,,,,,,,,,,,,,,,,,,221167
,Dawnbreaker,Last,both,C>H,25%,,,,,,,,,,,,,,,,,,,,,,,25%,25%,,,,,,,,,,,,,,,,212437
,Grim Batol,1st,m0,M>H,50%,,,,,,,,,,,,,,,,,,,,,,,,,,,,,,,,,,,,,,,,133306
"Wrists (Dk, m0)",3 available in m0,,m0,,23%,,,,,,,,,,,,,,,,,,,,,,,,,,,,,,,,,,,,,,,,
"Wrists (Evoker, m0)",3 available in m0,,m0,,,,,,,,,,,,23%,,23%,,,,,,,,,,,,,,,,,,,,,,,,,,,,
"Wrists (Hunter, m0)",3 available in m0,,m0,,,,,,,,,,,,,,,,,,,,,,,,,,,,,,,,,,,,,,,,,,
"Wrists (Paladin, m0)",3 available in m0,,m0,,,,,,,,,,,,,,,,,,,,,,,,,23%,23%,,,,,,,,,,,,,,,,
"Wrists (Shaman, m0)",3 available in m0,,m0,,,,,,,,,,,,,,,,,,,,,,,,,,,,,,,,,20%,,21%,,,,,,,
"Wrists (Warrior, m0)",3 available in m0,,m0,,,,,,,,,,,,,,,,,,,,,,,,,,,,,,,,,,,,,,,,,,
"Wrists (Dh, m0)",4 available in m0,,m0,,,,,,,29%,,,,,,,,,,,,,,,,,,,,,,,,,,,,,,,,,,,
"Wrists (Druid, m0)",4 available in m0,,m0,,,,,,,,,31%,28%,,,,,,,,,,,,,,,,,,,,,,,,,,,,,,,,
"Wrists (Monk, m0)",4 available in m0,,m0,,,,,,,,,,,,,,,,,,,,,28%,29%,,,,,,,,,,,,,,,,,,,,
"Wrists (Rogue, m0)",4 available in m0,,m0,,,,,,,,,,,,,,,,,,,,,,,,,,,,,,31%,,31%,,,,,,,,,,
"Wrists (Mage, m0)",5 available in m0,,m0,,,,,,,,,,,,,,,,,,,,,,,,,,,,,,,,,,,,,,,,,,
"Wrists (Priest, m0)",5 available in m0,,m0,,,,,,,,,,,,,,,,,,,,,,,,,,,30%,30%,,,,,,,,,,,,,,
"Wrists (Warlock, m0)",5 available in m0,,m0,,,,,,,,,,,,,,,,,,,,,,,,,,,,,,,,,,,,,,,,,,
,City of Threads,1st,both,C>V,0%,,,,,,,,,,,,,,,,,,,,,,,,,,,,,,,,,,,,,,,,221170
,Mists of Tirna,2nd,m0,H>C,0%,,,,,,,,,,,,,,,,,,,,,,,,,,,,,,,,,,,,,,,,178705
,Necrotic Wake,3rd,m0,M>C,0%,,,,,,,,,,,,,,,,,,,,,,,,,,,50%,,,,,,,,,,,,,178748
,Siege of Boralus,2nd,m0,C>M,0%,,,,,,,,,,,,,,,,,,,,,,,,,,,,,,,,,,,,,,,,159237
,City of Threads,3rd,both,H>C,0%,,,,,,,,,33%,,,,,,,,,,,33%,,,,,,,,,,,,,,,,,,,,221180
,Siege of Boralus,1st,m0,H>M,0%,,,,,,,,,,,,,,,,,,,33%,,33%,,,,,,,,33%,,,,,,,,,,,159968
,Ara-Kara,Last,both,V>H,0%,,,,,,,,,,,,,,,33%,,,,,,,,,,,,,,,,33%,,33%,,,,,,,221162
,Stonevault,2nd,both,V>C,0%,,,,,,,,,,,,,,,,,,,,,,,,,,,,,,,50%,,50%,,,,,,,221080
,Ara-Kara,1st,both,H>V,50%,,,,,,,,,,,,,,,,,,,,,,33%,,,,,,,,,,,,,,,,,,221151
,Stonevault,3rd,both,H>C,50%,,33%,33%,,,,,,,,,,,,,,,,,,,33%,,33%,,,,,,,,,,,,,33%,33%,,221086
,Mists of Tirna,2nd,m0,M>C,33%,,,,,,,,,,,,,,,,,,,,,,,,,,,,,,,,,,,,,,,,178706
,Siege of Boralus,2nd,m0,C>M,50%,,33%,,,,,,,,,,,,,,,,,,,,,33%,,,,,,,,,,,,,,,33%,33%,159429
"Hands (Dh, m0)",2 available in m0,,m0,,,,,,,,,,,,,,,,,,,,,,,,,,,,,,,,,,,,,,,,,,
"Hands (Druid, m0)",2 available in m0,,m0,,,,,,,,,,,16%,,,,,,,,,,,,,,,,,,,,,,,,,,,,,,,
"Hands (Evoker, m0)",2 available in m0,,m0,,,,,,,,,,,,,,,,,,,,,,,,,,,,,,,,,,,,,,,,,,
"Hands (Hunter, m0)",2 available in m0,,m0,,,,,,,,,,,,,,,,,25%,,,,,,,,,,,,,,,,,,,,,,,,,
"Hands (Monk, m0)",2 available in m0,,m0,,,,,,,,,,,,,,,,,,,,,,,,,,,,,,,,,,,,,,,,,,
"Hands (Rogue, m0)",2 available in m0,,m0,,,,,,,,,,,,,,,,,,,,,,,,,,,,,,,16%,,,,,,,,,,,
"Hands (Shaman, m0)",2 available in m0,,m0,,,,,,,,,,,,,,,,,,,,,,,,,,,,,,,,,16%,,16%,,,,,,,
"Hands (Dk, m0)",4 available in m0,,m0,,32%,,27%,29%,,,,,,,,,,,,,,,,,,,,,,,,,,,,,,,,,,,,,
"Hands (Mage, m0)",4 available in m0,,m0,,,,,,,,,,,,,,,,,,,,,,,,,,,,,,,,,,,,,,,,,,
"Hands (Paladin, m0)",4 available in m0,,m0,,,,,,,,,,,,,,,,,,,,,,,,27%,,,,,,,,,,,,,,,,,,
"Hands (Priest, m0)",4 available in m0,,m0,,,,,,,,,,,,,,,,,,,,,,,,,,,,,32%,,,,,,,,,,,,,
"Hands (Warlock, m0)",4 available in m0,,m0,,,,,,,,,,,,,,,,,,,,,,,,,,,,,,,,,,,,,,,,,,
"Hands (Warrior, m0)",4 available in m0,,m0,,,,,,,,,,,,,,,,,,,,,,,,,,,,,,,,,,,,,,,,27%,,
,Ara-Kara,2nd,both,C>H,0%,,,,,,,,,,,,,,,,,,,,,,,,,,,,,,,,,,,,,,,,221158
,Stonevault,3rd,both,V>M,0%,,,,,,,,,,,,,,,,,,,,,,,,,,,,,,,,,,,,,,,,221087
,Siege of Boralus,1st,m0,H>M,0%,,,,,,,,,,,,,,,,,,,,,,,,,,,,,,,,,,,,,,,,159965
,Dawnbreaker,1st,both,C>M,0%,,,,,,33%,,,33%,,,,,,,,,,,33%,,,,,,,,,,,,,,,,,,,,221134
,Dawnbreaker,Last,both,H>C,0%,,,,,,,,,,,,,,,,,,,25%,,25%,,,,,,,,25%,,,,,,,,,,,225583
,Grim Batol,2nd,m0,H>C,0%,,,,,33%,,,33%,33%,,,,,,,,,,33%,33%,,,,,,,,,,,,,,,,,,,,133353
,Mists of Tirna,Last,m0,H>V,0%,,,,,,33%,,,33%,,,,,,,,,,,33%,,,,,,,,,,,,,,,,,,,,178699
,Siege of Boralus,2nd,m0,H>C,0%,,,,,,,33%,33%,,,,,,,,,,,33%,,33%,,,,,,,,,,,,,,,,,,,159309
,City of Threads,1st,both,H>M,0%,,,,,,,,,,,,,,,,,,,,,,,,,,,,,,,33%,,33%,,,,,,,221168
,Stonevault,1st,both,H>M,0%,,,,,,,,,,,,,,,,,,,,,,,,,,,,,,,33%,,33%,,,,,,,221075
,Mists of Tirna,1st,m0,V>M,0%,,,,,,,,,,,,,,,,,,,,,,,,,,,,,,,25%,,25%,,,,,,,178700
,Siege of Boralus,3rd,m0,H>C,0%,,,,,,,,,,33%,,33%,,,,,,,,,,,,,,,,,,,33%,33%,,,,,,,,159386
,Dawnbreaker,1st,both,M>H,33%,,,,,,,,,,,,,,,,,,,,,,,,,,,,,,,,,,,,,,,,221133
,Stonevault,2nd,both,C>M,50%,,,,,,,,,,,,,,,,,,,,,,,,,,,,,,,,,,,,,,,,221079
,Grim Batol,2nd,m0,H>C,50%,33%,,,,,,,,,,,,,,,,,,,,,33%,33%,,,,,,,,,,,,,,,,33%,133289
,Necrotic Wake,1st,m0,M>V,50%,,33%,,,,,,,,,,,,,,,,,,,,,33%,,,,,,,,,,,,,,,33%,33%,178734
,Siege of Boralus,2nd,m0,C>V,50%,,33%,,,,,,,,,,,,,,,,,,,,,33%,,,,,,,,,,,,,,,33%,33%,159434
"Waist (Mage, m0)",3 available in m0,,m0,,,,,,,,,,,,,,,,,,,,,,,,,,,,,,,,,,,,,,,,,,
"Waist (Priest, m0)",3 available in m0,,m0,,,,,,,,,,,,,,,,,,,,,,,,,,,,,,,,,,,,,,,,,,
"Waist (Warlock, m0)",3 available in m0,,m0,,,,,,,,,,,,,,,,,,,,,,,,,,,,,,,,,,,,,,,,,,
"Waist (Evoker, m0)",4 available in m0,,m0,,,,,,,,,,,,25%,,25%,,,,,,,,,,,,,,,,,,,,,,,,,,,,
"Waist (Hunter, m0)",4 available in m0,,m0,,,,,,,,,,,,,,,,,,,,,,,,,,,,,,,,,,,,,,,,,,
"Waist (Shaman, m0)",4 available in m0,,m0,,,,,,,,,,,,,,,,,,,,,,,,,,,,,,,,,23%,,25%,,,,,,,
"Waist (Dh, m0)",5 available in m0,,m0,,,,,,,33%,,,,,,,,,,,,,,,,,,,,,,,,,,,,,,,,,,,
"Waist (Dk, m0)",5 available in m0,,m0,,39%,36%,34%,,,,,,,,,,,,,,,,,,,,,,,,,,,,,,,,,,,,,,
"Waist (Druid, m0)",5 available in m0,,m0,,,,,,,,34%,,34%,32%,,,,,,,,,,,,,,,,,,,,,,,,,,,,,,,
"Waist (Monk, m0)",5 available in m0,,m0,,,,,,,,,,,,,,,,,,,,,33%,32%,,,,,,,,,,,,,,,,,,,,
"Waist (Paladin, m0)",5 available in m0,,m0,,,,,,,,,,,,,,,,,,,,,,,,36%,32%,,,,,,,,,,,,,,,,,
"Waist (Rogue, m0)",5 available in m0,,m0,,,,,,,,,,,,,,,,,,,,,,,,,,,,,,,35%,,,,,,,,,,,
"Waist (Warrior, m0)",5 available in m0,,m0,,,,,,,,,,,,,,,,,,,,,,,,,,,,,,,,,,,,,,,,34%,32%,
,Ara-Kara,Last,both,H>C,0%,,,,,,,,,,,,,,,,,,,,,,,,,,,,,,,,,,,,,,,,221164
,Stonevault,1st,both,M>C,0%,,,,,,,,,,,,,,,,,,,,,,,,,,,,,,,,,,,,,,,,221076
,Grim Batol,2nd,m0,H>M,0%,,,,,,,,,,,,,,,,,,,,,,,,,33%,33%,,,,,,,,,,,,,,133308
,Siege of Boralus,2nd,m0,V>H,0%,,,,,,,,,,,,,,,,,,,,,,,,,,,,,,,,,,,,,,,,159250
,Ara-Kara,1st,both,M>C,0%,,,,,,,,,,,,,,,,,,,,33%,,,,,,,,,,,,,,,,,,,,221153
,Grim Batol,3rd,m0,H>C,0%,,,,,,,,,,,,,,,,,,,,,,,,,,,,25%,,25%,,,,,,,,,,133354
,Siege of Boralus,3rd,m0,C>H,0%,,,,33%,,33%,33%,,,,,,,,,,,,,,33%,,,,,,,,,,,,,,,,,,,159322
,City of Threads,Last,both,H>V,0%,,,,,,,,,,,,,,,,,,,,,,,,,,,,,,,33%,,33%,,,,,,,221186
,Necrotic Wake,Last,m0,V>H,0%,,,,,,,,,,,33%,,,,,,,,,,,,,,,,,,,,,,33%,,,,,,,178778
,Siege of Boralus,1st,m0,V>M,0%,,,,,,,,,,,,,,,,,,,,,,,,,,,,,,,,33%,,,,,,,,159969
,City of Threads,2nd,both,M>H,100%,,50%,50%,,,,,,,,,,,,,,,,,,,50%,,50%,,,,,,,,,,,,,50%,50%,,221173
,Stonevault,Last,both,M>C,50%,,33%,,,,,,,,,,,,,,,,,,,,,33%,,,,,,,,,,,,,,,33%,33%,221092
,Mists of Tirna,Last,m0,M>H,100%,,50%,,,,,,,,,,,,,,,,,,,,50%,33%,,,,,,,,,,,,,,,50%,33%,178701
,Necrotic Wake,2nd,m0,C>M,100%,,,,,,,,,,,,,,,,,,,,,,50%,,,,,,,,,,,,,,,,,,178739
,Siege of Boralus,1st,m0,M>V,33%,,,,,,,,,,,,,,,,,,,,,,,,33%,,,,,,,,,,,,,33%,33%,,159427
"Legs (Dh, m0)",3 available in m0,,m0,,,,,,21%,,,,,,,,,,,,,,,,,,,,,,,,,,,,,,,,,,,,
"Legs (Druid, m0)",3 available in m0,,m0,,,,,,,,21%,21%,,,,,,,,,,,,,,,,,,,,,,,,,,,,,,,,,
"Legs (Evoker, m0)",3 available in m0,,m0,,,,,,,,,,,,,21%,,,,,,,,,,,,,,,,,,,,,,,,,,,,,
"Legs (Hunter, m0)",3 available in m0,,m0,,,,,,,,,,,,,,,,,,,,,,,,,,,,,,,,,,,,,,,,,,
"Legs (Monk, m0)",3 available in m0,,m0,,,,,,,,,,,,,,,,,,,,,,21%,21%,,,,,,,,,,,,,,,,,,,
"Legs (Rogue, m0)",3 available in m0,,m0,,,,,,,,,,,,,,,,,,,,,,,,,,,,,,20%,,20%,,,,,,,,,,
"Legs (Shaman, m0)",3 available in m0,,m0,,,,,,,,,,,,,,,,,,,,,,,,,,,,,,,,,,,21%,,,,,,,
"Legs (Mage, m0)",4 available in m0,,m0,,,,,,,,,,,,,,,,,,,,,,,,,,,,,,,,,,,,,,,,,,
"Legs (Priest, m0)",4 available in m0,,m0,,,,,,,,,,,,,,,,,,,,,,,,,,,29%,29%,,,,,,,,,,,,,,
"Legs (Warlock, m0)",4 available in m0,,m0,,,,,,,,,,,,,,,,,,,,,,,,,,,,,,,,,,,,,,,,,,
"Legs (Dk, m0)",5 available in m0,,m0,,57%,,43%,52%,,,,,,,,,,,,,,,,,,,,,,,,,,,,,,,,,,,,,
"Legs (Paladin, m0)",5 available in m0,,m0,,,,,,,,,,,,,,,,,,,,,,,,41%,50%,,,,,,,,,,,,,,,,,
"Legs (Warrior, m0)",5 available in m0,,m0,,,,,,,,,,,,,,,,,,,,,,,,,,,,,,,,,,,,,,,,43%,50%,
,Stonevault,2nd,both,H>V,0%,,,,,,,,,,,,,,,,,,,,,,,,,,,,,,,,,,,,,,,,221082
,Siege of Boralus,1st,m0,V>C,0%,,,,,,,,,,,,,,,,,,,,,,,,,,,,,,,,,,,,,,,,159251
,City of Threads,1st,both,M>C,0%,,,,,,33%,,,33%,,,,,,,,,,,33%,,,,,,,,,,,,,,,,,,,,221169
,Necrotic Wake,1st,m0,V>C,0%,,,,,,,,,,,,,,,,,,,,,,,,,,,,,,,,,,,,,,,,178731
,Siege of Boralus,2nd,m0,V>C,0%,,,,,,,33%,33%,,,,,,,,,,,33%,,33%,,,,,,,,,,,,,,,,,,,159320
,Ara-Kara,1st,both,H>M,0%,,,,,,,,,,,,,,,,,,,,,,,,,,,,,,,,,,,,,,,,221152
,Dawnbreaker,2nd,both,V>H,0%,,,,,,,,,,,,,,,20%,,,,,,,,,,,,,,,,,,,,,,,,,221202
,Dawnbreaker,Last,both,C>H,0%,,,,,,,,,,,,,,,,,,,,,,,,,,,,,,,,25%,,,,,,,,225586
,Grim Batol,2nd,m0,M>H,0%,,,,,,,,,,,33%,,,,,,,,,,,,,,,,,,,,,,33%,,,,,,,133290
,Grim Batol,3rd,m0,H>C,0%,,,,,,,,,,,,,,,,,,,,,,,,,,,,,,,,,,,,,,,,133293
,Necrotic Wake,3rd,m0,V>C,0%,,,,,,,,,,50%,,50%,,,,,,,,,,,,,,,,,,,33%,,,,,,,,,178745
,Siege of Boralus,2nd,m0,M>H,0%,,,,,,,,,,,,,,,,,,,,,,,,,,,,,,,,33%,,,,,,,,159379
,City of Threads,3rd,both,V>H,50%,,,,,,,,,,,,,,,,,,,,,,25%,33%,,,,,,,,,,,,,,,,33%,221178
,Siege of Boralus,3rd,m0,H>C,33%,,25%,25%,,,,,,,,,,,,,,,,,,,,,25%,,,,,,,,,,,,,25%,25%,,159428
"Feet (Dk, m0)",2 available in m0,,m0,,16%,,15%,15%,,,,,,,,,,,,,,,,,,,,,,,,,,,,,,,,,,,,,
"Feet (Mage, m0)",2 available in m0,,m0,,,,,,,,,,,,,,,,,,,,,,,,,,,,,,,,,,,,,,,,,,
"Feet (Paladin, m0)",2 available in m0,,m0,,,,,,,,,,,,,,,,,,,,,,,,15%,,15%,,,,,,,,,,,,,,,,
"Feet (Priest, m0)",2 available in m0,,m0,,,,,,,,,,,,,,,,,,,,,,,,,,,,,,,,,,,,,,,,,,
"Feet (Warlock, m0)",2 available in m0,,m0,,,,,,,,,,,,,,,,,,,,,,,,,,,,,,,,,,,,,,,,,,
"Feet (Warrior, m0)",2 available in m0,,m0,,,,,,,,,,,,,,,,,,,,,,,,,,,,,,,,,,,,,,,15%,15%,,
"Feet (Dh, m0)",3 available in m0,,m0,,,,,,,,,,,,,,,,,,,,,,,,,,,,,,,,,,,,,,,,,,
"Feet (Druid, m0)",3 available in m0,,m0,,,,,,,,,,,,,,,,,,,,,,,,,,,,,,,,,,,,,,,,,,
"Feet (Monk, m0)",3 available in m0,,m0,,,,,,,,,,,,,,,,,,,,,,,,,,,,,,,,,,,,,,,,,,
"Feet (Rogue, m0)",3 available in m0,,m0,,,,,,,,,,,,,,,,,,,,,,,,,,,,,,,,,,,,,,,,,,
"Feet (Evoker, m0)",7 available in m0,,m0,,,,,,,,,,,,44%,,44%,,,,,,,,,,,,,,,,,,,,,,,,,,,,
"Feet (Hunter, m0)",7 available in m0,,m0,,,,,,,,,,,,,,,,,43%,,,,,,,,,,,,,,,,,,,,,,,,,
"Feet (Shaman, m0)",7 available in m0,,m0,,,,,,,,,,,,,,,,,,,,,,,,,,,,,,,,,,43%,,,,,,,,
,City of Threads,3rd,both,V>C,50%,,,,,,,,,33%,,33%,,,,,,,,,33%,,25%,33%,,33%,33%,,,,,33%,,25%,,,,,,33%,221181
,Dawnbreaker,Last,both,C>H,25%,,,,,,,,,,,,,,,,,,,25%,,25%,,25%,25%,,,,,25%,,,25%,,,,,,,,212448
,Stonevault,1st,both,M>H,100%,50%,,,,50%,,50%,33%,,,,,,,,,,,33%,,50%,50%,33%,,,,,,,,33%,,33%,,,,,,33%,221077
,Mists of Tirna,2nd,m0,M>C,33%,,,,,,,33%,33%,,,,,,,,,,,33%,,33%,,,,,,,25%,,25%,,33%,,,,,,,,178707
"Neck (Dh, m0)",4 available in m0,,m0,,,,,,,28%,,,,,,,,,,,,,,,,,,,,,,,,,,,,,,,,,,,
"Neck (Dk, m0)",4 available in m0,,m0,,36%,28%,,,,,,,,,,,,,,,,,,,,,,,,,,,,,,,,,,,,,,,
"Neck (Druid, m0)",4 available in m0,,m0,,,,,,,,,29%,27%,37%,,,,,,,,,,,,,,,,,,,,,,,,,,,,,,,
"Neck (Evoker, m0)",4 available in m0,,m0,,,,,,,,,,,,,29%,,,,,,,,,,,,,,,,,,,,,,,,,,,,,
"Neck (Hunter, m0)",4 available in m0,,m0,,,,,,,,,,,,,,,,,,,,,,,,,,,,,,,,,,,,,,,,,,
"Neck (Mage, m0)",4 available in m0,,m0,,,,,,,,,,,,,,,,,,,,,,,,,,,,,,,,,,,,,,,,,,
"Neck (Monk, m0)",4 available in m0,,m0,,,,,,,,,,,,,,,,,,,,,25%,,28%,,,,,,,,,,,,,,,,,,,
"Neck (Paladin, m0)",4 available in m0,,m0,,,,,,,,,,,,,,,,,,,,,,,,25%,23%,,,,,,,,,,,,,,,,,
"Neck (Priest, m0)",4 available in m0,,m0,,,,,,,,,,,,,,,,,,,,,,,,,,,29%,29%,,,,,,,,,,,,,,
"Neck (Rogue, m0)",4 available in m0,,m0,,,,,,,,,,,,,,,,,,,,,,,,,,,,,,,,,,,,,,,,,,
"Neck (Shaman, m0)",4 available in m0,,m0,,,,,,,,,,,,,,,,,,,,,,,,,,,,,,,,,27%,,25%,,,,,,,
"Neck (Warlock, m0)",4 available in m0,,m0,,,,,,,,,,,,,,,,,,,,,,,,,,,,,,,,,,,,,,,,,,
"Neck (Warrior, m0)",4 available in m0,,m0,,,,,,,,,,,,,,,,,,,,,,,,,,,,,,,,,,,,,,,,,23%,
,Ara-Kara,2nd,both,V>C,50%,33%,,,,33%,,,33%,,,,,,,,,,,33%,,,,33%,,,,,,,,,,,,,,,,33%,221154
,Dawnbreaker,Last,both,C>H,25%,,,,,,,,,,,,,,,,,,,25%,,25%,,25%,25%,,,,,25%,,,25%,,,,,,,,225574
,Stonevault,3rd,both,M>H,50%,,33%,33%,50%,,33%,50%,,33%,,,,,,,,,,,33%,50%,33%,,33%,,,,,,,33%,,33%,,,,33%,33%,,221088
,Grim Batol,3rd,m0,V>C,33%,,,,,,,,,,,,,,,,,,,,,,,,,,,,25%,,25%,,,,,,,,,,133292
,Grim Batol,3rd,m0,M>C,33%,,,,,,,,,,,,,,,,,,,,,,,,,,,,25%,,25%,,,,,,,,,,133363
,Grim Batol,Last,m0,V>C,20%,,16%,,,,20%,,,20%,,,,,,,,,,,20%,,,20%,20%,,,,,,,20%,,20%,,,,,16%,,133309
"Back (Dh, m0)",6 available in m0,,m0,,,,,,36%,,,,,,,,,,,,,,,,,,,,,,,,,,,,,,,,,,,,
"Back (Dk, m0)",6 available in m0,,m0,,33%,,,,,,,,,,,,,,,,,,,,,,,,,,,,,,,,,,,,,,,,
"Back (Druid, m0)",6 available in m0,,m0,,,,,,,,34%,37%,,34%,,,,,,,,,,,,,,,,,,,,,,,,,,,,,,,
"Back (Evoker, m0)",6 available in m0,,m0,,,,,,,,,,,,,,,,,,,,,,,,,,,,,,,,,,,,,,,,,,
"Back (Hunter, m0)",6 available in m0,,m0,,,,,,,,,,,,,,,,,,,,,,,,,,,,,,,,,,,,,,,,,,
"Back (Mage, m0)",6 available in m0,,m0,,,,,,,,,,,,,,,,,,,,,,,,,,,,,,,,,,,,,,,,,,
"Back (Monk, m0)",6 available in m0,,m0,,,,,,,,,,,,,,,,,,,,,,34%,36%,,,,,,,,,,,,,,,,,,,
"Back (Paladin, m0)",6 available in m0,,m0,,,,,,,,,,,,,,,,,,,,,,,,,33%,33%,,,,,,,,,,,,,,,,
"Back (Priest, m0)",6 available in m0,,m0,,,,,,,,,,,,,,,,,,,,,,,,,,,,,,,,,,,,,,,,,,
"Back (Rogue, m0)",6 available in m0,,m0,,,,,,,,,,,,,,,,,,,,,,,,,,,,,,35%,,35%,,,,,,,,,,
"Back (Shaman, m0)",6 available in m0,,m0,,,,,,,,,,,,,,,,,,,,,,,,,,,,,,,,,34%,,34%,,,,,,,
"Back (Warlock, m0)",6 available in m0,,m0,,,,,,,,,,,,,,,,,,,,,,,,,,,,,,,,,,,,,,,,,,
"Back (Warrior, m0)",6 available in m0,,m0,,,,,,,,,,,,,,,,,,,,,,,,,,,,,,,,,,,,,,,,,,
,City of Threads,Last,both,V>H,33%,,,,,,33%,,,33%,,,,,,,,,,,33%,,33%,,33%,,,,33%,,33%,33%,,33%,,,,33%,33%,,221189
,Dawnbreaker,1st,both,C>H,33%,,,,,,33%,,,33%,,,,,,,,,,,33%,,,,,,,,,,,50%,,50%,,,,,,,221136
,Dawnbreaker,2nd,both,V>M,50%,,,,,,,25%,25%,,,,,,,20%,,,,25%,,25%,33%,,,,,,25%,,25%,,,,,,,,,,221141
,Grim Batol,1st,m0,M>C,50%,,,,,,,,,,,,,,,,,,,33%,,33%,,,,,,,,,,,,,,,,,,,133286
,Grim Batol,2nd,m0,V>C,50%,33%,,,,33%,,,33%,33%,,33%,,,,,,,,33%,33%,,33%,33%,,33%,33%,,,,,,,33%,,,,,,33%,133287
,Grim Batol,Last,m0,H>M,20%,,16%,,,,20%,,,20%,,,,,,,,,,,20%,,,20%,20%,,,,,,,20%,,20%,,,,,16%,,133299
,Necrotic Wake,1st,m0,H>V,50%,,33%,,,,,,,,,,,33%,33%,,,,,,,,,33%,,,,,,,,,,,,,,,33%,33%,178736
,Necrotic Wake,Last,m0,V>C,33%,,,,,,,,,33%,,33%,,,,,,,,,33%,,33%,,33%,33%,33%,,,,,,,33%,,,,33%,33%,,178781
,Siege of Boralus,1st,m0,M>C,33%,,,,,,,,,,,,,,,,,,,33%,,33%,,,33%,,,,,33%,,,33%,,,,,33%,33%,,162541
,Siege of Boralus,3rd,m0,C>H,33%,,25%,25%,33%,,33%,33%,,,33%,,33%,,,,,,,,,33%,,,25%,,,50%,,,,33%,33%,,,,,25%,25%,,159461
"Ring (Dh, m0)",10 available in m0,,m0,,,,,,,,,,,,,,,,,,,,,,,,,,,,,,,,,,,,,,,,,,
"Ring (Dk, m0)",10 available in m0,,m0,,54%,,52%,,,,,,,,,,,,,,,,,,,,,,,,,,,,,,,,,,,,,,
"Ring (Druid, m0)",10 available in m0,,m0,,,,,,,,55%,,,54%,,,,,,,,,,,,,,,,,,,,,,,,,,,,,,,
"Ring (Evoker, m0)",10 available in m0,,m0,,,,,,,,,,,,,54%,,,,,,,,,,,,,,,,,,,,,,,,,,,,,
"Ring (Hunter, m0)",10 available in m0,,m0,,,,,,,,,,,,,,,61%,61%,,,,,,,,,,,,,,,,,,,,,,,,,,
"Ring (Mage, m0)",10 available in m0,,m0,,,,,,,,,,,,,,,,,,,,,,,,,,,,,,,,,,,,,,,,,,
"Ring (Monk, m0)",10 available in m0,,m0,,,,,,,,,,,,,,,,,,,,,,55%,,,,,,,,,,,,,,,,,,,,
"Ring (Paladin, m0)",10 available in m0,,m0,,,,,,,,,,,,,,,,,,,,,,,,56%,,54%,,,,,,,,,,,,,,,,
"Ring (Priest, m0)",10 available in m0,,m0,,,,,,,,,,,,,,,,,,,,,,,,,,,,,58%,,,,,,,,,,,,,
"Ring (Rogue, m0)",10 available in m0,,m0,,,,,,,,,,,,,,,,,,,,,,,,,,,,,,,,,,,,,,,,,,
"Ring (Shaman, m0)",10 available in m0,,m0,,,,,,,,,,,,,,,,,,,,,,,,,,,,,,,,,56%,,54%,,,,,,,
"Ring (Warlock, m0)",10 available in m0,,m0,,,,,,,,,,,,,,,,,,,,,,,,,,,,,,,,,,,,,,,,,,
"Ring (Warrior, m0)",10 available in m0,,m0,,,,,,,,,,,,,,,,,,,,,,,,,,,,,,,,,,,,,,,54%,52%,,
,Ara-Kara,Last,both,Agi,0%,,,,,,,,,,,,,,,,,,,,,,,,,,,,,,,,,,,,,,,,221160
,City of Threads,Last,both,Agi,0%,,,,,,,,,,,,,,,,,,,,,,,,,,,,,0%,,,,,,,,,,,221183
,Dawnbreaker,2nd,both,Agi,0%,,,,,,,,,,,,,,,,,,,,,,,,,,,,,0%,,,,,,,,,,,221138
,Dawnbreaker,Last,both,Agi,0%,,,,,,,,,,,,,,,,,,,,0%,,,,,,,,0%,,0%,0%,,0%,,,,,,,212398
,Dawnbreaker,Last,both,Agi,0%,,,,,,,,,,,,,,,,,,,,,,,,,,,,,,,,,,,,,,,,212391
,Stonevault,2nd,both,Agi,0%,,,,,,,,,,,,,,,,,,,,,,,,,,,,,,,,,,,,,,,,221084
,Stonevault,Last,both,Agi,0%,,,,,,,,,,,,,,,,,,,,0%,,,,,,,,0%,,0%,0%,,0%,,,,,,,221090
,Grim Batol,3rd,m0,Agi,0%,,,,,,,,,,,,,,,,,,,,,,,,,,,,,0%,,,,,,,,,,,133296
,Mists of Tirna,2nd,m0,Agi,0%,,,,,,,,,,,,,,,,,,,,,,,,,,,,,0%,,,,,,,,,,,178710
,Necrotic Wake,3rd,m0,Agi,0%,,,,,,,,,,,,,,,,,,,,,,,,,,,,,0%,,,,,,,,,,,178743
,Siege of Boralus,1st,m0,Agi,0%,,,,,,,,,,,,,,,,,,,,0%,,,,,,,,0%,,0%,0%,,0%,,,,,,,159973
,Siege of Boralus,Last,m0,Agi,0%,,,,,,,,,,,,,,,,,,,,,,,,,,,,,,,,,,,,,,,,159651
"Agi1hWeapon (Monk, m0)",3 available in m0,,m0,,,,,,,,,,,,,,,,,,,,,,0%,,,,,,,,,,,,,,,,,,,,
"Agi1hWeapon (Shaman, m0)",3 available in m0,,m0,,,,,,,,,,,,,,,,,,,,,,,,,,,,,,,,,0%,,0%,,,,,,,
"Agi1hWeapon (Dh, m0)",5 available in m0,,m0,,,,,,,,,,,,,,,,,,,,,,,,,,,,,,,,,,,,,,,,,,
"Agi1hWeapon (Rogue, m0)",5 available in m0,,m0,,,,,,,,,,,,,,,,,,,,,,,,,,,,,,,17%,,,,,,,,,,,
,Stonevault,Last,both,Str,33%,0%,,0%,,,,,,,,,,,,,,,,,,,0%,,0%,,,,,,,,,,,,,0%,,,221091
,Grim Batol,Last,m0,Str,16%,0%,,0%,,,,,,,,,,,,,,,,,,,0%,,0%,,,,,,,,,,,,,0%,16%,,133301
,Mists of Tirna,Last,m0,Str,50%,0%,,0%,,,,,,,,,,,,,,,,,,,0%,,0%,,,,,,,,,,,,,0%,,33%,178711
,Necrotic Wake,1st,m0,Str,33%,0%,,0%,,,,,,,,,,,,,,,,,,,0%,,0%,,,,,,,,,,,,,0%,,,178730
,Siege of Boralus,2nd,m0,Str,33%,0%,,0%,,,,,,,,,,,,,,,,,,,0%,,0%,,,,,,,,,,,,,0%,,,159649
"Str1hWeapon (Dk, m0)",5 available in m0,,m0,,29%,0%,,0%,,,,,,,,,,,,,,,,,,,,,,,,,,,,,,,,,,,,,
"Str1hWeapon (Paladin, m0)",5 available in m0,,m0,,,,,,,,,,,,,,,,,,,,,,,,0%,,0%,,,,,,,,,,,,,,,,
"Str1hWeapon (Warrior, m0)",5 available in m0,,m0,,,,,,,,,,,,,,,,,,,,,,,,,,,,,,,,,,,,,,,0%,,27%,
,Ara-Kara,1st,both,Int,0%,,,,,,,,,,,,,,,,,,,0%,,0%,,0%,0%,,,,,,,,,,,,,,,,221150
,Ara-Kara,Last,both,Int,0%,,,,,,,0%,0%,,,,,,,,,,,,,,,,,,,,,,,,0%,,,,,,,,221165
,City of Threads,2nd,both,Int,0%,,,,,,25%,0%,0%,,25%,,25%,,,,,,,,,,,,,,,25%,,,,25%,0%,,,,,,,,221171
,Grim Batol,1st,m0,Int,0%,,,,,,,0%,0%,,,,,,,,,,,,,,,,,,,,,,,,0%,,,,,,,,133283
,Mists of Tirna,1st,m0,Int,0%,,,,,,,0%,0%,,,,,,,,,,,0%,,0%,,0%,0%,,,,,,,,0%,,,,,,,,178709
,Necrotic Wake,2nd,m0,Int,0%,,,,,,,,,,,,,,,,,,,0%,,0%,,0%,0%,,,,,,,,,,,,,,,,178737
"Int1hWeapon (Monk, m0)",3 available in m0,,m0,,,,,,,,,,,,,,,,,,,,,0%,,0%,,,,,,,,,,,,,,,,,,,
"Int1hWeapon (Paladin, m0)",3 available in m0,,m0,,,,,,,,,,,,,,,,,,,,,,,,,0%,0%,,,,,,,,,,,,,,,,
"Int1hWeapon (Druid, m0)",4 available in m0,,m0,,,,,,,,23%,0%,0%,,,,,,,,,,,,,,,,,,,,,,,,,,,,,,,,
"Int1hWeapon (Priest, m0)",4 available in m0,,m0,,,,,,,,,,,,,,,,,,,,,,,,,,,,,24%,,,,,,,,,,,,,
"Int1hWeapon (Shaman, m0)",4 available in m0,,m0,,,,,,,,,,,,,,,,,,,,,,,,,,,,,,,,,21%,0%,,,,,,,,
"Int1hWeapon (Mage, m0)",5 available in m0,,m0,,,,,,,,,,,,,,,,,,,,,,,,,,,,,,,,,,,,,,,,,,
"Int1hWeapon (Warlock, m0)",5 available in m0,,m0,,,,,,,,,,,,,,,,,,,,,,,,,,,,,,,,,,,,,,,,,,
"Int1hWeapon (Evoker, m0)",6 available in m0,,m0,,,,,,,,,,,,34%,,34%,,,,,,,,,,,,,,,,,,,,,,,,,,,,
,Ara-Kara,Last,both,Agi,0%,,,,,,0%,,,0%,,,,0%,0%,,,,,,0%,,,,,,,,,,,,,,,,,,,,221159
,Dawnbreaker,2nd,both,Agi,0%,,,,,,0%,,,0%,,,,0%,0%,,,,,,0%,,,,,,,,,,,,,,,,,,,,221137
,Stonevault,1st,both,Agi,0%,,,,,,0%,,33%,0%,,,,0%,0%,,,,,33%,0%,,,,,,,,,,,,,,,,,,,,221078
"Agi2hWeapon (Druid, m0)",3 available in m0,,m0,,,,,,,,0%,,17%,0%,,,,,,,,,,,,,,,,,,,,,,,,,,,,,,,
"Agi2hWeapon (Hunter, m0)",3 available in m0,,m0,,,,,,,,,,,,,,,0%,0%,,,,,,,,,,,,,,,,,,,,,,,,,,
"Agi2hWeapon (Monk, m0)",3 available in m0,,m0,,,,,,,,,,,,,,,,,,,,,17%,0%,,,,,,,,,,,,,,,,,,,,
,City of Threads,Last,both,Str,33%,,,,,,,,,,,,,,,,,,,,,,0%,0%,,,,,,,,,,,,,,,,0%,221184
,Grim Batol,Last,m0,Str,20%,,16%,,,,,,,,,,,,,,,,,,,,0%,0%,,,,,,,,,,,,,,,16%,0%,133298
,Mists of Tirna,1st,m0,Str,50%,,,,,,,,,,,,,,,,,,,,,,0%,0%,,,,,,,,,,,,,,,,0%,178713
,Necrotic Wake,Last,m0,Str,33%,,,,,,,,,,,,,,,,,,,,,,0%,0%,,,,,,,,,,,,,,,,0%,178780
,Siege of Boralus,1st,m0,Str,33%,,,,,,,,,,,,,,,,,,,,,,0%,0%,,,,,,,,,,,,,,,,0%,159972
,Siege of Boralus,3rd,m0,Str,33%,,25%,25%,,,,,,,,,,,,,,,,,,,0%,0%,,,,,,,,,,,,,,,,0%,159650
"Str2hWeapon (Dk, m0)",6 available in m0,,m0,,34%,,33%,33%,,,,,,,,,,,,,,,,,,,,,,,,,,,,,,,,,,,,,
"Str2hWeapon (Paladin, m0)",6 available in m0,,m0,,,,,,,,,,,,,,,,,,,,,,,,0%,0%,,,,,,,,,,,,,,,,,
"Str2hWeapon (Warrior, m0)",6 available in m0,,m0,,,,,,,,,,,,,,,,,,,,,,,,,,,,,,,,,,,,,,,,,0%,
,City of Threads,1st,both,Int,0%,,,,,,,0%,0%,,,,,,,,,,,0%,,0%,,,,,,,,,,,0%,,,,,,,,221166
,Stonevault,2nd,both,Int,0%,,,,,,,0%,0%,,,,,,,,,,,,,,,0%,0%,,,,,,,,0%,,,,,,,,221083
,Stonevault,3rd,both,Int,0%,,,,,,,0%,0%,,,,,,,,,,,0%,,0%,,,,,,,,,,,0%,,,,,,,,221085
,Grim Batol,Last,m0,Int,0%,,,,,,,0%,0%,,,,,,,,,,,0%,,0%,,,,,,,,,,,0%,,,,,,,,133303
,Mists of Tirna,Last,m0,Int,0%,,,,,,,0%,0%,,,,,,,,,,,0%,,0%,,,,,,,,,,,0%,,,,,,,,178714
"Int2hWeapon (Paladin, m0)",1 available in m0,,m0,,,,,,,,,,,,,,,,,,,,,,,,,0%,0%,,,,,,,,,,,,,,,,
"Int2hWeapon (Evoker, m0)",4 available in m0,,m0,,,,,,,,,,,,,,,,,,,,,,,,,,,,,,,,,,,,,,,,,,
"Int2hWeapon (Mage, m0)",4 available in m0,,m0,,,,,,,,,,,,,,,,,,,,,,,,,,,,,,,,,,,,,,,,,,
"Int2hWeapon (Monk, m0)",4 available in m0,,m0,,,,,,,,,,,,,,,,,,,,,0%,,0%,,,,,,,,,,,,,,,,,,,
"Int2hWeapon (Priest, m0)",4 available in m0,,m0,,,,,,,,,,,,,,,,,,,,,,,,,,,,,,,,,,,,,,,,,,
"Int2hWeapon (Warlock, m0)",4 available in m0,,m0,,,,,,,,,,,,,,,,,,,,,,,,,,,,,,,,,,,,,,,,,,
"Int2hWeapon (Druid, m0)",5 available in m0,,m0,,,,,,,,,0%,0%,,,,,,,,,,,,,,,,,,,,,,,,,,,,,,,,
"Int2hWeapon (Shaman, m0)",5 available in m0,,m0,,,,,,,,,,,,,,,,,,,,,,,,,,,,,,,,,,0%,,,,,,,,
,Stonevault,1st,both,Agi,0%,,,,,,,,,,,,,,,0%,,,,,,,,,,,,,,,,,,,,,,,,,221074
,Stonevault,Last,both,Agi,0%,,,,,,,,,,,,,,,0%,,,,,,,,,,,,,,,,,,,,,,,,,221089
,Necrotic Wake,1st,m0,Agi,0%,,,,,,,,,,,,,,,0%,,,,,,,,,,,,,,,,,,,,,,,,,178735
"Ranged (Hunter, m0)",3 available in m0,,m0,,,,,,,,,,,,,,,,,0%,,,,,,,,,,,,,,,,,,,,,,,,,
,City of Threads,2nd,both,Int,0%,,,,,,25%,0%,0%,,25%,,25%,,,,,,,0%,,0%,,0%,0%,,,25%,,,,25%,0%,,,,,,,,221172
,Dawnbreaker,1st,both,Int,0%,,,,,,,0%,0%,,,,,,,,,,,0%,,0%,,0%,0%,,,,,,,,0%,,,,,,,,221132
"Offhand (Druid, m0)",2 available in m0,,m0,,,,,,,,11%,0%,0%,,,,,,,,,,,,,,,,,,,,,,,,,,,,,,,,
"Offhand (Evoker, m0)",2 available in m0,,m0,,,,,,,,,,,,15%,,15%,,,,,,,,,,,,,,,,,,,,,,,,,,,,
"Offhand (Mage, m0)",2 available in m0,,m0,,,,,,,,,,,,,,,,,,,,,,,,,,,,,,,,,,,,,,,,,,
"Offhand (Monk, m0)",2 available in m0,,m0,,,,,,,,,,,,,,,,,,,,,0%,,0%,,,,,,,,,,,,,,,,,,,
"Offhand (Paladin, m0)",2 available in m0,,m0,,,,,,,,,,,,,,,,,,,,,,,,,0%,0%,,,,,,,,,,,,,,,,
"Offhand (Priest, m0)",2 available in m0,,m0,,,,,,,,,,,,,,,,,,,,,,,,,,,,,11%,,,,,,,,,,,,,
"Offhand (Shaman, m0)",2 available in m0,,m0,,,,,,,,,,,,,,,,,,,,,,,,,,,,,,,,,15%,0%,,,,,,,,
"Offhand (Warlock, m0)",2 available in m0,,m0,,,,,,,,,,,,,,,,,,,,,,,,,,,,,,,,,,,,,,,,,,
,City of Threads,3rd,both,"Str,Int",0%,,,,,,,,,,,,,,,,,,,,,,25%,,0%,,,,,,,,0%,25%,,,,0%,0%,,221177
,Stonevault,1st,both,"Str,Int",0%,,,,,,,,,,,,,,,,,,,,,,,33%,0%,,,,,,,,0%,,,,,0%,0%,,221073
,Mists of Tirna,Last,m0,"Str,Int",0%,,,,,,,,,,,,,,,,,,,,,,,33%,0%,,,,,,,,0%,,,,,0%,0%,,178712
,Necrotic Wake,3rd,m0,"Str,Int",0%,,,,,,,,,,,,,,,,,,,,,,,33%,0%,,,,,,,33%,0%,,,,,0%,0%,,178750
"Shield (Paladin, m0)",4 available in m0,,m0,,,,,,,,,,,,,,,,,,,,,,,,,24%,0%,,,,,,,,,,,,,,,,
"Shield (Shaman, m0)",4 available in m0,,m0,,,,,,,,,,,,,,,,,,,,,,,,,,,,,,,,,24%,0%,,,,,,,,
"Shield (Warrior, m0)",4 available in m0,,m0,,,,,,,,,,,,,,,,,,,,,,,,,,,,,,,,,,,,,,,0%,0%,,
,City of Threads,2nd,both,"Dps,Agi",50%,0%,,,,0%,25%,,0%,0%,,0%,,,,,,,,0%,0%,,0%,0%,,0%,0%,,,,,25%,,0%,,,,,,0%,219319
,Stonevault,3rd,both,"Dps,",33%,0%,,,,0%,33%,,0%,0%,,0%,,,,,,,,0%,0%,,0%,0%,,0%,0%,,,,,33%,,0%,,,,,,0%,219301
,Necrotic Wake,3rd,m0,"Dps,Int",33%,0%,,,,0%,,,0%,0%,,0%,,,,,,,,0%,0%,,0%,0%,,0%,0%,,33%,,33%,33%,,0%,,,,,,0%,178772
,Siege of Boralus,3rd,m0,"Dps,Int",25%,0%,,,,0%,,,0%,0%,,0%,,,,,,,,0%,0%,,0%,0%,,0%,0%,,,,,,,0%,,,,,,0%,159622
"DpsTrinket (Dh, m0)",4 available in m0,,m0,,,,,,,0%,,,,,,,,,,,,,,,,,,,,,,,,,,,,,,,,,,,
"DpsTrinket (Dk, m0)",4 available in m0,,m0,,25%,0%,,,,,,,,,,,,,,,,,,,,,,,,,,,,,,,,,,,,,,,
"DpsTrinket (Druid, m0)",4 available in m0,,m0,,,,,,,,25%,,0%,0%,,,,,,,,,,,,,,,,,,,,,,,,,,,,,,,
"DpsTrinket (Evoker, m0)",4 available in m0,,m0,,,,,,,,,,,,,0%,,,,,,,,,,,,,,,,,,,,,,,,,,,,,
"DpsTrinket (Hunter, m0)",4 available in m0,,m0,,,,,,,,,,,,,,,,,,,,,,,,,,,,,,,,,,,,,,,,,,
"DpsTrinket (Mage, m0)",4 available in m0,,m0,,,,,,,,,,,,,,,,,,,,,,,,,,,,,,,,,,,,,,,,,,
"DpsTrinket (Monk, m0)",4 available in m0,,m0,,,,,,,,,,,,,,,,,,,,,0%,0%,,,,,,,,,,,,,,,,,,,,
"DpsTrinket (Paladin, m0)",4 available in m0,,m0,,,,,,,,,,,,,,,,,,,,,,,,0%,0%,,,,,,,,,,,,,,,,,
"DpsTrinket (Priest, m0)",4 available in m0,,m0,,,,,,,,,,,,,,,,,,,,,,,,,,,0%,0%,,,,,,,,,,,,,,
"DpsTrinket (Rogue, m0)",4 available in m0,,m0,,,,,,,,,,,,,,,,,,,,,,,,,,,,,,29%,,29%,,,,,,,,,,
"DpsTrinket (Shaman, m0)",4 available in m0,,m0,,,,,,,,,,,,,,,,,,,,,,,,,,,,,,,,,23%,,0%,,,,,,,
"DpsTrinket (Warlock, m0)",4 available in m0,,m0,,,,,,,,,,,,,,,,,,,,,,,,,,,,,,,,,,,,,,,,,,
"DpsTrinket (Warrior, m0)",4 available in m0,,m0,,,,,,,,,,,,,,,,,,,,,,,,,,,,,,,,,,,,,,,,,0%,
,City of Threads,3rd,both,"Heal,Int",0%,,,,,,0%,0%,0%,,0%,,0%,,,,,,,0%,,0%,,0%,0%,,,0%,,,,0%,0%,,,,,,,,219320
,Stonevault,3rd,both,"Heal,Int",0%,,,,,,0%,0%,0%,,0%,,0%,,,,,,,0%,,0%,,0%,0%,,,0%,,,,0%,0%,,,,,,,,219302
,Grim Batol,2nd,m0,"Heal,",0%,,,,,,0%,0%,0%,,0%,,0%,,,,,,,0%,,0%,,0%,0%,,,0%,,,,0%,0%,,,,,,,,133304
,Necrotic Wake,Last,m0,"Heal,Int",0%,,,,,,0%,0%,0%,,0%,,0%,,,,,,,0%,,0%,,0%,0%,,,0%,,,,0%,0%,,,,,,,,178783
"HealTrinket (Druid, m0)",4 available in m0,,m0,,,,,,,,0%,0%,0%,,,,,,,,,,,,,,,,,,,,,,,,,,,,,,,,
"HealTrinket (Evoker, m0)",4 available in m0,,m0,,,,,,,,,,,,0%,,0%,,,,,,,,,,,,,,,,,,,,,,,,,,,,
"HealTrinket (Monk, m0)",4 available in m0,,m0,,,,,,,,,,,,,,,,,,,,,0%,,0%,,,,,,,,,,,,,,,,,,,
"HealTrinket (Paladin, m0)",4 available in m0,,m0,,,,,,,,,,,,,,,,,,,,,,,,,0%,0%,,,,,,,,,,,,,,,,
"HealTrinket (Priest, m0)",4 available in m0,,m0,,,,,,,,,,,,,,,,,,,,,,,,,,,,,0%,,,,,,,,,,,,,
"HealTrinket (Shaman, m0)",4 available in m0,,m0,,,,,,,,,,,,,,,,,,,,,,,,,,,,,,,,,0%,0%,,,,,,,,
,Ara-Kara,2nd,both,"Tank,Agi,Str",33%,,0%,0%,0%,,0%,0%,,0%,,,,,,,,,,,0%,0%,0%,,0%,,,,,,,,,,,,,0%,0%,,219316
,Stonevault,1st,both,"Tank,Agi,Str",50%,,0%,0%,0%,,0%,0%,,0%,,,,,,,,,,,0%,0%,0%,,0%,,,,,,,,,,,,,0%,0%,,219315
,Grim Batol,2nd,m0,"Tank,",33%,,0%,0%,0%,,0%,0%,,0%,,,,,,,,,,,0%,0%,0%,,0%,,,,,,,,,,,,,0%,0%,,133291
"TankTrinket (Dh, m0)",3 available in m0,,m0,,,,,,0%,,,,,,,,,,,,,,,,,,,,,,,,,,,,,,,,,,,,
"TankTrinket (Dk, m0)",3 available in m0,,m0,,21%,,0%,0%,,,,,,,,,,,,,,,,,,,,,,,,,,,,,,,,,,,,,
"TankTrinket (Druid, m0)",3 available in m0,,m0,,,,,,,,0%,0%,,0%,,,,,,,,,,,,,,,,,,,,,,,,,,,,,,,
"TankTrinket (Monk, m0)",3 available in m0,,m0,,,,,,,,,,,,,,,,,,,,,,0%,0%,,,,,,,,,,,,,,,,,,,
"TankTrinket (Paladin, m0)",3 available in m0,,m0,,,,,,,,,,,,,,,,,,,,,,,,0%,,0%,,,,,,,,,,,,,,,,
"TankTrinket (Warrior, m0)",3 available in m0,,m0,,,,,,,,,,,,,,,,,,,,,,,,,,,,,,,,,,,,,,,0%,0%,,
,Ara-Kara,1st,both,,50%,,,,,,,,,,,,,,,,,,,,33%,,33%,,,,,,,,,,,,,,,,,,219314
,Ara-Kara,Last,both,"Agi,Int",0%,,,,,,,,,,,,,,,33%,,,,33%,,33%,,0%,0%,,,,,,,33%,,33%,,,,,,,219317
,City of Threads,1st,both,,50%,,,,,,33%,,,33%,,,,,,,,,,,33%,,,,,,,,,,,33%,,33%,,,,,,,219318
,City of Threads,Last,both,Int,0%,,,,,,,0%,0%,,,,,,,,,,,0%,,0%,,0%,0%,,,,,,,,0%,,,,,,,,219321
,Dawnbreaker,1st,both,Str,33%,,,,,,,,,,,,,,,,,,,,,,0%,,,,,,,,,,,,,,,,,,219311
,Dawnbreaker,2nd,both,"Agi,Int",0%,,,,,,,25%,25%,,,,,,,20%,,,,25%,,25%,,0%,0%,,,,25%,,25%,,,,,,,,,,219312
,Dawnbreaker,Last,both,Str,25%,,,,,,,,,,,,,,,,,,,,,,0%,,,,,,,,,,,,,,,,,,212453
,Stonevault,2nd,both,Str,50%,,,,,,,,,,,,,,,,,,,,,,0%,,,,,,,,,,,,,,,,,,219300
,Stonevault,Last,both,,50%,,33%,,,,,,,,,,,50%,50%,,,,,33%,,33%,,33%,,,,,,33%,,,50%,,,,,,33%,33%,219303
,Grim Batol,1st,m0,Agi,0%,,,,,,0%,,,0%,,,,,,,,,,,0%,,,,,,,,,,,0%,,0%,,,,,,,133282
,Grim Batol,Last,m0,,20%,,16%,,,,20%,,,20%,,,,,,,,,,,20%,,,20%,20%,,,,,,,20%,,20%,,,,,16%,,133305
,Grim Batol,Last,m0,Str,20%,,16%,,,,,,,,,,,,,,,,,,,,0%,,,,,,,,,,,,,,,,16%,,133300
,Mists of Tirna,1st,m0,Int,0%,,,,,,,0%,0%,,,,,,,,,,,0%,,0%,,0%,0%,,,,,,,,0%,,,,,,,,178708
,Mists of Tirna,2nd,m0,Agi,0%,,,,,,0%,,,0%,,,,,,,,,,,0%,,,,,,,,25%,,25%,0%,,0%,,,,,,,178715
,Necrotic Wake,2nd,m0,Agi,0%,,,,,,0%,,,0%,,,,,,,,,,,0%,,,,,,,,,,,0%,,0%,,,,,,,178742
,Necrotic Wake,3rd,m0,Str,50%,,33%,33%,,,,,,,,,,,,,,,,,,,0%,,,,,,,,,,,,,,,,,,178751
,Siege of Boralus,2nd,m0,Agi,0%,,,,,,0%,,,0%,,,,,,,,,,,0%,,,,,,,,,,,0%,,0%,,,,,,,159623
"AnyroleTrinket (Dh, m0)",10 available in m0,,m0,,,,,,,,,,,,,,,,,,,,,,,,,,,,,,,,,,,,,,,,,,
"AnyroleTrinket (Druid, m0)",10 available in m0,,m0,,,,,,,,45%,,,45%,,,,,,,,,,,,,,,,,,,,,,,,,,,,,,,
"AnyroleTrinket (Hunter, m0)",10 available in m0,,m0,,,,,,,,,,,,,,,57%,57%,,,,,,,,,,,,,,,,,,,,,,,,,,
"AnyroleTrinket (Monk, m0)",10 available in m0,,m0,,,,,,,,,,,,,,,,,,,,,,45%,,,,,,,,,,,,,,,,,,,,
"AnyroleTrinket (Rogue, m0)",10 available in m0,,m0,,,,,,,,,,,,,,,,,,,,,,,,,,,,,,,,,,,,,,,,,,
"AnyroleTrinket (Shaman, m0)",10 available in m0,,m0,,,,,,,,,,,,,,,,,,,,,,,,,,,,,,,,,49%,,49%,,,,,,,
"AnyroleTrinket (Evoker, m0)",8 available in m0,,m0,,,,,,,,,,,,,,,,,,,,,,,,,,,,,,,,,,,,,,,,,,
"AnyroleTrinket (Mage, m0)",8 available in m0,,m0,,,,,,,,,,,,,,,,,,,,,,,,,,,,,,,,,,,,,,,,,,
"AnyroleTrinket (Priest, m0)",8 available in m0,,m0,,,,,,,,,,,,,,,,,,,,,,,,,,,,,,,,,,,,,,,,,,
"AnyroleTrinket (Warlock, m0)",8 available in m0,,m0,,,,,,,,,,,,,,,,,,,,,,,,,,,,,,,,,,,,,,,,,,
"AnyroleTrinket (Dk, m0)",9 available in m0,,m0,,52%,,47%,50%,,,,,,,,,,,,,,,,,,,,,,,,,,,,,,,,,,,,,
"AnyroleTrinket (Paladin, m0)",9 available in m0,,m0,,,,,,,,,,,,,,,,,,,,,,,,48%,48%,,,,,,,,,,,,,,,,,
"AnyroleTrinket (Warrior, m0)",9 available in m0,,m0,,,,,,,,,,,,,,,,,,,,,,,,,,,,,,,,,,,,,,,,47%,48%,
