item_id,from,boss,gear_slot,gear_type,stats,DkBlood,DkFrost,DkUnholy,DhHavoc,DhVeng,DruidBoomie,DruidCat,DruidBear,DruidResto,EvokerDev,EvokerPres,EvokerAug,HunterBm,HunterMm,HunterSv,MageArcane,MageFire,MageFrost,MonkBrew,MonkMw,MonkWw,PaladinHoly,PaladinProt,PaladinRet,PriestDisc,PriestHoly,PriestShadow,RogueSin,RogueOutlaw,RogueSub,ShamanEle,ShamanEnh,ShamanResto,WarlockAff,WarlockDemo,WarlockDest,WarriorArms,WarriorFury,WarriorProt
221055,Cinderbrew,2 of 4,Head,Cloth,M>V,0%,0%,0%,0%,0%,0%,0%,0%,0%,0%,0%,0%,0%,0%,0%,33%,33%,33%,0%,0%,0%,0%,0%,0%,33%,33%,33%,0%,0%,0%,0%,0%,0%,33%,33%,33%,0%,0%,0%
221187,City of Threads,4 of 4,Head,Cloth,M>C,0%,0%,0%,0%,0%,0%,0%,0%,0%,0%,0%,0%,0%,0%,0%,33%,33%,33%,0%,0%,0%,0%,0%,0%,33%,33%,33%,0%,0%,0%,0%,0%,0%,33%,33%,33%,0%,0%,0%
221131,Priory,3 of 3,Head,Cloth,M>V,0%,0%,0%,0%,0%,0%,0%,0%,0%,0%,0%,0%,0%,0%,0%,33%,33%,33%,0%,0%,0%,0%,0%,0%,33%,33%,33%,0%,0%,0%,0%,0%,0%,33%,33%,33%,0%,0%,0%
221163,Ara-Kara,3 of 3,Head,Leather,M>V,0%,0%,0%,33%,33%,33%,33%,33%,33%,0%,0%,0%,0%,0%,0%,0%,0%,0%,33%,50%,33%,0%,0%,0%,0%,0%,0%,50%,50%,50%,0%,0%,0%,0%,0%,0%,0%,0%,0%
221125,Priory,2 of 3,Head,Leather,C>M,0%,0%,0%,50%,50%,33%,50%,50%,33%,0%,0%,0%,0%,0%,0%,0%,0%,0%,50%,33%,50%,0%,0%,0%,0%,0%,0%,50%,50%,50%,0%,0%,0%,0%,0%,0%,0%,0%,0%
221081,Stonevault,2 of 4,Head,Leather,C>H,0%,0%,0%,50%,50%,50%,100%,100%,50%,0%,0%,0%,0%,0%,0%,0%,0%,0%,100%,100%,100%,0%,0%,0%,0%,0%,0%,100%,100%,100%,0%,0%,0%,0%,0%,0%,0%,0%,0%
221156,Ara-Kara,2 of 3,Head,Mail,M>H,0%,0%,0%,0%,0%,0%,0%,0%,0%,50%,50%,50%,33%,33%,33%,0%,0%,0%,0%,0%,0%,0%,0%,0%,0%,0%,0%,0%,0%,0%,50%,33%,50%,0%,0%,0%,0%,0%,0%
221070,Cinderbrew,4 of 4,Head,Mail,V>M,0%,0%,0%,0%,0%,0%,0%,0%,0%,33%,33%,33%,50%,50%,50%,0%,0%,0%,0%,0%,0%,0%,0%,0%,0%,0%,0%,0%,0%,0%,33%,50%,33%,0%,0%,0%,0%,0%,0%
221113,Darkflame Cleft,4 of 4,Head,Mail,M>V,0%,0%,0%,0%,0%,0%,0%,0%,0%,50%,50%,50%,50%,50%,50%,0%,0%,0%,0%,0%,0%,0%,0%,0%,0%,0%,0%,0%,0%,0%,50%,50%,50%,0%,0%,0%,0%,0%,0%
221100,Darkflame Cleft,2 of 4,Head,Plate,H>V,50%,50%,50%,0%,0%,0%,0%,0%,0%,0%,0%,0%,0%,0%,0%,0%,0%,0%,0%,0%,0%,33%,50%,50%,0%,0%,0%,0%,0%,0%,0%,0%,0%,0%,0%,0%,50%,50%,50%
221047,Rookery,3 of 3,Head,Plate,V>H,33%,25%,33%,0%,0%,0%,0%,0%,0%,0%,0%,0%,0%,0%,0%,0%,0%,0%,0%,0%,0%,33%,25%,33%,0%,0%,0%,0%,0%,0%,0%,0%,0%,0%,0%,0%,33%,25%,25%
221072,Cinderbrew,4 of 4,Shoulder,Cloth,C>M,0%,0%,0%,0%,0%,0%,0%,0%,0%,0%,0%,0%,0%,0%,0%,33%,33%,33%,0%,0%,0%,0%,0%,0%,33%,33%,33%,0%,0%,0%,0%,0%,0%,33%,33%,33%,0%,0%,0%
221115,Darkflame Cleft,4 of 4,Shoulder,Cloth,V>M,0%,0%,0%,0%,0%,0%,0%,0%,0%,0%,0%,0%,0%,0%,0%,50%,50%,50%,0%,0%,0%,0%,0%,0%,50%,50%,50%,0%,0%,0%,0%,0%,0%,50%,50%,50%,0%,0%,0%
221135,Dawnbreaker,1 of 3,Shoulder,Cloth,V>C,0%,0%,0%,0%,0%,0%,0%,0%,0%,0%,0%,0%,0%,0%,0%,33%,33%,33%,0%,0%,0%,0%,0%,0%,33%,33%,33%,0%,0%,0%,0%,0%,0%,33%,33%,33%,0%,0%,0%
221201,Cinderbrew,3 of 4,Shoulder,Leather,H>V,0%,0%,0%,50%,50%,50%,50%,50%,50%,0%,0%,0%,0%,0%,0%,0%,0%,0%,50%,100%,50%,0%,0%,0%,0%,0%,0%,50%,50%,50%,0%,0%,0%,0%,0%,0%,0%,0%,0%
221175,City of Threads,2 of 4,Shoulder,Leather,V>C,0%,0%,0%,50%,50%,33%,50%,50%,33%,0%,0%,0%,0%,0%,0%,0%,0%,0%,50%,50%,50%,0%,0%,0%,0%,0%,0%,50%,50%,50%,0%,0%,0%,0%,0%,0%,0%,0%,0%
221094,Stonevault,4 of 4,Shoulder,Leather,C>V,0%,0%,0%,33%,33%,50%,50%,50%,50%,0%,0%,0%,0%,0%,0%,0%,0%,0%,33%,50%,33%,0%,0%,0%,0%,0%,0%,50%,33%,50%,0%,0%,0%,0%,0%,0%,0%,0%,0%
221098,Darkflame Cleft,1 of 4,Shoulder,Mail,V>H,0%,0%,0%,0%,0%,0%,0%,0%,0%,33%,33%,33%,33%,33%,33%,0%,0%,0%,0%,0%,0%,0%,0%,0%,0%,0%,0%,0%,0%,0%,33%,33%,33%,0%,0%,0%,0%,0%,0%
221140,Dawnbreaker,2 of 3,Shoulder,Mail,M>V,0%,0%,0%,0%,0%,0%,0%,0%,0%,25%,25%,25%,25%,25%,20%,0%,0%,0%,0%,0%,0%,0%,0%,0%,0%,0%,0%,0%,0%,0%,25%,25%,25%,0%,0%,0%,0%,0%,0%
221048,Rookery,3 of 3,Shoulder,Mail,M>V,0%,0%,0%,0%,0%,0%,0%,0%,0%,33%,33%,33%,33%,33%,33%,0%,0%,0%,0%,0%,0%,0%,0%,0%,0%,0%,0%,0%,0%,0%,33%,33%,33%,0%,0%,0%,0%,0%,0%
221155,Ara-Kara,2 of 3,Shoulder,Plate,V>M,33%,33%,33%,0%,0%,0%,0%,0%,0%,0%,0%,0%,0%,0%,0%,0%,0%,0%,0%,0%,0%,50%,33%,33%,0%,0%,0%,0%,0%,0%,0%,0%,0%,0%,0%,0%,33%,33%,33%
221052,Cinderbrew,1 of 4,Shoulder,Plate,V>M,33%,33%,33%,0%,0%,0%,0%,0%,0%,0%,0%,0%,0%,0%,0%,0%,0%,0%,0%,0%,0%,33%,33%,33%,0%,0%,0%,0%,0%,0%,0%,0%,0%,0%,0%,0%,33%,33%,33%
221185,City of Threads,4 of 4,Shoulder,Plate,C>H,33%,33%,33%,0%,0%,0%,0%,0%,0%,0%,0%,0%,0%,0%,0%,0%,0%,0%,0%,0%,0%,33%,50%,33%,0%,0%,0%,0%,0%,0%,0%,0%,0%,0%,0%,0%,33%,33%,50%
221203,Priory,3 of 3,Shoulder,Plate,C>V,33%,33%,33%,0%,0%,0%,0%,0%,0%,0%,0%,0%,0%,0%,0%,0%,0%,0%,0%,0%,0%,33%,50%,33%,0%,0%,0%,0%,0%,0%,0%,0%,0%,0%,0%,0%,33%,33%,50%
221176,City of Threads,2 of 4,Chest,Cloth,C>H,0%,0%,0%,0%,0%,0%,0%,0%,0%,0%,0%,0%,0%,0%,0%,33%,33%,33%,0%,0%,0%,0%,0%,0%,33%,33%,33%,0%,0%,0%,0%,0%,0%,33%,33%,33%,0%,0%,0%
221126,Priory,2 of 3,Chest,Cloth,V>C,0%,0%,0%,0%,0%,0%,0%,0%,0%,0%,0%,0%,0%,0%,0%,50%,50%,50%,0%,0%,0%,0%,0%,0%,33%,33%,33%,0%,0%,0%,0%,0%,0%,50%,50%,50%,0%,0%,0%
221095,Stonevault,4 of 4,Chest,Cloth,V>H,0%,0%,0%,0%,0%,0%,0%,0%,0%,0%,0%,0%,0%,0%,0%,50%,50%,50%,0%,0%,0%,0%,0%,0%,50%,50%,50%,0%,0%,0%,0%,0%,0%,50%,50%,50%,0%,0%,0%
221188,City of Threads,4 of 4,Chest,Leather,H>M,0%,0%,0%,50%,50%,33%,50%,50%,33%,0%,0%,0%,0%,0%,0%,0%,0%,0%,50%,33%,50%,0%,0%,0%,0%,0%,0%,33%,50%,33%,0%,0%,0%,0%,0%,0%,0%,0%,0%
221130,Priory,3 of 3,Chest,Leather,V>H,0%,0%,0%,50%,50%,33%,50%,50%,33%,0%,0%,0%,0%,0%,0%,0%,0%,0%,33%,33%,33%,0%,0%,0%,0%,0%,0%,50%,33%,50%,0%,0%,0%,0%,0%,0%,0%,0%,0%
221049,Rookery,3 of 3,Chest,Leather,M>V,0%,0%,0%,33%,33%,33%,33%,33%,33%,0%,0%,0%,0%,0%,0%,0%,0%,0%,33%,33%,33%,0%,0%,0%,0%,0%,0%,25%,33%,25%,0%,0%,0%,0%,0%,0%,0%,0%,0%
221179,City of Threads,3 of 4,Chest,Mail,M>V,0%,0%,0%,0%,0%,0%,0%,0%,0%,33%,33%,33%,50%,50%,50%,0%,0%,0%,0%,0%,0%,0%,0%,0%,0%,0%,0%,0%,0%,0%,25%,50%,25%,0%,0%,0%,0%,0%,0%
221041,Rookery,2 of 3,Chest,Mail,C>M,0%,0%,0%,0%,0%,0%,0%,0%,0%,50%,50%,50%,33%,33%,50%,0%,0%,0%,0%,0%,0%,0%,0%,0%,0%,0%,0%,0%,0%,0%,33%,50%,33%,0%,0%,0%,0%,0%,0%
221161,Ara-Kara,3 of 3,Chest,Plate,V>H,100%,100%,100%,0%,0%,0%,0%,0%,0%,0%,0%,0%,0%,0%,0%,0%,0%,0%,0%,0%,0%,50%,100%,100%,0%,0%,0%,0%,0%,0%,0%,0%,0%,0%,0%,0%,100%,100%,100%
221069,Cinderbrew,4 of 4,Chest,Plate,H>C,50%,33%,50%,0%,0%,0%,0%,0%,0%,0%,0%,0%,0%,0%,0%,0%,0%,0%,0%,0%,0%,33%,33%,50%,0%,0%,0%,0%,0%,0%,0%,0%,0%,0%,0%,0%,50%,33%,33%
221139,Dawnbreaker,2 of 3,Chest,Plate,C>V,50%,50%,50%,0%,0%,0%,0%,0%,0%,0%,0%,0%,0%,0%,0%,0%,0%,0%,0%,0%,0%,33%,50%,50%,0%,0%,0%,0%,0%,0%,0%,0%,0%,0%,0%,0%,50%,50%,50%
221182,City of Threads,3 of 4,Wrist,Cloth,H>C,0%,0%,0%,0%,0%,0%,0%,0%,0%,0%,0%,0%,0%,0%,0%,33%,33%,33%,0%,0%,0%,0%,0%,0%,33%,33%,33%,0%,0%,0%,0%,0%,0%,33%,33%,33%,0%,0%,0%
221104,Darkflame Cleft,2 of 4,Wrist,Cloth,M>C,0%,0%,0%,0%,0%,0%,0%,0%,0%,0%,0%,0%,0%,0%,0%,33%,33%,33%,0%,0%,0%,0%,0%,0%,33%,33%,33%,0%,0%,0%,0%,0%,0%,33%,33%,33%,0%,0%,0%
221037,Rookery,1 of 3,Wrist,Cloth,C>V,0%,0%,0%,0%,0%,0%,0%,0%,0%,0%,0%,0%,0%,0%,0%,50%,50%,50%,0%,0%,0%,0%,0%,0%,50%,50%,50%,0%,0%,0%,0%,0%,0%,50%,50%,50%,0%,0%,0%
221157,Ara-Kara,2 of 3,Wrist,Leather,C>M,0%,0%,0%,33%,33%,50%,33%,33%,50%,0%,0%,0%,0%,0%,0%,0%,0%,0%,33%,50%,33%,0%,0%,0%,0%,0%,0%,33%,33%,33%,0%,0%,0%,0%,0%,0%,0%,0%,0%
221053,Cinderbrew,1 of 4,Wrist,Leather,M>H,0%,0%,0%,33%,33%,33%,33%,33%,33%,0%,0%,0%,0%,0%,0%,0%,0%,0%,25%,33%,25%,0%,0%,0%,0%,0%,0%,33%,25%,33%,0%,0%,0%,0%,0%,0%,0%,0%,0%
221142,Dawnbreaker,2 of 3,Wrist,Leather,H>C,0%,0%,0%,33%,33%,33%,25%,25%,33%,0%,0%,0%,0%,0%,0%,0%,0%,0%,25%,33%,25%,0%,0%,0%,0%,0%,0%,25%,33%,25%,0%,0%,0%,0%,0%,0%,0%,0%,0%
221059,Cinderbrew,2 of 4,Wrist,Mail,C>V,0%,0%,0%,0%,0%,0%,0%,0%,0%,33%,33%,33%,50%,50%,33%,0%,0%,0%,0%,0%,0%,0%,0%,0%,0%,0%,0%,0%,0%,0%,33%,50%,33%,0%,0%,0%,0%,0%,0%
221174,City of Threads,2 of 4,Wrist,Mail,C>M,0%,0%,0%,0%,0%,0%,0%,0%,0%,33%,33%,33%,50%,50%,50%,0%,0%,0%,0%,0%,0%,0%,0%,0%,0%,0%,0%,0%,0%,0%,33%,50%,33%,0%,0%,0%,0%,0%,0%
221124,Priory,2 of 3,Wrist,Mail,M>H,0%,0%,0%,0%,0%,0%,0%,0%,0%,33%,33%,33%,50%,50%,50%,0%,0%,0%,0%,0%,0%,0%,0%,0%,0%,0%,0%,0%,0%,0%,33%,50%,33%,0%,0%,0%,0%,0%,0%
221064,Cinderbrew,3 of 4,Wrist,Plate,C>H,33%,33%,33%,0%,0%,0%,0%,0%,0%,0%,0%,0%,0%,0%,0%,0%,0%,0%,0%,0%,0%,100%,50%,33%,0%,0%,0%,0%,0%,0%,0%,0%,0%,0%,0%,0%,33%,33%,50%
221167,City of Threads,1 of 4,Wrist,Plate,H>V,50%,50%,50%,0%,0%,0%,0%,0%,0%,0%,0%,0%,0%,0%,0%,0%,0%,0%,0%,0%,0%,50%,50%,50%,0%,0%,0%,0%,0%,0%,0%,0%,0%,0%,0%,0%,50%,50%,50%
221118,Priory,1 of 3,Wrist,Plate,C>H,50%,50%,50%,0%,0%,0%,0%,0%,0%,0%,0%,0%,0%,0%,0%,0%,0%,0%,0%,0%,0%,33%,33%,50%,0%,0%,0%,0%,0%,0%,0%,0%,0%,0%,0%,0%,50%,50%,33%
221067,Cinderbrew,3 of 4,Hands,Cloth,H>M,0%,0%,0%,0%,0%,0%,0%,0%,0%,0%,0%,0%,0%,0%,0%,50%,50%,50%,0%,0%,0%,0%,0%,0%,50%,50%,50%,0%,0%,0%,0%,0%,0%,50%,50%,50%,0%,0%,0%
221170,City of Threads,1 of 4,Hands,Cloth,C>V,0%,0%,0%,0%,0%,0%,0%,0%,0%,0%,0%,0%,0%,0%,0%,33%,33%,33%,0%,0%,0%,0%,0%,0%,33%,33%,33%,0%,0%,0%,0%,0%,0%,33%,33%,33%,0%,0%,0%
221108,Darkflame Cleft,3 of 4,Hands,Cloth,C>H,0%,0%,0%,0%,0%,0%,0%,0%,0%,0%,0%,0%,0%,0%,0%,33%,33%,33%,0%,0%,0%,0%,0%,0%,33%,33%,33%,0%,0%,0%,0%,0%,0%,33%,33%,33%,0%,0%,0%
221180,City of Threads,3 of 4,Hands,Leather,H>C,0%,0%,0%,50%,50%,33%,50%,50%,33%,0%,0%,0%,0%,0%,0%,0%,0%,0%,50%,33%,50%,0%,0%,0%,0%,0%,0%,50%,50%,50%,0%,0%,0%,0%,0%,0%,0%,0%,0%
221102,Darkflame Cleft,2 of 4,Hands,Leather,H>M,0%,0%,0%,50%,50%,33%,50%,50%,33%,0%,0%,0%,0%,0%,0%,0%,0%,0%,50%,33%,50%,0%,0%,0%,0%,0%,0%,50%,50%,50%,0%,0%,0%,0%,0%,0%,0%,0%,0%
221036,Rookery,1 of 3,Hands,Leather,M>C,0%,0%,0%,33%,33%,50%,50%,50%,50%,0%,0%,0%,0%,0%,0%,0%,0%,0%,33%,50%,33%,0%,0%,0%,0%,0%,0%,50%,33%,50%,0%,0%,0%,0%,0%,0%,0%,0%,0%
221162,Ara-Kara,3 of 3,Hands,Mail,V>H,0%,0%,0%,0%,0%,0%,0%,0%,0%,33%,33%,33%,50%,50%,33%,0%,0%,0%,0%,0%,0%,0%,0%,0%,0%,0%,0%,0%,0%,0%,33%,50%,33%,0%,0%,0%,0%,0%,0%
221119,Priory,1 of 3,Hands,Mail,H>V,0%,0%,0%,0%,0%,0%,0%,0%,0%,50%,50%,50%,50%,50%,33%,0%,0%,0%,0%,0%,0%,0%,0%,0%,0%,0%,0%,0%,0%,0%,33%,50%,33%,0%,0%,0%,0%,0%,0%
221080,Stonevault,2 of 4,Hands,Mail,V>C,0%,0%,0%,0%,0%,0%,0%,0%,0%,100%,100%,100%,100%,100%,100%,0%,0%,0%,0%,0%,0%,0%,0%,0%,0%,0%,0%,0%,0%,0%,50%,100%,50%,0%,0%,0%,0%,0%,0%
221151,Ara-Kara,1 of 3,Hands,Plate,H>V,50%,50%,50%,0%,0%,0%,0%,0%,0%,0%,0%,0%,0%,0%,0%,0%,0%,0%,0%,0%,0%,33%,50%,50%,0%,0%,0%,0%,0%,0%,0%,0%,0%,0%,0%,0%,50%,50%,50%
221112,Darkflame Cleft,4 of 4,Hands,Plate,V>H,33%,33%,33%,0%,0%,0%,0%,0%,0%,0%,0%,0%,0%,0%,0%,0%,0%,0%,0%,0%,0%,50%,50%,33%,0%,0%,0%,0%,0%,0%,0%,0%,0%,0%,0%,0%,33%,33%,50%
221086,Stonevault,3 of 4,Hands,Plate,H>C,33%,33%,33%,0%,0%,0%,0%,0%,0%,0%,0%,0%,0%,0%,0%,0%,0%,0%,0%,0%,0%,25%,33%,33%,0%,0%,0%,0%,0%,0%,0%,0%,0%,0%,0%,0%,33%,33%,33%
221158,Ara-Kara,2 of 3,Waist,Cloth,C>H,0%,0%,0%,0%,0%,0%,0%,0%,0%,0%,0%,0%,0%,0%,0%,50%,50%,50%,0%,0%,0%,0%,0%,0%,50%,50%,50%,0%,0%,0%,0%,0%,0%,50%,50%,50%,0%,0%,0%
221121,Priory,1 of 3,Waist,Cloth,M>C,0%,0%,0%,0%,0%,0%,0%,0%,0%,0%,0%,0%,0%,0%,0%,50%,50%,50%,0%,0%,0%,0%,0%,0%,50%,50%,50%,0%,0%,0%,0%,0%,0%,50%,50%,50%,0%,0%,0%
221087,Stonevault,3 of 4,Waist,Cloth,V>M,0%,0%,0%,0%,0%,0%,0%,0%,0%,0%,0%,0%,0%,0%,0%,20%,20%,20%,0%,0%,0%,0%,0%,0%,20%,20%,20%,0%,0%,0%,0%,0%,0%,20%,20%,20%,0%,0%,0%
221058,Cinderbrew,2 of 4,Waist,Leather,V>H,0%,0%,0%,50%,50%,33%,33%,33%,33%,0%,0%,0%,0%,0%,0%,0%,0%,0%,33%,33%,33%,0%,0%,0%,0%,0%,0%,50%,50%,50%,0%,0%,0%,0%,0%,0%,0%,0%,0%
221107,Darkflame Cleft,3 of 4,Waist,Leather,C>M,0%,0%,0%,50%,50%,33%,50%,50%,33%,0%,0%,0%,0%,0%,0%,0%,0%,0%,50%,25%,50%,0%,0%,0%,0%,0%,0%,50%,50%,50%,0%,0%,0%,0%,0%,0%,0%,0%,0%
221134,Dawnbreaker,1 of 3,Waist,Leather,C>M,0%,0%,0%,50%,50%,33%,50%,50%,33%,0%,0%,0%,0%,0%,0%,0%,0%,0%,50%,33%,50%,0%,0%,0%,0%,0%,0%,50%,50%,50%,0%,0%,0%,0%,0%,0%,0%,0%,0%
221168,City of Threads,1 of 4,Waist,Mail,H>M,0%,0%,0%,0%,0%,0%,0%,0%,0%,33%,33%,33%,50%,50%,50%,0%,0%,0%,0%,0%,0%,0%,0%,0%,0%,0%,0%,0%,0%,0%,33%,50%,33%,0%,0%,0%,0%,0%,0%
221101,Darkflame Cleft,2 of 4,Waist,Mail,H>V,0%,0%,0%,0%,0%,0%,0%,0%,0%,33%,33%,33%,50%,50%,50%,0%,0%,0%,0%,0%,0%,0%,0%,0%,0%,0%,0%,0%,0%,0%,33%,50%,33%,0%,0%,0%,0%,0%,0%
221133,Dawnbreaker,1 of 3,Waist,Plate,M>H,33%,33%,33%,0%,0%,0%,0%,0%,0%,0%,0%,0%,0%,0%,0%,0%,0%,0%,0%,0%,0%,33%,33%,33%,0%,0%,0%,0%,0%,0%,0%,0%,0%,0%,0%,0%,33%,33%,33%
221040,Rookery,2 of 3,Waist,Plate,M>H,33%,33%,33%,0%,0%,0%,0%,0%,0%,0%,0%,0%,0%,0%,0%,0%,0%,0%,0%,0%,0%,33%,33%,33%,0%,0%,0%,0%,0%,0%,0%,0%,0%,0%,0%,0%,33%,33%,33%
221079,Stonevault,2 of 4,Waist,Plate,C>M,50%,50%,50%,0%,0%,0%,0%,0%,0%,0%,0%,0%,0%,0%,0%,0%,0%,0%,0%,0%,0%,50%,50%,50%,0%,0%,0%,0%,0%,0%,0%,0%,0%,0%,0%,0%,50%,50%,50%
221164,Ara-Kara,3 of 3,Legs,Cloth,H>C,0%,0%,0%,0%,0%,0%,0%,0%,0%,0%,0%,0%,0%,0%,0%,33%,33%,33%,0%,0%,0%,0%,0%,0%,33%,33%,33%,0%,0%,0%,0%,0%,0%,33%,33%,33%,0%,0%,0%
221050,Rookery,3 of 3,Legs,Cloth,H>C,0%,0%,0%,0%,0%,0%,0%,0%,0%,0%,0%,0%,0%,0%,0%,33%,33%,33%,0%,0%,0%,0%,0%,0%,33%,33%,33%,0%,0%,0%,0%,0%,0%,33%,33%,33%,0%,0%,0%
221153,Ara-Kara,1 of 3,Legs,Leather,M>C,0%,0%,0%,50%,50%,50%,50%,50%,50%,0%,0%,0%,0%,0%,0%,0%,0%,0%,50%,33%,50%,0%,0%,0%,0%,0%,0%,50%,50%,50%,0%,0%,0%,0%,0%,0%,0%,0%,0%
221114,Darkflame Cleft,4 of 4,Legs,Leather,H>C,0%,0%,0%,50%,50%,50%,50%,50%,50%,0%,0%,0%,0%,0%,0%,0%,0%,0%,50%,50%,50%,0%,0%,0%,0%,0%,0%,33%,50%,33%,0%,0%,0%,0%,0%,0%,0%,0%,0%
221042,Rookery,2 of 3,Legs,Leather,V>C,0%,0%,0%,50%,50%,50%,50%,50%,50%,0%,0%,0%,0%,0%,0%,0%,0%,0%,50%,50%,50%,0%,0%,0%,0%,0%,0%,50%,50%,50%,0%,0%,0%,0%,0%,0%,0%,0%,0%
221065,Cinderbrew,3 of 4,Legs,Mail,C>H,0%,0%,0%,0%,0%,0%,0%,0%,0%,50%,50%,50%,50%,50%,50%,0%,0%,0%,0%,0%,0%,0%,0%,0%,0%,0%,0%,0%,0%,0%,50%,50%,50%,0%,0%,0%,0%,0%,0%
221186,City of Threads,4 of 4,Legs,Mail,H>V,0%,0%,0%,0%,0%,0%,0%,0%,0%,33%,33%,33%,50%,50%,50%,0%,0%,0%,0%,0%,0%,0%,0%,0%,0%,0%,0%,0%,0%,0%,33%,50%,33%,0%,0%,0%,0%,0%,0%
221129,Priory,3 of 3,Legs,Mail,C>V,0%,0%,0%,0%,0%,0%,0%,0%,0%,33%,33%,33%,50%,50%,50%,0%,0%,0%,0%,0%,0%,0%,0%,0%,0%,0%,0%,0%,0%,0%,33%,33%,33%,0%,0%,0%,0%,0%,0%
221173,City of Threads,2 of 4,Legs,Plate,M>H,100%,100%,100%,0%,0%,0%,0%,0%,0%,0%,0%,0%,0%,0%,0%,0%,0%,0%,0%,0%,0%,50%,100%,100%,0%,0%,0%,0%,0%,0%,0%,0%,0%,0%,0%,0%,100%,100%,100%
221034,Rookery,1 of 3,Legs,Plate,H>V,100%,100%,100%,0%,0%,0%,0%,0%,0%,0%,0%,0%,0%,0%,0%,0%,0%,0%,0%,0%,0%,100%,100%,100%,0%,0%,0%,0%,0%,0%,0%,0%,0%,0%,0%,0%,100%,100%,100%
221092,Stonevault,4 of 4,Legs,Plate,M>C,50%,33%,50%,0%,0%,0%,0%,0%,0%,0%,0%,0%,0%,0%,0%,0%,0%,0%,0%,0%,0%,50%,33%,50%,0%,0%,0%,0%,0%,0%,0%,0%,0%,0%,0%,0%,50%,33%,33%
221043,Rookery,2 of 3,Feet,Cloth,C>H,0%,0%,0%,0%,0%,0%,0%,0%,0%,0%,0%,0%,0%,0%,0%,50%,50%,50%,0%,0%,0%,0%,0%,0%,50%,50%,50%,0%,0%,0%,0%,0%,0%,50%,50%,50%,0%,0%,0%
221082,Stonevault,2 of 4,Feet,Cloth,H>V,0%,0%,0%,0%,0%,0%,0%,0%,0%,0%,0%,0%,0%,0%,0%,100%,100%,100%,0%,0%,0%,0%,0%,0%,100%,100%,100%,0%,0%,0%,0%,0%,0%,100%,100%,100%,0%,0%,0%
221071,Cinderbrew,4 of 4,Feet,Leather,M>H,0%,0%,0%,50%,50%,33%,50%,50%,33%,0%,0%,0%,0%,0%,0%,0%,0%,0%,50%,33%,50%,0%,0%,0%,0%,0%,0%,50%,50%,50%,0%,0%,0%,0%,0%,0%,0%,0%,0%
221169,City of Threads,1 of 4,Feet,Leather,M>C,0%,0%,0%,50%,50%,33%,50%,50%,33%,0%,0%,0%,0%,0%,0%,0%,0%,0%,50%,33%,50%,0%,0%,0%,0%,0%,0%,50%,50%,50%,0%,0%,0%,0%,0%,0%,0%,0%,0%
221120,Priory,1 of 3,Feet,Leather,H>M,0%,0%,0%,50%,50%,50%,33%,33%,50%,0%,0%,0%,0%,0%,0%,0%,0%,0%,33%,50%,33%,0%,0%,0%,0%,0%,0%,50%,50%,50%,0%,0%,0%,0%,0%,0%,0%,0%,0%
221152,Ara-Kara,1 of 3,Feet,Mail,H>M,0%,0%,0%,0%,0%,0%,0%,0%,0%,33%,33%,33%,50%,50%,50%,0%,0%,0%,0%,0%,0%,0%,0%,0%,0%,0%,0%,0%,0%,0%,50%,50%,50%,0%,0%,0%,0%,0%,0%
221106,Darkflame Cleft,3 of 4,Feet,Mail,M>H,0%,0%,0%,0%,0%,0%,0%,0%,0%,25%,25%,25%,50%,50%,50%,0%,0%,0%,0%,0%,0%,0%,0%,0%,0%,0%,0%,0%,0%,0%,25%,50%,25%,0%,0%,0%,0%,0%,0%
221202,Dawnbreaker,2 of 3,Feet,Mail,V>H,0%,0%,0%,0%,0%,0%,0%,0%,0%,25%,25%,25%,25%,25%,20%,0%,0%,0%,0%,0%,0%,0%,0%,0%,0%,0%,0%,0%,0%,0%,25%,25%,25%,0%,0%,0%,0%,0%,0%
221035,Rookery,1 of 3,Feet,Mail,H>M,0%,0%,0%,0%,0%,0%,0%,0%,0%,50%,50%,50%,50%,50%,50%,0%,0%,0%,0%,0%,0%,0%,0%,0%,0%,0%,0%,0%,0%,0%,50%,33%,50%,0%,0%,0%,0%,0%,0%
221061,Cinderbrew,2 of 4,Feet,Plate,M>C,50%,50%,50%,0%,0%,0%,0%,0%,0%,0%,0%,0%,0%,0%,0%,0%,0%,0%,0%,0%,0%,33%,50%,50%,0%,0%,0%,0%,0%,0%,0%,0%,0%,0%,0%,0%,50%,50%,50%
221178,City of Threads,3 of 4,Feet,Plate,V>H,50%,50%,50%,0%,0%,0%,0%,0%,0%,0%,0%,0%,0%,0%,0%,0%,0%,0%,0%,0%,0%,25%,33%,50%,0%,0%,0%,0%,0%,0%,0%,0%,0%,0%,0%,0%,50%,50%,33%
221123,Priory,2 of 3,Feet,Plate,V>M,50%,50%,50%,0%,0%,0%,0%,0%,0%,0%,0%,0%,0%,0%,0%,0%,0%,0%,0%,0%,0%,33%,50%,50%,0%,0%,0%,0%,0%,0%,0%,0%,0%,0%,0%,0%,50%,50%,50%
221060,Cinderbrew,2 of 4,Neck,,H>M,50%,50%,50%,50%,50%,33%,33%,33%,33%,33%,33%,33%,50%,50%,33%,33%,33%,33%,33%,33%,33%,33%,50%,50%,33%,33%,33%,50%,50%,50%,33%,50%,33%,33%,33%,33%,50%,50%,50%
221181,City of Threads,3 of 4,Neck,,V>C,50%,50%,50%,50%,50%,33%,50%,50%,33%,33%,33%,33%,50%,50%,50%,33%,33%,33%,50%,33%,50%,25%,33%,50%,33%,33%,33%,50%,50%,50%,25%,50%,25%,33%,33%,33%,50%,50%,33%
221103,Darkflame Cleft,2 of 4,Neck,,C>V,50%,50%,50%,50%,50%,33%,50%,50%,33%,33%,33%,33%,50%,50%,50%,33%,33%,33%,50%,33%,50%,33%,50%,50%,33%,33%,33%,50%,50%,50%,33%,50%,33%,33%,33%,33%,50%,50%,50%
221154,Ara-Kara,2 of 3,Back,,V>C,33%,33%,33%,33%,33%,50%,33%,33%,50%,50%,50%,50%,33%,33%,33%,50%,50%,50%,33%,50%,33%,50%,33%,33%,50%,50%,50%,33%,33%,33%,50%,33%,50%,50%,50%,50%,33%,33%,33%
221054,Cinderbrew,1 of 4,Back,,C>M,33%,33%,33%,33%,33%,33%,33%,33%,33%,50%,50%,50%,50%,50%,50%,50%,50%,50%,25%,33%,25%,33%,33%,33%,50%,50%,50%,33%,25%,33%,50%,33%,50%,50%,50%,50%,33%,33%,33%
221109,Darkflame Cleft,3 of 4,Back,,V>C,100%,100%,100%,50%,50%,33%,50%,50%,33%,25%,25%,25%,50%,50%,50%,33%,33%,33%,50%,25%,50%,33%,100%,100%,33%,33%,33%,50%,50%,50%,25%,50%,25%,33%,33%,33%,100%,100%,100%
221088,Stonevault,3 of 4,Back,,M>H,33%,33%,33%,50%,50%,25%,50%,50%,25%,25%,25%,25%,50%,50%,50%,20%,20%,20%,50%,25%,50%,25%,33%,33%,20%,20%,20%,50%,50%,50%,25%,50%,25%,20%,20%,20%,33%,33%,33%
221198,Cinderbrew,4 of 4,Finger,,M>C,50%,33%,50%,50%,50%,33%,50%,50%,33%,33%,33%,33%,50%,50%,50%,33%,33%,33%,50%,33%,50%,33%,33%,50%,33%,33%,33%,50%,50%,50%,33%,50%,33%,33%,33%,33%,50%,33%,33%
221189,City of Threads,4 of 4,Finger,,V>H,33%,33%,33%,50%,50%,33%,50%,50%,33%,33%,33%,33%,50%,50%,50%,33%,33%,33%,50%,33%,50%,33%,50%,33%,33%,33%,33%,33%,50%,33%,33%,50%,33%,33%,33%,33%,33%,33%,50%
221099,Darkflame Cleft,1 of 4,Finger,,H>V,100%,50%,100%,50%,50%,50%,50%,50%,50%,33%,33%,33%,33%,33%,33%,50%,50%,50%,50%,50%,50%,50%,50%,100%,50%,50%,50%,50%,50%,50%,33%,33%,33%,50%,50%,50%,100%,50%,50%
221200,Priory,3 of 3,Finger,,M>V,33%,33%,33%,50%,50%,33%,50%,50%,33%,33%,33%,33%,50%,50%,50%,33%,33%,33%,33%,33%,33%,33%,50%,33%,33%,33%,33%,50%,33%,50%,33%,33%,33%,33%,33%,33%,33%,33%,50%
221136,Dawnbreaker,1 of 3,Finger,,C>H,33%,33%,33%,50%,50%,33%,50%,50%,33%,50%,50%,50%,100%,100%,100%,33%,33%,33%,50%,33%,50%,33%,33%,33%,33%,33%,33%,50%,50%,50%,50%,100%,50%,33%,33%,33%,33%,33%,33%
221141,Dawnbreaker,2 of 3,Finger,,V>M,50%,50%,50%,33%,33%,33%,25%,25%,33%,25%,25%,25%,25%,25%,20%,50%,50%,50%,25%,33%,25%,33%,50%,50%,50%,50%,50%,25%,33%,25%,25%,25%,25%,50%,50%,50%,50%,50%,50%
221197,Rookery,3 of 3,Finger,,C>M,33%,25%,33%,33%,33%,33%,33%,33%,33%,33%,33%,33%,33%,33%,33%,33%,33%,33%,33%,33%,33%,33%,25%,33%,33%,33%,33%,25%,33%,25%,33%,33%,33%,33%,33%,33%,33%,25%,25%
221068,Cinderbrew,4 of 4,One-Hand,Axe,Str,0%,33%,0%,0%,0%,0%,0%,0%,0%,0%,0%,0%,0%,0%,0%,0%,0%,0%,0%,0%,0%,0%,33%,0%,0%,0%,0%,0%,0%,0%,0%,0%,0%,0%,0%,0%,0%,33%,33%
221096,Darkflame Cleft,1 of 4,One-Hand,Axe,Str,0%,50%,0%,0%,0%,0%,0%,0%,0%,0%,0%,0%,0%,0%,0%,0%,0%,0%,0%,0%,0%,0%,50%,0%,0%,0%,0%,0%,0%,0%,0%,0%,0%,0%,0%,0%,0%,50%,50%
221105,Darkflame Cleft,3 of 4,One-Hand,Axe,Int,0%,0%,0%,0%,0%,0%,0%,0%,0%,25%,25%,25%,0%,0%,0%,0%,0%,0%,0%,25%,0%,33%,0%,0%,0%,0%,0%,0%,0%,0%,25%,0%,25%,0%,0%,0%,0%,0%,0%
221033,Rookery,1 of 3,One-Hand,Axe,Agi,0%,0%,0%,33%,33%,0%,0%,0%,0%,0%,0%,0%,0%,0%,0%,0%,0%,0%,33%,0%,33%,0%,0%,0%,0%,0%,0%,0%,33%,0%,0%,33%,0%,0%,0%,0%,0%,0%,0%
221165,Ara-Kara,3 of 3,One-Hand,Dagger,Int,0%,0%,0%,0%,0%,33%,0%,0%,33%,33%,33%,33%,0%,0%,0%,33%,33%,33%,0%,0%,0%,0%,0%,0%,33%,33%,33%,0%,0%,0%,33%,0%,33%,33%,33%,33%,0%,0%,0%
221062,Cinderbrew,3 of 4,One-Hand,Dagger,Int,0%,0%,0%,0%,0%,50%,0%,0%,50%,50%,50%,50%,0%,0%,0%,50%,50%,50%,0%,0%,0%,0%,0%,0%,50%,50%,50%,0%,0%,0%,50%,0%,50%,50%,50%,50%,0%,0%,0%
221171,City of Threads,2 of 4,One-Hand,Dagger,Int,0%,0%,0%,0%,0%,33%,0%,0%,33%,33%,33%,33%,0%,0%,0%,33%,33%,33%,0%,0%,0%,0%,0%,0%,33%,33%,33%,0%,0%,0%,33%,0%,33%,33%,33%,33%,0%,0%,0%
221183,City of Threads,4 of 4,One-Hand,Dagger,Agi,0%,0%,0%,0%,0%,0%,0%,0%,0%,0%,0%,0%,0%,0%,0%,0%,0%,0%,0%,0%,0%,0%,0%,0%,0%,0%,0%,33%,0%,33%,0%,0%,0%,0%,0%,0%,0%,0%,0%
221110,Darkflame Cleft,4 of 4,One-Hand,Dagger,Agi,0%,0%,0%,0%,0%,0%,0%,0%,0%,0%,0%,0%,0%,0%,0%,0%,0%,0%,0%,0%,0%,0%,0%,0%,0%,0%,0%,33%,0%,33%,0%,0%,0%,0%,0%,0%,0%,0%,0%
221138,Dawnbreaker,2 of 3,One-Hand,Dagger,Agi,0%,0%,0%,0%,0%,0%,0%,0%,0%,0%,0%,0%,0%,0%,0%,0%,0%,0%,0%,0%,0%,0%,0%,0%,0%,0%,0%,25%,0%,25%,0%,0%,0%,0%,0%,0%,0%,0%,0%
221044,Rookery,3 of 3,One-Hand,Dagger,Agi,0%,0%,0%,0%,0%,0%,0%,0%,0%,0%,0%,0%,0%,0%,0%,0%,0%,0%,0%,0%,0%,0%,0%,0%,0%,0%,0%,25%,0%,25%,0%,0%,0%,0%,0%,0%,0%,0%,0%
221090,Stonevault,4 of 4,One-Hand,Fist Weapon,Agi,0%,0%,0%,33%,33%,0%,0%,0%,0%,0%,0%,0%,0%,0%,0%,0%,0%,0%,33%,0%,33%,0%,0%,0%,0%,0%,0%,0%,33%,0%,0%,50%,0%,0%,0%,0%,0%,0%,0%
221051,Cinderbrew,1 of 4,One-Hand,Mace,Agi,0%,0%,0%,0%,0%,0%,0%,0%,0%,0%,0%,0%,0%,0%,0%,0%,0%,0%,25%,0%,25%,0%,0%,0%,0%,0%,0%,0%,25%,0%,0%,33%,0%,0%,0%,0%,0%,0%,0%
221122,Priory,2 of 3,One-Hand,Mace,Int,0%,0%,0%,0%,0%,33%,0%,0%,33%,33%,33%,33%,0%,0%,0%,0%,0%,0%,0%,33%,0%,33%,0%,0%,33%,33%,33%,0%,0%,0%,33%,0%,33%,0%,0%,0%,0%,0%,0%
221128,Priory,3 of 3,One-Hand,Mace,Agi,0%,0%,0%,0%,0%,0%,0%,0%,0%,0%,0%,0%,0%,0%,0%,0%,0%,0%,33%,0%,33%,0%,0%,0%,0%,0%,0%,0%,33%,0%,0%,33%,0%,0%,0%,0%,0%,0%,0%
221046,Rookery,3 of 3,One-Hand,Mace,Str,0%,25%,0%,0%,0%,0%,0%,0%,0%,0%,0%,0%,0%,0%,0%,0%,0%,0%,0%,0%,0%,0%,25%,0%,0%,0%,0%,0%,0%,0%,0%,0%,0%,0%,0%,0%,0%,25%,25%
221150,Ara-Kara,1 of 3,One-Hand,Sword,Int,0%,0%,0%,0%,0%,0%,0%,0%,0%,33%,33%,33%,0%,0%,0%,50%,50%,50%,0%,33%,0%,33%,0%,0%,0%,0%,0%,0%,0%,0%,0%,0%,0%,50%,50%,50%,0%,0%,0%
221091,Stonevault,4 of 4,One-Hand,Sword,Str,0%,33%,0%,0%,0%,0%,0%,0%,0%,0%,0%,0%,0%,0%,0%,0%,0%,0%,0%,0%,0%,0%,33%,0%,0%,0%,0%,0%,0%,0%,0%,0%,0%,0%,0%,0%,0%,33%,33%
221160,Ara-Kara,3 of 3,One-Hand,Warglaive,Agi,0%,0%,0%,33%,33%,0%,0%,0%,0%,0%,0%,0%,0%,0%,0%,0%,0%,0%,0%,0%,0%,0%,0%,0%,0%,0%,0%,0%,0%,0%,0%,0%,0%,0%,0%,0%,0%,0%,0%
221084,Stonevault,2 of 4,One-Hand,Warglaive,Agi,0%,0%,0%,50%,50%,0%,0%,0%,0%,0%,0%,0%,0%,0%,0%,0%,0%,0%,0%,0%,0%,0%,0%,0%,0%,0%,0%,0%,0%,0%,0%,0%,0%,0%,0%,0%,0%,0%,0%
221063,Cinderbrew,3 of 4,Two-Hand,Mace,Str,33%,33%,33%,0%,0%,0%,0%,0%,0%,0%,0%,0%,0%,0%,0%,0%,0%,0%,0%,0%,0%,0%,0%,33%,0%,0%,0%,0%,0%,0%,0%,0%,0%,0%,0%,0%,33%,33%,0%
221038,Rookery,2 of 3,Two-Hand,Mace,Str,33%,33%,33%,0%,0%,0%,0%,0%,0%,0%,0%,0%,0%,0%,0%,0%,0%,0%,0%,0%,0%,0%,0%,33%,0%,0%,0%,0%,0%,0%,0%,0%,0%,0%,0%,0%,33%,33%,0%
221083,Stonevault,2 of 4,Two-Hand,Mace,Int,0%,0%,0%,0%,0%,50%,0%,0%,50%,0%,0%,0%,0%,0%,0%,0%,0%,0%,0%,0%,0%,50%,0%,0%,0%,0%,0%,0%,0%,0%,50%,0%,50%,0%,0%,0%,0%,0%,0%
221184,City of Threads,4 of 4,Two-Hand,Polearm,Str,33%,33%,33%,0%,0%,0%,0%,0%,0%,0%,0%,0%,0%,0%,0%,0%,0%,0%,0%,0%,0%,0%,0%,33%,0%,0%,0%,0%,0%,0%,0%,0%,0%,0%,0%,0%,33%,33%,0%
221111,Darkflame Cleft,4 of 4,Two-Hand,Polearm,Str,33%,33%,33%,0%,0%,0%,0%,0%,0%,0%,0%,0%,0%,0%,0%,0%,0%,0%,0%,0%,0%,0%,0%,33%,0%,0%,0%,0%,0%,0%,0%,0%,0%,0%,0%,0%,33%,33%,0%
221116,Priory,1 of 3,Two-Hand,Polearm,Agi,0%,0%,0%,0%,0%,0%,33%,33%,0%,0%,0%,0%,0%,0%,33%,0%,0%,0%,33%,0%,33%,0%,0%,0%,0%,0%,0%,0%,0%,0%,0%,0%,0%,0%,0%,0%,0%,0%,0%
221137,Dawnbreaker,2 of 3,Two-Hand,Polearm,Agi,0%,0%,0%,0%,0%,0%,25%,25%,0%,0%,0%,0%,0%,0%,20%,0%,0%,0%,25%,0%,25%,0%,0%,0%,0%,0%,0%,0%,0%,0%,0%,0%,0%,0%,0%,0%,0%,0%,0%
221159,Ara-Kara,3 of 3,Two-Hand,Staff,Agi,0%,0%,0%,0%,0%,0%,33%,33%,0%,0%,0%,0%,0%,0%,33%,0%,0%,0%,33%,0%,33%,0%,0%,0%,0%,0%,0%,0%,0%,0%,0%,0%,0%,0%,0%,0%,0%,0%,0%
221057,Cinderbrew,2 of 4,Two-Hand,Staff,Agi,0%,0%,0%,0%,0%,0%,33%,33%,0%,0%,0%,0%,0%,0%,33%,0%,0%,0%,33%,0%,33%,0%,0%,0%,0%,0%,0%,0%,0%,0%,0%,0%,0%,0%,0%,0%,0%,0%,0%
221166,City of Threads,1 of 4,Two-Hand,Staff,Int,0%,0%,0%,0%,0%,33%,0%,0%,33%,33%,33%,33%,0%,0%,0%,33%,33%,33%,0%,33%,0%,0%,0%,0%,33%,33%,33%,0%,0%,0%,33%,0%,33%,33%,33%,33%,0%,0%,0%
221032,Rookery,1 of 3,Two-Hand,Staff,Int,0%,0%,0%,0%,0%,50%,0%,0%,50%,50%,50%,50%,0%,0%,0%,50%,50%,50%,0%,50%,0%,0%,0%,0%,50%,50%,50%,0%,0%,0%,50%,0%,50%,50%,50%,50%,0%,0%,0%
221085,Stonevault,3 of 4,Two-Hand,Staff,Int,0%,0%,0%,0%,0%,25%,0%,0%,25%,25%,25%,25%,0%,0%,0%,20%,20%,20%,0%,25%,0%,0%,0%,0%,20%,20%,20%,0%,0%,0%,25%,0%,25%,20%,20%,20%,0%,0%,0%
221127,Priory,3 of 3,Two-Hand,Sword,Str,33%,33%,33%,0%,0%,0%,0%,0%,0%,0%,0%,0%,0%,0%,0%,0%,0%,0%,0%,0%,0%,0%,0%,33%,0%,0%,0%,0%,0%,0%,0%,0%,0%,0%,0%,0%,33%,33%,0%
221039,Rookery,2 of 3,Ranged,Bow,Agi,0%,0%,0%,0%,0%,0%,0%,0%,0%,0%,0%,0%,33%,33%,0%,0%,0%,0%,0%,0%,0%,0%,0%,0%,0%,0%,0%,0%,0%,0%,0%,0%,0%,0%,0%,0%,0%,0%,0%
221089,Stonevault,4 of 4,Ranged,Crossbow,Agi,0%,0%,0%,0%,0%,0%,0%,0%,0%,0%,0%,0%,50%,50%,0%,0%,0%,0%,0%,0%,0%,0%,0%,0%,0%,0%,0%,0%,0%,0%,0%,0%,0%,0%,0%,0%,0%,0%,0%
221056,Cinderbrew,2 of 4,Held In Off-hand,,Int,0%,0%,0%,0%,0%,33%,0%,0%,33%,33%,33%,33%,0%,0%,0%,33%,33%,33%,0%,33%,0%,33%,0%,0%,33%,33%,33%,0%,0%,0%,33%,0%,33%,33%,33%,33%,0%,0%,0%
221172,City of Threads,2 of 4,Held In Off-hand,,Int,0%,0%,0%,0%,0%,33%,0%,0%,33%,33%,33%,33%,0%,0%,0%,33%,33%,33%,0%,50%,0%,50%,0%,0%,33%,33%,33%,0%,0%,0%,33%,0%,33%,33%,33%,33%,0%,0%,0%
221097,Darkflame Cleft,1 of 4,Held In Off-hand,,Int,0%,0%,0%,0%,0%,50%,0%,0%,50%,33%,33%,33%,0%,0%,0%,50%,50%,50%,0%,50%,0%,50%,0%,0%,50%,50%,50%,0%,0%,0%,33%,0%,33%,50%,50%,50%,0%,0%,0%
221132,Dawnbreaker,1 of 3,Held In Off-hand,,Int,0%,0%,0%,0%,0%,33%,0%,0%,33%,50%,50%,50%,0%,0%,0%,33%,33%,33%,0%,33%,0%,33%,0%,0%,33%,33%,33%,0%,0%,0%,50%,0%,50%,33%,33%,33%,0%,0%,0%
221177,City of Threads,3 of 4,Off Hand,Shield,"Str,Int",0%,0%,0%,0%,0%,0%,0%,0%,0%,0%,0%,0%,0%,0%,0%,0%,0%,0%,0%,0%,0%,25%,33%,0%,0%,0%,0%,0%,0%,0%,25%,0%,25%,0%,0%,0%,0%,0%,33%
221117,Priory,1 of 3,Off Hand,Shield,"Str,Int",0%,0%,0%,0%,0%,0%,0%,0%,0%,0%,0%,0%,0%,0%,0%,0%,0%,0%,0%,0%,0%,33%,33%,0%,0%,0%,0%,0%,0%,0%,33%,0%,33%,0%,0%,0%,0%,0%,33%
221045,Rookery,2 of 3,Off Hand,Shield,"Str,Int",0%,0%,0%,0%,0%,0%,0%,0%,0%,0%,0%,0%,0%,0%,0%,0%,0%,0%,0%,0%,0%,33%,33%,0%,0%,0%,0%,0%,0%,0%,33%,0%,33%,0%,0%,0%,0%,0%,33%
219314,Ara-Kara,1 of 3,Trinket,,,50%,50%,50%,50%,50%,50%,50%,50%,50%,33%,33%,33%,50%,50%,50%,50%,50%,50%,50%,33%,50%,33%,50%,50%,100%,100%,100%,50%,50%,50%,50%,50%,50%,50%,50%,50%,50%,50%,50%
219316,Ara-Kara,2 of 3,Trinket,,"Agi,Str",33%,33%,33%,33%,33%,0%,33%,33%,0%,0%,0%,0%,33%,33%,33%,0%,0%,0%,33%,0%,33%,0%,33%,33%,0%,0%,0%,33%,33%,33%,0%,33%,0%,0%,0%,0%,33%,33%,33%
219317,Ara-Kara,3 of 3,Trinket,,"Agi,Int",0%,0%,0%,33%,33%,33%,33%,33%,33%,33%,33%,33%,50%,50%,33%,33%,33%,33%,33%,50%,33%,50%,0%,0%,33%,33%,33%,50%,50%,50%,33%,50%,33%,33%,33%,33%,0%,0%,0%
219297,Cinderbrew,1 of 4,Trinket,,,33%,33%,33%,33%,33%,33%,33%,33%,33%,50%,50%,50%,50%,50%,50%,50%,50%,50%,25%,33%,25%,33%,33%,33%,50%,50%,50%,33%,25%,33%,50%,33%,50%,50%,50%,50%,33%,33%,33%
219298,Cinderbrew,3 of 4,Trinket,,"Agi,Str",33%,33%,33%,50%,50%,0%,50%,50%,0%,0%,0%,0%,50%,50%,50%,0%,0%,0%,50%,0%,50%,0%,50%,33%,0%,0%,0%,50%,50%,50%,0%,50%,0%,0%,0%,0%,33%,33%,50%
219299,Cinderbrew,4 of 4,Trinket,,Int,0%,0%,0%,0%,0%,33%,0%,0%,33%,33%,33%,33%,0%,0%,0%,33%,33%,33%,0%,33%,0%,33%,0%,0%,33%,33%,33%,0%,0%,0%,33%,0%,33%,33%,33%,33%,0%,0%,0%
219318,City of Threads,1 of 4,Trinket,,,50%,50%,50%,50%,50%,33%,50%,50%,33%,33%,33%,33%,50%,50%,50%,33%,33%,33%,50%,33%,50%,50%,50%,50%,33%,33%,33%,50%,50%,50%,33%,50%,33%,33%,33%,33%,50%,50%,50%
219319,City of Threads,2 of 4,Trinket,,Agi,0%,0%,0%,50%,50%,0%,50%,50%,0%,0%,0%,0%,50%,50%,50%,0%,0%,0%,50%,0%,50%,0%,0%,0%,0%,0%,0%,50%,50%,50%,0%,50%,0%,0%,0%,0%,0%,0%,0%
219320,City of Threads,3 of 4,Trinket,,Int,0%,0%,0%,0%,0%,33%,0%,0%,33%,33%,33%,33%,0%,0%,0%,33%,33%,33%,0%,33%,0%,25%,0%,0%,33%,33%,33%,0%,0%,0%,25%,0%,25%,33%,33%,33%,0%,0%,0%
219321,City of Threads,4 of 4,Trinket,,Int,0%,0%,0%,0%,0%,33%,0%,0%,33%,33%,33%,33%,0%,0%,0%,33%,33%,33%,0%,33%,0%,33%,0%,0%,33%,33%,33%,0%,0%,0%,33%,0%,33%,33%,33%,33%,0%,0%,0%
219304,Darkflame Cleft,1 of 4,Trinket,,Agi,0%,0%,0%,50%,50%,0%,50%,50%,0%,0%,0%,0%,33%,33%,33%,0%,0%,0%,50%,0%,50%,0%,0%,0%,0%,0%,0%,50%,50%,50%,0%,33%,0%,0%,0%,0%,0%,0%,0%
219305,Darkflame Cleft,2 of 4,Trinket,,Int,0%,0%,0%,0%,0%,33%,0%,0%,33%,33%,33%,33%,0%,0%,0%,33%,33%,33%,0%,33%,0%,33%,0%,0%,33%,33%,33%,0%,0%,0%,33%,0%,33%,33%,33%,33%,0%,0%,0%
219306,Darkflame Cleft,3 of 4,Trinket,,Int,0%,0%,0%,0%,0%,33%,0%,0%,33%,25%,25%,25%,0%,0%,0%,33%,33%,33%,0%,25%,0%,33%,0%,0%,33%,33%,33%,0%,0%,0%,25%,0%,25%,33%,33%,33%,0%,0%,0%
219307,Darkflame Cleft,4 of 4,Trinket,,,33%,33%,33%,50%,50%,50%,50%,50%,50%,50%,50%,50%,50%,50%,50%,50%,50%,50%,50%,50%,50%,50%,50%,33%,50%,50%,50%,33%,50%,33%,50%,50%,50%,50%,50%,50%,33%,33%,50%
219308,Priory,1 of 3,Trinket,,All3,50%,50%,50%,50%,50%,50%,33%,33%,50%,50%,50%,50%,50%,50%,33%,50%,50%,50%,33%,50%,33%,33%,33%,50%,50%,50%,50%,50%,50%,50%,33%,50%,33%,50%,50%,50%,50%,50%,33%
219309,Priory,2 of 3,Trinket,,,50%,50%,50%,50%,50%,33%,50%,50%,33%,33%,33%,33%,50%,50%,50%,50%,50%,50%,50%,33%,50%,33%,50%,50%,33%,33%,33%,50%,50%,50%,33%,50%,33%,50%,50%,50%,50%,50%,50%
219310,Priory,3 of 3,Trinket,,Int,0%,0%,0%,0%,0%,33%,0%,0%,33%,33%,33%,33%,0%,0%,0%,33%,33%,33%,0%,33%,0%,33%,0%,0%,33%,33%,33%,0%,0%,0%,33%,0%,33%,33%,33%,33%,0%,0%,0%
219311,Dawnbreaker,1 of 3,Trinket,,Str,33%,33%,33%,0%,0%,0%,0%,0%,0%,0%,0%,0%,0%,0%,0%,0%,0%,0%,0%,0%,0%,0%,33%,33%,0%,0%,0%,0%,0%,0%,0%,0%,0%,0%,0%,0%,33%,33%,33%
219312,Dawnbreaker,2 of 3,Trinket,,"Agi,Int",0%,0%,0%,33%,33%,33%,25%,25%,33%,25%,25%,25%,25%,25%,20%,50%,50%,50%,25%,33%,25%,33%,0%,0%,50%,50%,50%,25%,33%,25%,25%,25%,25%,50%,50%,50%,0%,0%,0%
219294,Rookery,1 of 3,Trinket,,Agi,0%,0%,0%,33%,33%,0%,50%,50%,0%,0%,0%,0%,50%,50%,50%,0%,0%,0%,33%,0%,33%,0%,0%,0%,0%,0%,0%,50%,33%,50%,0%,33%,0%,0%,0%,0%,0%,0%,0%
219295,Rookery,2 of 3,Trinket,,All3,33%,33%,33%,50%,50%,50%,50%,50%,50%,50%,50%,50%,33%,33%,50%,50%,50%,50%,50%,50%,50%,33%,33%,33%,50%,50%,50%,50%,50%,50%,33%,50%,33%,50%,50%,50%,33%,33%,33%
219296,Rookery,3 of 3,Trinket,,,33%,25%,33%,33%,33%,33%,33%,33%,33%,33%,33%,33%,33%,33%,33%,33%,33%,33%,33%,33%,33%,33%,25%,33%,33%,33%,33%,25%,33%,25%,33%,33%,33%,33%,33%,33%,33%,25%,25%
219300,Stonevault,2 of 4,Trinket,,Str,50%,50%,50%,0%,0%,0%,0%,0%,0%,0%,0%,0%,0%,0%,0%,0%,0%,0%,0%,0%,0%,0%,50%,50%,0%,0%,0%,0%,0%,0%,0%,0%,0%,0%,0%,0%,50%,50%,50%
219301,Stonevault,3 of 4,Trinket,,,33%,33%,33%,50%,50%,25%,50%,50%,25%,25%,25%,25%,50%,50%,50%,20%,20%,20%,50%,25%,50%,25%,33%,33%,20%,20%,20%,50%,50%,50%,25%,50%,25%,20%,20%,20%,33%,33%,33%
219302,Stonevault,3 of 4,Trinket,,Int,0%,0%,0%,0%,0%,25%,0%,0%,25%,25%,25%,25%,0%,0%,0%,20%,20%,20%,0%,25%,0%,25%,0%,0%,20%,20%,20%,0%,0%,0%,25%,0%,25%,20%,20%,20%,0%,0%,0%
219303,Stonevault,4 of 4,Trinket,,,50%,33%,50%,33%,33%,50%,50%,50%,50%,100%,100%,100%,50%,50%,100%,50%,50%,50%,33%,50%,33%,50%,33%,50%,50%,50%,50%,50%,33%,50%,100%,50%,100%,50%,50%,50%,50%,33%,33%
