item_id,from,dropped_by,boss_position,gear_slot,gear_type,name,distribution,stats,mainstat,DeathKnightBlood,DeathKnightFrost,DeathKnightUH,DemonHunterHavoc,DemonHunterVeng,DruidBear,DruidCat,DruidOwl,DruidResto,EvokerAug,EvokerDev,EvokerPres,HunterBM,HunterMM,HunterSV,MageArc,MageFire,MageFrost,MonkBrew,MonkMW,MonkWW,PaladinHoly,PaladinProt,PaladinRet,PriestDisc,PriestHoly,PriestShad,RogueAss,RogueOut,RogueSub,ShamanEle,ShamanEnh,ShamanResto,WarlockAff,WarlockDemo,WarlockDest,WarriorArms,WarriorFury,WarriorProt,agility,bind,critical strike,dropped_in,haste,intellect,item_level,mastery,primary_stats,required_level,secondary_stats,sell_price,strength,unique,versatility,spec_ids,spec_names
221154,Ara-Kara,Anub'zekt,2 of 3,Back,,Swarmcaller's Shroud,62% Versatility + 37% Critical Strike,V>C,"Agility,Strength,Intellect",33%,33%,33%,33%,33%,33%,33%,50%,50%,50%,50%,50%,33%,33%,33%,50%,50%,50%,33%,50%,33%,50%,33%,33%,50%,50%,50%,33%,33%,33%,50%,33%,50%,50%,50%,50%,33%,33%,33%,100%,Soulbound,37%,"Ara-Kara, City of Echoes",0%,100%,437,0%,"{'Agility': 325, 'Strength': 325, 'Intellect': 325}",68,"{'Critical Strike': 177, 'Versatility': 299}","39 gold, 16 silver, 33 copper",100%,False,62%,"250, 251, 252, 577, 581, 102, 103, 104, 105, 1467, 1468, 1473, 253, 254, 255, 62, 63, 64, 268, 270, 269, 65, 66, 70, 256, 257, 258, 259, 260, 261, 262, 263, 264, 265, 266, 267, 71, 72, 73","Blood Death Knight, Frost Death Knight, Unholy Death Knight, Havoc Demon Hunter, Vengeance Demon Hunter, Balance Druid, Feral Druid, Guardian Druid, Restoration Druid, Devastation Evoker, Preservation Evoker, Augmentation Evoker, Beast Mastery Hunter, Marksmanship Hunter, Survival Hunter, Arcane Mage, Fire Mage, Frost Mage, Brewmaster Monk, Mistweaver Monk, Windwalker Monk, Holy Paladin, Protection Paladin, Retribution Paladin, Discipline Priest, Holy Priest, Shadow Priest, Assassination Rogue, Outlaw Rogue, Subtlety Rogue, Elemental Shaman, Enhancement Shaman, Restoration Shaman, Affliction Warlock, Demonology Warlock, Destruction Warlock, Arms Warrior, Fury Warrior, Protection Warrior"
221054,Cinderbrew,Brew Master Aldryr,1 of 4,Back,,Chef Chewie's Towel,64% Critical Strike + 35% Mastery,C>M,"Agility,Strength,Intellect",33%,33%,33%,33%,33%,33%,33%,33%,33%,50%,50%,50%,50%,50%,50%,50%,50%,50%,25%,33%,25%,33%,33%,33%,50%,50%,50%,33%,25%,33%,50%,33%,50%,50%,50%,50%,33%,33%,33%,100%,Soulbound,64%,Cinderbrew Meadery,0%,100%,437,35%,"{'Agility': 325, 'Strength': 325, 'Intellect': 325}",68,"{'Critical Strike': 309, 'Mastery': 167}","38 gold, 14 silver, 5 copper",100%,False,0%,"250, 251, 252, 577, 581, 102, 103, 104, 105, 1467, 1468, 1473, 253, 254, 255, 62, 63, 64, 268, 270, 269, 65, 66, 70, 256, 257, 258, 259, 260, 261, 262, 263, 264, 265, 266, 267, 71, 72, 73","Blood Death Knight, Frost Death Knight, Unholy Death Knight, Havoc Demon Hunter, Vengeance Demon Hunter, Balance Druid, Feral Druid, Guardian Druid, Restoration Druid, Devastation Evoker, Preservation Evoker, Augmentation Evoker, Beast Mastery Hunter, Marksmanship Hunter, Survival Hunter, Arcane Mage, Fire Mage, Frost Mage, Brewmaster Monk, Mistweaver Monk, Windwalker Monk, Holy Paladin, Protection Paladin, Retribution Paladin, Discipline Priest, Holy Priest, Shadow Priest, Assassination Rogue, Outlaw Rogue, Subtlety Rogue, Elemental Shaman, Enhancement Shaman, Restoration Shaman, Affliction Warlock, Demonology Warlock, Destruction Warlock, Arms Warrior, Fury Warrior, Protection Warrior"
221109,Darkflame Cleft,The Candle King,3 of 4,Back,,Candlebearer's Shroud,64% Versatility + 35% Critical Strike,V>C,"Agility,Strength,Intellect",100%,100%,100%,50%,50%,50%,50%,33%,33%,25%,25%,25%,50%,50%,50%,33%,33%,33%,50%,25%,50%,33%,100%,100%,33%,33%,33%,50%,50%,50%,25%,50%,25%,33%,33%,33%,100%,100%,100%,100%,Soulbound,35%,Darkflame Cleft,0%,100%,437,0%,"{'Agility': 325, 'Strength': 325, 'Intellect': 325}",68,"{'Critical Strike': 167, 'Versatility': 309}","41 gold, 36 silver, 35 copper",100%,False,64%,"250, 251, 252, 577, 581, 102, 103, 104, 105, 1467, 1468, 1473, 253, 254, 255, 62, 63, 64, 268, 270, 269, 65, 66, 70, 256, 257, 258, 259, 260, 261, 262, 263, 264, 265, 266, 267, 71, 72, 73","Blood Death Knight, Frost Death Knight, Unholy Death Knight, Havoc Demon Hunter, Vengeance Demon Hunter, Balance Druid, Feral Druid, Guardian Druid, Restoration Druid, Devastation Evoker, Preservation Evoker, Augmentation Evoker, Beast Mastery Hunter, Marksmanship Hunter, Survival Hunter, Arcane Mage, Fire Mage, Frost Mage, Brewmaster Monk, Mistweaver Monk, Windwalker Monk, Holy Paladin, Protection Paladin, Retribution Paladin, Discipline Priest, Holy Priest, Shadow Priest, Assassination Rogue, Outlaw Rogue, Subtlety Rogue, Elemental Shaman, Enhancement Shaman, Restoration Shaman, Affliction Warlock, Demonology Warlock, Destruction Warlock, Arms Warrior, Fury Warrior, Protection Warrior"
221088,Stonevault,Speaker Dorlita,3 of 4,Back,,Anvilhide Cape,62% Mastery + 37% Haste,M>H,"Agility,Strength,Intellect",33%,33%,33%,50%,50%,50%,50%,25%,25%,25%,25%,25%,50%,50%,50%,20%,20%,20%,50%,25%,50%,25%,33%,33%,20%,20%,20%,50%,50%,50%,25%,50%,25%,20%,20%,20%,33%,33%,33%,100%,Soulbound,0%,The Stonevault,37%,100%,437,62%,"{'Agility': 325, 'Strength': 325, 'Intellect': 325}",68,"{'Haste': 177, 'Mastery': 299}","41 gold, 22 silver, 47 copper",100%,False,0%,"250, 251, 252, 577, 581, 102, 103, 104, 105, 1467, 1468, 1473, 253, 254, 255, 62, 63, 64, 268, 270, 269, 65, 66, 70, 256, 257, 258, 259, 260, 261, 262, 263, 264, 265, 266, 267, 71, 72, 73","Blood Death Knight, Frost Death Knight, Unholy Death Knight, Havoc Demon Hunter, Vengeance Demon Hunter, Balance Druid, Feral Druid, Guardian Druid, Restoration Druid, Devastation Evoker, Preservation Evoker, Augmentation Evoker, Beast Mastery Hunter, Marksmanship Hunter, Survival Hunter, Arcane Mage, Fire Mage, Frost Mage, Brewmaster Monk, Mistweaver Monk, Windwalker Monk, Holy Paladin, Protection Paladin, Retribution Paladin, Discipline Priest, Holy Priest, Shadow Priest, Assassination Rogue, Outlaw Rogue, Subtlety Rogue, Elemental Shaman, Enhancement Shaman, Restoration Shaman, Affliction Warlock, Demonology Warlock, Destruction Warlock, Arms Warrior, Fury Warrior, Protection Warrior"
221176,City of Threads,Nx,2 of 4,Chest,Cloth,Arachnofrost Vest,58% Critical Strike + 41% Haste,C>H,Intellect,0%,0%,0%,0%,0%,0%,0%,0%,0%,0%,0%,0%,0%,0%,0%,33%,33%,33%,0%,0%,0%,0%,0%,0%,33%,33%,33%,0%,0%,0%,0%,0%,0%,33%,33%,33%,0%,0%,0%,0%,Soulbound,58%,City of Threads,41%,100%,437,0%,{'Intellect': 578},68,"{'Critical Strike': 496, 'Haste': 350}","52 gold, 69 silver, 87 copper",0%,False,0%,"62, 63, 64, 256, 257, 258, 265, 266, 267","Arcane Mage, Fire Mage, Frost Mage, Discipline Priest, Holy Priest, Shadow Priest, Affliction Warlock, Demonology Warlock, Destruction Warlock"
221126,Priory,Baron Braunpyke,2 of 3,Chest,Cloth,Zealous Warden's Raiment,60% Versatility + 39% Critical Strike,V>C,Intellect,0%,0%,0%,0%,0%,0%,0%,0%,0%,0%,0%,0%,0%,0%,0%,50%,50%,50%,0%,0%,0%,0%,0%,0%,33%,33%,33%,0%,0%,0%,0%,0%,0%,50%,50%,50%,0%,0%,0%,0%,Soulbound,39%,Priory of the Sacred Flame,0%,100%,437,0%,{'Intellect': 578},68,"{'Critical Strike': 332, 'Versatility': 514}","54 gold, 66 silver, 88 copper",0%,False,60%,"62, 63, 64, 256, 257, 258, 265, 266, 267","Arcane Mage, Fire Mage, Frost Mage, Discipline Priest, Holy Priest, Shadow Priest, Affliction Warlock, Demonology Warlock, Destruction Warlock"
221095,Stonevault,Void Speaker Eirich,4 of 4,Chest,Cloth,Shadowed Orator's Tunic,58% Versatility + 41% Haste,V>H,Intellect,0%,0%,0%,0%,0%,0%,0%,0%,0%,0%,0%,0%,0%,0%,0%,50%,50%,50%,0%,0%,0%,0%,0%,0%,50%,50%,50%,0%,0%,0%,0%,0%,0%,50%,50%,50%,0%,0%,0%,0%,Soulbound,0%,The Stonevault,41%,100%,437,0%,{'Intellect': 578},68,"{'Haste': 350, 'Versatility': 496}","51 gold, 13 silver, 11 copper",0%,False,58%,"62, 63, 64, 256, 257, 258, 265, 266, 267","Arcane Mage, Fire Mage, Frost Mage, Discipline Priest, Holy Priest, Shadow Priest, Affliction Warlock, Demonology Warlock, Destruction Warlock"
221043,Rookery,Stormguard Gorren,2 of 3,Feet,Cloth,Cloudstrider Soles,64% Critical Strike + 35% Haste,C>H,Intellect,0%,0%,0%,0%,0%,0%,0%,0%,0%,0%,0%,0%,0%,0%,0%,50%,50%,50%,0%,0%,0%,0%,0%,0%,50%,50%,50%,0%,0%,0%,0%,0%,0%,50%,50%,50%,0%,0%,0%,0%,Soulbound,64%,The Rookery,35%,100%,437,0%,{'Intellect': 433},68,"{'Critical Strike': 412, 'Haste': 222}","39 gold, 45 silver, 67 copper",0%,False,0%,"62, 63, 64, 256, 257, 258, 265, 266, 267","Arcane Mage, Fire Mage, Frost Mage, Discipline Priest, Holy Priest, Shadow Priest, Affliction Warlock, Demonology Warlock, Destruction Warlock"
221082,Stonevault,Skarmorak,2 of 4,Feet,Cloth,Tainted Earthshard Walkers,62% Haste + 37% Versatility,H>V,Intellect,0%,0%,0%,0%,0%,0%,0%,0%,0%,0%,0%,0%,0%,0%,0%,100%,100%,100%,0%,0%,0%,0%,0%,0%,100%,100%,100%,0%,0%,0%,0%,0%,0%,100%,100%,100%,0%,0%,0%,0%,Soulbound,0%,The Stonevault,62%,100%,437,0%,{'Intellect': 433},68,"{'Haste': 399, 'Versatility': 236}","40 gold, 34 silver, 86 copper",0%,False,37%,"62, 63, 64, 256, 257, 258, 265, 266, 267","Arcane Mage, Fire Mage, Frost Mage, Discipline Priest, Holy Priest, Shadow Priest, Affliction Warlock, Demonology Warlock, Destruction Warlock"
221198,Cinderbrew,Goldie Baronbottom,4 of 4,Finger,,85-Year Tenure Ring,65% Mastery + 34% Critical Strike,M>C,,50%,33%,50%,50%,50%,50%,50%,33%,33%,33%,33%,33%,50%,50%,50%,33%,33%,33%,50%,33%,50%,33%,33%,50%,33%,33%,33%,50%,50%,50%,33%,50%,33%,33%,33%,33%,50%,33%,33%,0%,Soulbound,34%,Cinderbrew Meadery,0%,0%,437,65%,{},68,"{'Critical Strike': 602, 'Mastery': 1153}","34 gold, 25 silver, 0 copper",0%,True,0%,"250, 251, 252, 577, 581, 102, 103, 104, 105, 1467, 1468, 1473, 253, 254, 255, 62, 63, 64, 268, 270, 269, 65, 66, 70, 256, 257, 258, 259, 260, 261, 262, 263, 264, 265, 266, 267, 71, 72, 73","Blood Death Knight, Frost Death Knight, Unholy Death Knight, Havoc Demon Hunter, Vengeance Demon Hunter, Balance Druid, Feral Druid, Guardian Druid, Restoration Druid, Devastation Evoker, Preservation Evoker, Augmentation Evoker, Beast Mastery Hunter, Marksmanship Hunter, Survival Hunter, Arcane Mage, Fire Mage, Frost Mage, Brewmaster Monk, Mistweaver Monk, Windwalker Monk, Holy Paladin, Protection Paladin, Retribution Paladin, Discipline Priest, Holy Priest, Shadow Priest, Assassination Rogue, Outlaw Rogue, Subtlety Rogue, Elemental Shaman, Enhancement Shaman, Restoration Shaman, Affliction Warlock, Demonology Warlock, Destruction Warlock, Arms Warrior, Fury Warrior, Protection Warrior"
221189,City of Threads,"Izo, the Grand Splicer",4 of 4,Finger,,Experiment 08752's Band,58% Versatility + 41% Haste,V>H,,33%,33%,33%,50%,50%,50%,50%,33%,33%,33%,33%,33%,50%,50%,50%,33%,33%,33%,50%,33%,50%,33%,50%,33%,33%,33%,33%,33%,50%,33%,33%,50%,33%,33%,33%,33%,33%,33%,50%,0%,Soulbound,0%,City of Threads,41%,0%,437,0%,{},68,"{'Haste': 727, 'Versatility': 1028}","32 gold, 26 silver, 61 copper",0%,True,58%,"250, 251, 252, 577, 581, 102, 103, 104, 105, 1467, 1468, 1473, 253, 254, 255, 62, 63, 64, 268, 270, 269, 65, 66, 70, 256, 257, 258, 259, 260, 261, 262, 263, 264, 265, 266, 267, 71, 72, 73","Blood Death Knight, Frost Death Knight, Unholy Death Knight, Havoc Demon Hunter, Vengeance Demon Hunter, Balance Druid, Feral Druid, Guardian Druid, Restoration Druid, Devastation Evoker, Preservation Evoker, Augmentation Evoker, Beast Mastery Hunter, Marksmanship Hunter, Survival Hunter, Arcane Mage, Fire Mage, Frost Mage, Brewmaster Monk, Mistweaver Monk, Windwalker Monk, Holy Paladin, Protection Paladin, Retribution Paladin, Discipline Priest, Holy Priest, Shadow Priest, Assassination Rogue, Outlaw Rogue, Subtlety Rogue, Elemental Shaman, Enhancement Shaman, Restoration Shaman, Affliction Warlock, Demonology Warlock, Destruction Warlock, Arms Warrior, Fury Warrior, Protection Warrior"
221099,Darkflame Cleft,Ol' Waxbeard,1 of 4,Finger,,Wick's Golden Loop,64% Haste + 35% Versatility,H>V,,100%,50%,100%,50%,50%,50%,50%,50%,50%,33%,33%,33%,33%,33%,33%,50%,50%,50%,50%,50%,50%,50%,50%,100%,50%,50%,50%,50%,50%,50%,33%,33%,33%,50%,50%,50%,100%,50%,50%,0%,Soulbound,0%,Darkflame Cleft,64%,0%,437,0%,{},68,"{'Haste': 1128, 'Versatility': 627}","33 gold, 51 silver, 10 copper",0%,True,35%,"250, 251, 252, 577, 581, 102, 103, 104, 105, 1467, 1468, 1473, 253, 254, 255, 62, 63, 64, 268, 270, 269, 65, 66, 70, 256, 257, 258, 259, 260, 261, 262, 263, 264, 265, 266, 267, 71, 72, 73","Blood Death Knight, Frost Death Knight, Unholy Death Knight, Havoc Demon Hunter, Vengeance Demon Hunter, Balance Druid, Feral Druid, Guardian Druid, Restoration Druid, Devastation Evoker, Preservation Evoker, Augmentation Evoker, Beast Mastery Hunter, Marksmanship Hunter, Survival Hunter, Arcane Mage, Fire Mage, Frost Mage, Brewmaster Monk, Mistweaver Monk, Windwalker Monk, Holy Paladin, Protection Paladin, Retribution Paladin, Discipline Priest, Holy Priest, Shadow Priest, Assassination Rogue, Outlaw Rogue, Subtlety Rogue, Elemental Shaman, Enhancement Shaman, Restoration Shaman, Affliction Warlock, Demonology Warlock, Destruction Warlock, Arms Warrior, Fury Warrior, Protection Warrior"
221200,Priory,Prioress Murrpray,3 of 3,Finger,,Radiant Necromancer's Band,61% Mastery + 38% Versatility,M>V,,33%,33%,33%,50%,50%,50%,50%,33%,33%,33%,33%,33%,50%,50%,50%,33%,33%,33%,33%,33%,33%,33%,50%,33%,33%,33%,33%,50%,33%,50%,33%,33%,33%,33%,33%,33%,33%,33%,50%,0%,Soulbound,0%,Priory of the Sacred Flame,0%,0%,437,61%,{},68,"{'Versatility': 677, 'Mastery': 1078}","34 gold, 49 silver, 30 copper",0%,True,38%,"250, 251, 252, 577, 581, 102, 103, 104, 105, 1467, 1468, 1473, 253, 254, 255, 62, 63, 64, 268, 270, 269, 65, 66, 70, 256, 257, 258, 259, 260, 261, 262, 263, 264, 265, 266, 267, 71, 72, 73","Blood Death Knight, Frost Death Knight, Unholy Death Knight, Havoc Demon Hunter, Vengeance Demon Hunter, Balance Druid, Feral Druid, Guardian Druid, Restoration Druid, Devastation Evoker, Preservation Evoker, Augmentation Evoker, Beast Mastery Hunter, Marksmanship Hunter, Survival Hunter, Arcane Mage, Fire Mage, Frost Mage, Brewmaster Monk, Mistweaver Monk, Windwalker Monk, Holy Paladin, Protection Paladin, Retribution Paladin, Discipline Priest, Holy Priest, Shadow Priest, Assassination Rogue, Outlaw Rogue, Subtlety Rogue, Elemental Shaman, Enhancement Shaman, Restoration Shaman, Affliction Warlock, Demonology Warlock, Destruction Warlock, Arms Warrior, Fury Warrior, Protection Warrior"
221136,Dawnbreaker,Speaker Shadowcrown,1 of 3,Finger,,Devout Zealot's Ring,68% Critical Strike + 31% Haste,C>H,,33%,33%,33%,50%,50%,50%,50%,33%,33%,50%,50%,50%,100%,100%,100%,33%,33%,33%,50%,33%,50%,33%,33%,33%,33%,33%,33%,50%,50%,50%,50%,100%,50%,33%,33%,33%,33%,33%,33%,0%,Soulbound,68%,The Dawnbreaker,31%,0%,437,0%,{},68,"{'Critical Strike': 1203, 'Haste': 551}","33 gold, 13 silver, 49 copper",0%,True,0%,"250, 251, 252, 577, 581, 102, 103, 104, 105, 1467, 1468, 1473, 253, 254, 255, 62, 63, 64, 268, 270, 269, 65, 66, 70, 256, 257, 258, 259, 260, 261, 262, 263, 264, 265, 266, 267, 71, 72, 73","Blood Death Knight, Frost Death Knight, Unholy Death Knight, Havoc Demon Hunter, Vengeance Demon Hunter, Balance Druid, Feral Druid, Guardian Druid, Restoration Druid, Devastation Evoker, Preservation Evoker, Augmentation Evoker, Beast Mastery Hunter, Marksmanship Hunter, Survival Hunter, Arcane Mage, Fire Mage, Frost Mage, Brewmaster Monk, Mistweaver Monk, Windwalker Monk, Holy Paladin, Protection Paladin, Retribution Paladin, Discipline Priest, Holy Priest, Shadow Priest, Assassination Rogue, Outlaw Rogue, Subtlety Rogue, Elemental Shaman, Enhancement Shaman, Restoration Shaman, Affliction Warlock, Demonology Warlock, Destruction Warlock, Arms Warrior, Fury Warrior, Protection Warrior"
221141,Dawnbreaker,Anub'ikkaj,2 of 3,Finger,,High Nerubian Signet,67% Versatility + 32% Mastery,V>M,,50%,50%,50%,33%,33%,25%,25%,33%,33%,25%,25%,25%,25%,25%,20%,50%,50%,50%,25%,33%,25%,33%,50%,50%,50%,50%,50%,25%,33%,25%,25%,25%,25%,50%,50%,50%,50%,50%,50%,0%,Soulbound,0%,The Dawnbreaker,0%,0%,437,32%,{},68,"{'Versatility': 1178, 'Mastery': 576}","33 gold, 74 silver, 74 copper",0%,True,67%,"250, 251, 252, 577, 581, 102, 103, 104, 105, 1467, 1468, 1473, 253, 254, 255, 62, 63, 64, 268, 270, 269, 65, 66, 70, 256, 257, 258, 259, 260, 261, 262, 263, 264, 265, 266, 267, 71, 72, 73","Blood Death Knight, Frost Death Knight, Unholy Death Knight, Havoc Demon Hunter, Vengeance Demon Hunter, Balance Druid, Feral Druid, Guardian Druid, Restoration Druid, Devastation Evoker, Preservation Evoker, Augmentation Evoker, Beast Mastery Hunter, Marksmanship Hunter, Survival Hunter, Arcane Mage, Fire Mage, Frost Mage, Brewmaster Monk, Mistweaver Monk, Windwalker Monk, Holy Paladin, Protection Paladin, Retribution Paladin, Discipline Priest, Holy Priest, Shadow Priest, Assassination Rogue, Outlaw Rogue, Subtlety Rogue, Elemental Shaman, Enhancement Shaman, Restoration Shaman, Affliction Warlock, Demonology Warlock, Destruction Warlock, Arms Warrior, Fury Warrior, Protection Warrior"
221197,Rookery,Voidstone Monstrosity,3 of 3,Finger,,Hoop of the Blighted,60% Critical Strike + 40% Mastery,C>M,,33%,25%,33%,33%,33%,33%,33%,33%,33%,33%,33%,33%,33%,33%,33%,33%,33%,33%,33%,33%,33%,33%,25%,33%,33%,33%,33%,25%,33%,25%,33%,33%,33%,33%,33%,33%,33%,25%,25%,0%,Soulbound,60%,The Rookery,0%,0%,437,40%,{},68,"{'Critical Strike': 1053, 'Mastery': 702}","34 gold, 12 silver, 69 copper",0%,True,0%,"250, 251, 252, 577, 581, 102, 103, 104, 105, 1467, 1468, 1473, 253, 254, 255, 62, 63, 64, 268, 270, 269, 65, 66, 70, 256, 257, 258, 259, 260, 261, 262, 263, 264, 265, 266, 267, 71, 72, 73","Blood Death Knight, Frost Death Knight, Unholy Death Knight, Havoc Demon Hunter, Vengeance Demon Hunter, Balance Druid, Feral Druid, Guardian Druid, Restoration Druid, Devastation Evoker, Preservation Evoker, Augmentation Evoker, Beast Mastery Hunter, Marksmanship Hunter, Survival Hunter, Arcane Mage, Fire Mage, Frost Mage, Brewmaster Monk, Mistweaver Monk, Windwalker Monk, Holy Paladin, Protection Paladin, Retribution Paladin, Discipline Priest, Holy Priest, Shadow Priest, Assassination Rogue, Outlaw Rogue, Subtlety Rogue, Elemental Shaman, Enhancement Shaman, Restoration Shaman, Affliction Warlock, Demonology Warlock, Destruction Warlock, Arms Warrior, Fury Warrior, Protection Warrior"
221067,Cinderbrew,Benk Buzzbee,3 of 4,Hands,Cloth,Punctured Apiary Gloves,58% Haste + 41% Mastery,H>M,Intellect,0%,0%,0%,0%,0%,0%,0%,0%,0%,0%,0%,0%,0%,0%,0%,50%,50%,50%,0%,0%,0%,0%,0%,0%,50%,50%,50%,0%,0%,0%,0%,0%,0%,50%,50%,50%,0%,0%,0%,0%,Soulbound,0%,Cinderbrew Meadery,58%,100%,437,41%,{'Intellect': 433},68,"{'Haste': 372, 'Mastery': 263}","27 gold, 59 silver, 71 copper",0%,False,0%,"62, 63, 64, 256, 257, 258, 265, 266, 267","Arcane Mage, Fire Mage, Frost Mage, Discipline Priest, Holy Priest, Shadow Priest, Affliction Warlock, Demonology Warlock, Destruction Warlock"
221170,City of Threads,Orator Krix'vizk,1 of 4,Hands,Cloth,Subduer's Terrorgrips,64% Critical Strike + 35% Versatility,C>V,Intellect,0%,0%,0%,0%,0%,0%,0%,0%,0%,0%,0%,0%,0%,0%,0%,33%,33%,33%,0%,0%,0%,0%,0%,0%,33%,33%,33%,0%,0%,0%,0%,0%,0%,33%,33%,33%,0%,0%,0%,0%,Soulbound,64%,City of Threads,0%,100%,437,0%,{'Intellect': 433},68,"{'Critical Strike': 412, 'Versatility': 222}","25 gold, 91 silver, 40 copper",0%,False,35%,"62, 63, 64, 256, 257, 258, 265, 266, 267","Arcane Mage, Fire Mage, Frost Mage, Discipline Priest, Holy Priest, Shadow Priest, Affliction Warlock, Demonology Warlock, Destruction Warlock"
221108,Darkflame Cleft,The Candle King,3 of 4,Hands,Cloth,King's Malicious Clutches,58% Critical Strike + 41% Haste,C>H,Intellect,0%,0%,0%,0%,0%,0%,0%,0%,0%,0%,0%,0%,0%,0%,0%,33%,33%,33%,0%,0%,0%,0%,0%,0%,33%,33%,33%,0%,0%,0%,0%,0%,0%,33%,33%,33%,0%,0%,0%,0%,Soulbound,58%,Darkflame Cleft,41%,100%,437,0%,{'Intellect': 433},68,"{'Critical Strike': 372, 'Haste': 263}","27 gold, 68 silver, 76 copper",0%,False,0%,"62, 63, 64, 256, 257, 258, 265, 266, 267","Arcane Mage, Fire Mage, Frost Mage, Discipline Priest, Holy Priest, Shadow Priest, Affliction Warlock, Demonology Warlock, Destruction Warlock"
221055,Cinderbrew,I'pa,2 of 4,Head,Cloth,Cinderbrew-Soaked Cowl,58% Mastery + 41% Versatility,M>V,Intellect,0%,0%,0%,0%,0%,0%,0%,0%,0%,0%,0%,0%,0%,0%,0%,33%,33%,33%,0%,0%,0%,0%,0%,0%,33%,33%,33%,0%,0%,0%,0%,0%,0%,33%,33%,33%,0%,0%,0%,0%,Soulbound,0%,Cinderbrew Meadery,0%,100%,437,58%,{'Intellect': 578},68,"{'Versatility': 350, 'Mastery': 496}","38 gold, 28 silver, 72 copper",0%,False,41%,"62, 63, 64, 256, 257, 258, 265, 266, 267","Arcane Mage, Fire Mage, Frost Mage, Discipline Priest, Holy Priest, Shadow Priest, Affliction Warlock, Demonology Warlock, Destruction Warlock"
221187,City of Threads,"Izo, the Grand Splicer",4 of 4,Head,Cloth,Intertwiner's Shadowcowl,62% Mastery + 37% Critical Strike,M>C,Intellect,0%,0%,0%,0%,0%,0%,0%,0%,0%,0%,0%,0%,0%,0%,0%,33%,33%,33%,0%,0%,0%,0%,0%,0%,33%,33%,33%,0%,0%,0%,0%,0%,0%,33%,33%,33%,0%,0%,0%,0%,Soulbound,37%,City of Threads,0%,100%,437,62%,{'Intellect': 578},68,"{'Critical Strike': 314, 'Mastery': 532}","38 gold, 13 silver, 26 copper",0%,False,0%,"62, 63, 64, 256, 257, 258, 265, 266, 267","Arcane Mage, Fire Mage, Frost Mage, Discipline Priest, Holy Priest, Shadow Priest, Affliction Warlock, Demonology Warlock, Destruction Warlock"
221131,Priory,Prioress Murrpray,3 of 3,Head,Cloth,Elysian Flame Crown,62% Mastery + 37% Versatility,M>V,Intellect,0%,0%,0%,0%,0%,0%,0%,0%,0%,0%,0%,0%,0%,0%,0%,33%,33%,33%,0%,0%,0%,0%,0%,0%,33%,33%,33%,0%,0%,0%,0%,0%,0%,33%,33%,33%,0%,0%,0%,0%,Soulbound,0%,Priory of the Sacred Flame,0%,100%,437,62%,{'Intellect': 578},68,"{'Versatility': 314, 'Mastery': 532}","38 gold, 73 silver, 12 copper",0%,False,37%,"62, 63, 64, 256, 257, 258, 265, 266, 267","Arcane Mage, Fire Mage, Frost Mage, Discipline Priest, Holy Priest, Shadow Priest, Affliction Warlock, Demonology Warlock, Destruction Warlock"
221056,Cinderbrew,I'pa,2 of 4,Held In Off-hand,,Vessel of the Beverage,62% Versatility + 37% Critical Strike,Intellect,Intellect,0%,0%,0%,0%,0%,0%,0%,33%,33%,33%,33%,33%,0%,0%,0%,33%,33%,33%,0%,33%,0%,33%,0%,0%,33%,33%,33%,0%,0%,0%,33%,0%,33%,33%,33%,33%,0%,0%,0%,0%,Soulbound,37%,Cinderbrew Meadery,0%,100%,437,0%,{'Intellect': 886},68,"{'Critical Strike': 157, 'Versatility': 266}","44 gold, 0 silver, 37 copper",0%,False,62%,"62, 63, 64, 65, 102, 105, 256, 257, 258, 262, 264, 265, 266, 267, 270, 1467, 1468, 1473","Arcane Mage, Fire Mage, Frost Mage, Holy Paladin, Balance Druid, Restoration Druid, Discipline Priest, Holy Priest, Shadow Priest, Elemental Shaman, Restoration Shaman, Affliction Warlock, Demonology Warlock, Destruction Warlock, Mistweaver Monk, Devastation Evoker, Preservation Evoker, Augmentation Evoker"
221172,City of Threads,Nx,2 of 4,Held In Off-hand,,Pail of Preserved Obscurity,60% Mastery + 39% Haste,Intellect,Intellect,0%,0%,0%,0%,0%,0%,0%,33%,33%,33%,33%,33%,0%,0%,0%,33%,33%,33%,0%,50%,0%,50%,0%,0%,33%,33%,33%,0%,0%,0%,33%,0%,33%,33%,33%,33%,0%,0%,0%,0%,Soulbound,0%,City of Threads,39%,100%,437,60%,{'Intellect': 886},68,"{'Haste': 166, 'Mastery': 257}","44 gold, 50 silver, 30 copper",0%,False,0%,"62, 63, 64, 65, 102, 105, 256, 257, 258, 262, 264, 265, 266, 267, 270, 1467, 1468, 1473","Arcane Mage, Fire Mage, Frost Mage, Holy Paladin, Balance Druid, Restoration Druid, Discipline Priest, Holy Priest, Shadow Priest, Elemental Shaman, Restoration Shaman, Affliction Warlock, Demonology Warlock, Destruction Warlock, Mistweaver Monk, Devastation Evoker, Preservation Evoker, Augmentation Evoker"
221097,Darkflame Cleft,Ol' Waxbeard,1 of 4,Held In Off-hand,,Arcane Scuttle,58% Versatility + 41% Critical Strike,Intellect,Intellect,0%,0%,0%,0%,0%,0%,0%,50%,50%,33%,33%,33%,0%,0%,0%,50%,50%,50%,0%,50%,0%,50%,0%,0%,50%,50%,50%,0%,0%,0%,33%,0%,33%,50%,50%,50%,0%,0%,0%,0%,Soulbound,41%,Darkflame Cleft,0%,100%,437,0%,{'Intellect': 886},68,"{'Critical Strike': 175, 'Versatility': 248}","45 gold, 36 silver, 10 copper",0%,False,58%,"62, 63, 64, 65, 102, 105, 256, 257, 258, 262, 264, 265, 266, 267, 270, 1467, 1468, 1473","Arcane Mage, Fire Mage, Frost Mage, Holy Paladin, Balance Druid, Restoration Druid, Discipline Priest, Holy Priest, Shadow Priest, Elemental Shaman, Restoration Shaman, Affliction Warlock, Demonology Warlock, Destruction Warlock, Mistweaver Monk, Devastation Evoker, Preservation Evoker, Augmentation Evoker"
221132,Dawnbreaker,Speaker Shadowcrown,1 of 3,Held In Off-hand,,Overflowing Umbral Pail,65% Versatility + 34% Critical Strike,Intellect,Intellect,0%,0%,0%,0%,0%,0%,0%,33%,33%,50%,50%,50%,0%,0%,0%,33%,33%,33%,0%,33%,0%,33%,0%,0%,33%,33%,33%,0%,0%,0%,50%,0%,50%,33%,33%,33%,0%,0%,0%,0%,Soulbound,34%,The Dawnbreaker,0%,100%,437,0%,{'Intellect': 886},68,"{'Critical Strike': 148, 'Versatility': 275}","44 gold, 51 silver, 67 copper",0%,False,65%,"62, 63, 64, 65, 102, 105, 256, 257, 258, 262, 264, 265, 266, 267, 270, 1467, 1468, 1473","Arcane Mage, Fire Mage, Frost Mage, Holy Paladin, Balance Druid, Restoration Druid, Discipline Priest, Holy Priest, Shadow Priest, Elemental Shaman, Restoration Shaman, Affliction Warlock, Demonology Warlock, Destruction Warlock, Mistweaver Monk, Devastation Evoker, Preservation Evoker, Augmentation Evoker"
221164,Ara-Kara,Ki'katal the Harvester,3 of 3,Legs,Cloth,Archaic Venomancer's Footwraps,65% Haste + 34% Critical Strike,H>C,Intellect,0%,0%,0%,0%,0%,0%,0%,0%,0%,0%,0%,0%,0%,0%,0%,33%,33%,33%,0%,0%,0%,0%,0%,0%,33%,33%,33%,0%,0%,0%,0%,0%,0%,33%,33%,33%,0%,0%,0%,0%,Soulbound,34%,"Ara-Kara, City of Echoes",65%,100%,437,0%,{'Intellect': 578},68,"{'Critical Strike': 296, 'Haste': 550}","50 gold, 36 silver, 85 copper",0%,False,0%,"62, 63, 64, 256, 257, 258, 265, 266, 267","Arcane Mage, Fire Mage, Frost Mage, Discipline Priest, Holy Priest, Shadow Priest, Affliction Warlock, Demonology Warlock, Destruction Warlock"
221050,Rookery,Voidstone Monstrosity,3 of 3,Legs,Cloth,Ancient Hardened Legwraps,65% Haste + 34% Critical Strike,H>C,Intellect,0%,0%,0%,0%,0%,0%,0%,0%,0%,0%,0%,0%,0%,0%,0%,33%,33%,33%,0%,0%,0%,0%,0%,0%,33%,33%,33%,0%,0%,0%,0%,0%,0%,33%,33%,33%,0%,0%,0%,0%,Soulbound,34%,The Rookery,65%,100%,437,0%,{'Intellect': 578},68,"{'Critical Strike': 296, 'Haste': 550}","55 gold, 47 silver, 37 copper",0%,False,0%,"62, 63, 64, 256, 257, 258, 265, 266, 267","Arcane Mage, Fire Mage, Frost Mage, Discipline Priest, Holy Priest, Shadow Priest, Affliction Warlock, Demonology Warlock, Destruction Warlock"
221060,Cinderbrew,I'pa,2 of 4,Neck,,Strapped Rescue-Keg,70% Haste + 29% Mastery,H>M,,50%,50%,50%,50%,50%,33%,33%,33%,33%,33%,33%,33%,50%,50%,33%,33%,33%,33%,33%,33%,33%,33%,50%,50%,33%,33%,33%,50%,50%,50%,33%,50%,33%,33%,33%,33%,50%,50%,50%,0%,Soulbound,0%,Cinderbrew Meadery,70%,0%,437,29%,{},68,"{'Haste': 1228, 'Mastery': 526}","22 gold, 33 silver, 55 copper",0%,False,0%,"250, 251, 252, 577, 581, 102, 103, 104, 105, 1467, 1468, 1473, 253, 254, 255, 62, 63, 64, 268, 270, 269, 65, 66, 70, 256, 257, 258, 259, 260, 261, 262, 263, 264, 265, 266, 267, 71, 72, 73","Blood Death Knight, Frost Death Knight, Unholy Death Knight, Havoc Demon Hunter, Vengeance Demon Hunter, Balance Druid, Feral Druid, Guardian Druid, Restoration Druid, Devastation Evoker, Preservation Evoker, Augmentation Evoker, Beast Mastery Hunter, Marksmanship Hunter, Survival Hunter, Arcane Mage, Fire Mage, Frost Mage, Brewmaster Monk, Mistweaver Monk, Windwalker Monk, Holy Paladin, Protection Paladin, Retribution Paladin, Discipline Priest, Holy Priest, Shadow Priest, Assassination Rogue, Outlaw Rogue, Subtlety Rogue, Elemental Shaman, Enhancement Shaman, Restoration Shaman, Affliction Warlock, Demonology Warlock, Destruction Warlock, Arms Warrior, Fury Warrior, Protection Warrior"
221181,City of Threads,The Coaglamation,3 of 4,Neck,,Elder's Hemolymphal Periapt,61% Versatility + 38% Critical Strike,V>C,,50%,50%,50%,50%,50%,50%,50%,33%,33%,33%,33%,33%,50%,50%,50%,33%,33%,33%,50%,33%,50%,25%,33%,50%,33%,33%,33%,50%,50%,50%,25%,50%,25%,33%,33%,33%,50%,50%,33%,0%,Soulbound,38%,City of Threads,0%,0%,437,0%,{},68,"{'Critical Strike': 677, 'Versatility': 1078}","23 gold, 60 silver, 42 copper",0%,False,61%,"250, 251, 252, 577, 581, 102, 103, 104, 105, 1467, 1468, 1473, 253, 254, 255, 62, 63, 64, 268, 270, 269, 65, 66, 70, 256, 257, 258, 259, 260, 261, 262, 263, 264, 265, 266, 267, 71, 72, 73","Blood Death Knight, Frost Death Knight, Unholy Death Knight, Havoc Demon Hunter, Vengeance Demon Hunter, Balance Druid, Feral Druid, Guardian Druid, Restoration Druid, Devastation Evoker, Preservation Evoker, Augmentation Evoker, Beast Mastery Hunter, Marksmanship Hunter, Survival Hunter, Arcane Mage, Fire Mage, Frost Mage, Brewmaster Monk, Mistweaver Monk, Windwalker Monk, Holy Paladin, Protection Paladin, Retribution Paladin, Discipline Priest, Holy Priest, Shadow Priest, Assassination Rogue, Outlaw Rogue, Subtlety Rogue, Elemental Shaman, Enhancement Shaman, Restoration Shaman, Affliction Warlock, Demonology Warlock, Destruction Warlock, Arms Warrior, Fury Warrior, Protection Warrior"
221103,Darkflame Cleft,Blazikon,2 of 4,Neck,,Flickering Glowtorc,67% Critical Strike + 32% Versatility,C>V,,50%,50%,50%,50%,50%,50%,50%,33%,33%,33%,33%,33%,50%,50%,50%,33%,33%,33%,50%,33%,50%,33%,50%,50%,33%,33%,33%,50%,50%,50%,33%,50%,33%,33%,33%,33%,50%,50%,50%,0%,Soulbound,67%,Darkflame Cleft,0%,0%,437,0%,{},68,"{'Critical Strike': 1178, 'Versatility': 576}","23 gold, 18 silver, 20 copper",0%,False,32%,"250, 251, 252, 577, 581, 102, 103, 104, 105, 1467, 1468, 1473, 253, 254, 255, 62, 63, 64, 268, 270, 269, 65, 66, 70, 256, 257, 258, 259, 260, 261, 262, 263, 264, 265, 266, 267, 71, 72, 73","Blood Death Knight, Frost Death Knight, Unholy Death Knight, Havoc Demon Hunter, Vengeance Demon Hunter, Balance Druid, Feral Druid, Guardian Druid, Restoration Druid, Devastation Evoker, Preservation Evoker, Augmentation Evoker, Beast Mastery Hunter, Marksmanship Hunter, Survival Hunter, Arcane Mage, Fire Mage, Frost Mage, Brewmaster Monk, Mistweaver Monk, Windwalker Monk, Holy Paladin, Protection Paladin, Retribution Paladin, Discipline Priest, Holy Priest, Shadow Priest, Assassination Rogue, Outlaw Rogue, Subtlety Rogue, Elemental Shaman, Enhancement Shaman, Restoration Shaman, Affliction Warlock, Demonology Warlock, Destruction Warlock, Arms Warrior, Fury Warrior, Protection Warrior"
221165,Ara-Kara,Ki'katal the Harvester,3 of 3,One-Hand,Dagger,Unceremonious Bloodletter,62% Haste + 37% Critical Strike,Intellect,Intellect,0%,0%,0%,0%,0%,0%,0%,33%,33%,33%,33%,33%,0%,0%,0%,33%,33%,33%,0%,0%,0%,0%,0%,0%,33%,33%,33%,0%,0%,0%,33%,0%,33%,33%,33%,33%,0%,0%,0%,0%,Soulbound,37%,"Ara-Kara, City of Echoes",62%,100%,437,0%,{'Intellect': 1682},68,"{'Critical Strike': 157, 'Haste': 266}","72 gold, 22 silver, 79 copper",0%,False,0%,"62, 63, 64, 102, 105, 256, 257, 258, 262, 264, 265, 266, 267, 1467, 1468, 1473","Arcane Mage, Fire Mage, Frost Mage, Balance Druid, Restoration Druid, Discipline Priest, Holy Priest, Shadow Priest, Elemental Shaman, Restoration Shaman, Affliction Warlock, Demonology Warlock, Destruction Warlock, Devastation Evoker, Preservation Evoker, Augmentation Evoker"
221062,Cinderbrew,Benk Buzzbee,3 of 4,One-Hand,Dagger,Scalding Queenmaker's Shiv,60% Critical Strike + 39% Mastery,Intellect,Intellect,0%,0%,0%,0%,0%,0%,0%,50%,50%,50%,50%,50%,0%,0%,0%,50%,50%,50%,0%,0%,0%,0%,0%,0%,50%,50%,50%,0%,0%,0%,50%,0%,50%,50%,50%,50%,0%,0%,0%,0%,Soulbound,60%,Cinderbrew Meadery,0%,100%,437,39%,{'Intellect': 1682},68,"{'Critical Strike': 257, 'Mastery': 166}","75 gold, 1 silver, 20 copper",0%,False,0%,"62, 63, 64, 102, 105, 256, 257, 258, 262, 264, 265, 266, 267, 1467, 1468, 1473","Arcane Mage, Fire Mage, Frost Mage, Balance Druid, Restoration Druid, Discipline Priest, Holy Priest, Shadow Priest, Elemental Shaman, Restoration Shaman, Affliction Warlock, Demonology Warlock, Destruction Warlock, Devastation Evoker, Preservation Evoker, Augmentation Evoker"
221171,City of Threads,Nx,2 of 4,One-Hand,Dagger,Kingslayer's Frostfang,58% Mastery + 41% Versatility,Intellect,Intellect,0%,0%,0%,0%,0%,0%,0%,33%,33%,33%,33%,33%,0%,0%,0%,33%,33%,33%,0%,0%,0%,0%,0%,0%,33%,33%,33%,0%,0%,0%,33%,0%,33%,33%,33%,33%,0%,0%,0%,0%,Soulbound,0%,City of Threads,0%,100%,437,58%,{'Intellect': 1682},68,"{'Versatility': 175, 'Mastery': 248}","73 gold, 89 silver, 99 copper",0%,False,41%,"62, 63, 64, 102, 105, 256, 257, 258, 262, 264, 265, 266, 267, 1467, 1468, 1473","Arcane Mage, Fire Mage, Frost Mage, Balance Druid, Restoration Druid, Discipline Priest, Holy Priest, Shadow Priest, Elemental Shaman, Restoration Shaman, Affliction Warlock, Demonology Warlock, Destruction Warlock, Devastation Evoker, Preservation Evoker, Augmentation Evoker"
221122,Priory,Baron Braunpyke,2 of 3,One-Hand,Mace,Hand of Beledar,58% Mastery + 41% Critical Strike,Intellect,Intellect,0%,0%,0%,0%,0%,0%,0%,33%,33%,33%,33%,33%,0%,0%,0%,0%,0%,0%,0%,33%,0%,33%,0%,0%,33%,33%,33%,0%,0%,0%,33%,0%,33%,0%,0%,0%,0%,0%,0%,0%,Soulbound,41%,Priory of the Sacred Flame,0%,100%,437,58%,{'Intellect': 1682},68,"{'Critical Strike': 175, 'Mastery': 248}","76 gold, 98 silver, 66 copper",0%,False,0%,"65, 102, 105, 256, 257, 258, 262, 264, 270, 1467, 1468, 1473","Holy Paladin, Balance Druid, Restoration Druid, Discipline Priest, Holy Priest, Shadow Priest, Elemental Shaman, Restoration Shaman, Mistweaver Monk, Devastation Evoker, Preservation Evoker, Augmentation Evoker"
221072,Cinderbrew,Goldie Baronbottom,4 of 4,Shoulder,Cloth,Moneymaking Businessmantle,58% Critical Strike + 41% Mastery,C>M,Intellect,0%,0%,0%,0%,0%,0%,0%,0%,0%,0%,0%,0%,0%,0%,0%,33%,33%,33%,0%,0%,0%,0%,0%,0%,33%,33%,33%,0%,0%,0%,0%,0%,0%,33%,33%,33%,0%,0%,0%,0%,Soulbound,58%,Cinderbrew Meadery,0%,100%,437,41%,{'Intellect': 433},68,"{'Critical Strike': 372, 'Mastery': 263}","37 gold, 84 silver, 32 copper",0%,False,0%,"62, 63, 64, 256, 257, 258, 265, 266, 267","Arcane Mage, Fire Mage, Frost Mage, Discipline Priest, Holy Priest, Shadow Priest, Affliction Warlock, Demonology Warlock, Destruction Warlock"
221115,Darkflame Cleft,The Darkness,4 of 4,Shoulder,Cloth,Photophobic Amice,60% Versatility + 39% Mastery,V>M,Intellect,0%,0%,0%,0%,0%,0%,0%,0%,0%,0%,0%,0%,0%,0%,0%,50%,50%,50%,0%,0%,0%,0%,0%,0%,50%,50%,50%,0%,0%,0%,0%,0%,0%,50%,50%,50%,0%,0%,0%,0%,Soulbound,0%,Darkflame Cleft,0%,100%,437,39%,{'Intellect': 433},68,"{'Versatility': 385, 'Mastery': 249}","39 gold, 32 silver, 19 copper",0%,False,60%,"62, 63, 64, 256, 257, 258, 265, 266, 267","Arcane Mage, Fire Mage, Frost Mage, Discipline Priest, Holy Priest, Shadow Priest, Affliction Warlock, Demonology Warlock, Destruction Warlock"
221135,Dawnbreaker,Speaker Shadowcrown,1 of 3,Shoulder,Cloth,Fanatic's Blackened Shoulderwraps,64% Versatility + 35% Critical Strike,V>C,Intellect,0%,0%,0%,0%,0%,0%,0%,0%,0%,0%,0%,0%,0%,0%,0%,33%,33%,33%,0%,0%,0%,0%,0%,0%,33%,33%,33%,0%,0%,0%,0%,0%,0%,33%,33%,33%,0%,0%,0%,0%,Soulbound,35%,The Dawnbreaker,0%,100%,437,0%,{'Intellect': 433},68,"{'Critical Strike': 222, 'Versatility': 412}","39 gold, 31 silver, 40 copper",0%,False,64%,"62, 63, 64, 256, 257, 258, 265, 266, 267","Arcane Mage, Fire Mage, Frost Mage, Discipline Priest, Holy Priest, Shadow Priest, Affliction Warlock, Demonology Warlock, Destruction Warlock"
219314,Ara-Kara,Avanoxx,1 of 3,Trinket,,Ara-Kara Sacbrood,100% Haste,,,50%,50%,50%,50%,50%,50%,50%,50%,50%,33%,33%,33%,50%,50%,50%,50%,50%,50%,50%,33%,50%,33%,50%,50%,100%,100%,100%,50%,50%,50%,50%,50%,50%,50%,50%,50%,50%,50%,50%,0%,Soulbound,0%,"Ara-Kara, City of Echoes",100%,0%,437,0%,{},68,{'Haste': 604},"46 gold, 19 silver, 17 copper",0%,True,0%,"250, 251, 252, 577, 581, 102, 103, 104, 105, 1467, 1468, 1473, 253, 254, 255, 62, 63, 64, 268, 270, 269, 65, 66, 70, 256, 257, 258, 259, 260, 261, 262, 263, 264, 265, 266, 267, 71, 72, 73","Blood Death Knight, Frost Death Knight, Unholy Death Knight, Havoc Demon Hunter, Vengeance Demon Hunter, Balance Druid, Feral Druid, Guardian Druid, Restoration Druid, Devastation Evoker, Preservation Evoker, Augmentation Evoker, Beast Mastery Hunter, Marksmanship Hunter, Survival Hunter, Arcane Mage, Fire Mage, Frost Mage, Brewmaster Monk, Mistweaver Monk, Windwalker Monk, Holy Paladin, Protection Paladin, Retribution Paladin, Discipline Priest, Holy Priest, Shadow Priest, Assassination Rogue, Outlaw Rogue, Subtlety Rogue, Elemental Shaman, Enhancement Shaman, Restoration Shaman, Affliction Warlock, Demonology Warlock, Destruction Warlock, Arms Warrior, Fury Warrior, Protection Warrior"
219317,Ara-Kara,Ki'katal the Harvester,3 of 3,Trinket,,Harvester's Edict,,"Agility,Intellect","Agility,Intellect",0%,0%,0%,33%,33%,33%,33%,33%,33%,33%,33%,33%,50%,50%,33%,33%,33%,33%,33%,50%,33%,50%,0%,0%,33%,33%,33%,50%,50%,50%,33%,50%,33%,33%,33%,33%,0%,0%,0%,100%,Soulbound,0%,"Ara-Kara, City of Echoes",0%,100%,437,0%,"{'Agility': 549, 'Intellect': 549}",68,{},"46 gold, 69 silver, 10 copper",0%,True,0%,"62, 63, 64, 65, 102, 103, 104, 105, 253, 254, 255, 256, 257, 258, 259, 260, 261, 262, 263, 264, 265, 266, 267, 268, 269, 270, 577, 581, 1467, 1468, 1473","Arcane Mage, Fire Mage, Frost Mage, Holy Paladin, Balance Druid, Feral Druid, Guardian Druid, Restoration Druid, Beast Mastery Hunter, Marksmanship Hunter, Survival Hunter, Discipline Priest, Holy Priest, Shadow Priest, Assassination Rogue, Outlaw Rogue, Subtlety Rogue, Elemental Shaman, Enhancement Shaman, Restoration Shaman, Affliction Warlock, Demonology Warlock, Destruction Warlock, Brewmaster Monk, Windwalker Monk, Mistweaver Monk, Havoc Demon Hunter, Vengeance Demon Hunter, Devastation Evoker, Preservation Evoker, Augmentation Evoker"
219297,Cinderbrew,Brew Master Aldryr,1 of 4,Trinket,,Cinderbrew Stein,,,,33%,33%,33%,33%,33%,33%,33%,33%,33%,50%,50%,50%,50%,50%,50%,50%,50%,50%,25%,33%,25%,33%,33%,33%,50%,50%,50%,33%,25%,33%,50%,33%,50%,50%,50%,50%,33%,33%,33%,0%,Soulbound,0%,Cinderbrew Meadery,0%,0%,437,0%,{},68,{},"46 gold, 69 silver, 55 copper",0%,True,0%,"250, 251, 252, 577, 581, 102, 103, 104, 105, 1467, 1468, 1473, 253, 254, 255, 62, 63, 64, 268, 270, 269, 65, 66, 70, 256, 257, 258, 259, 260, 261, 262, 263, 264, 265, 266, 267, 71, 72, 73","Blood Death Knight, Frost Death Knight, Unholy Death Knight, Havoc Demon Hunter, Vengeance Demon Hunter, Balance Druid, Feral Druid, Guardian Druid, Restoration Druid, Devastation Evoker, Preservation Evoker, Augmentation Evoker, Beast Mastery Hunter, Marksmanship Hunter, Survival Hunter, Arcane Mage, Fire Mage, Frost Mage, Brewmaster Monk, Mistweaver Monk, Windwalker Monk, Holy Paladin, Protection Paladin, Retribution Paladin, Discipline Priest, Holy Priest, Shadow Priest, Assassination Rogue, Outlaw Rogue, Subtlety Rogue, Elemental Shaman, Enhancement Shaman, Restoration Shaman, Affliction Warlock, Demonology Warlock, Destruction Warlock, Arms Warrior, Fury Warrior, Protection Warrior"
219299,Cinderbrew,Goldie Baronbottom,4 of 4,Trinket,,Synergistic Brewterializer,,Intellect,Intellect,0%,0%,0%,0%,0%,0%,0%,33%,33%,33%,33%,33%,0%,0%,0%,33%,33%,33%,0%,33%,0%,33%,0%,0%,33%,33%,33%,0%,0%,0%,33%,0%,33%,33%,33%,33%,0%,0%,0%,0%,Soulbound,0%,Cinderbrew Meadery,0%,100%,437,0%,{'Intellect': 549},68,{},"47 gold, 3 silver, 14 copper",0%,True,0%,"62, 63, 64, 65, 102, 105, 256, 257, 258, 262, 264, 265, 266, 267, 270, 1467, 1468, 1473","Arcane Mage, Fire Mage, Frost Mage, Holy Paladin, Balance Druid, Restoration Druid, Discipline Priest, Holy Priest, Shadow Priest, Elemental Shaman, Restoration Shaman, Affliction Warlock, Demonology Warlock, Destruction Warlock, Mistweaver Monk, Devastation Evoker, Preservation Evoker, Augmentation Evoker"
219318,City of Threads,Orator Krix'vizk,1 of 4,Trinket,,Oppressive Orator's Larynx,,,,50%,50%,50%,50%,50%,50%,50%,33%,33%,33%,33%,33%,50%,50%,50%,33%,33%,33%,50%,33%,50%,50%,50%,50%,33%,33%,33%,50%,50%,50%,33%,50%,33%,33%,33%,33%,50%,50%,50%,0%,Soulbound,0%,City of Threads,0%,0%,437,0%,{},68,{},"46 gold, 85 silver, 89 copper",0%,True,0%,"250, 251, 252, 577, 581, 102, 103, 104, 105, 1467, 1468, 1473, 253, 254, 255, 62, 63, 64, 268, 270, 269, 65, 66, 70, 256, 257, 258, 259, 260, 261, 262, 263, 264, 265, 266, 267, 71, 72, 73","Blood Death Knight, Frost Death Knight, Unholy Death Knight, Havoc Demon Hunter, Vengeance Demon Hunter, Balance Druid, Feral Druid, Guardian Druid, Restoration Druid, Devastation Evoker, Preservation Evoker, Augmentation Evoker, Beast Mastery Hunter, Marksmanship Hunter, Survival Hunter, Arcane Mage, Fire Mage, Frost Mage, Brewmaster Monk, Mistweaver Monk, Windwalker Monk, Holy Paladin, Protection Paladin, Retribution Paladin, Discipline Priest, Holy Priest, Shadow Priest, Assassination Rogue, Outlaw Rogue, Subtlety Rogue, Elemental Shaman, Enhancement Shaman, Restoration Shaman, Affliction Warlock, Demonology Warlock, Destruction Warlock, Arms Warrior, Fury Warrior, Protection Warrior"
219320,City of Threads,The Coaglamation,3 of 4,Trinket,,Viscous Coaglam,,Intellect,Intellect,0%,0%,0%,0%,0%,0%,0%,33%,33%,33%,33%,33%,0%,0%,0%,33%,33%,33%,0%,33%,0%,25%,0%,0%,33%,33%,33%,0%,0%,0%,25%,0%,25%,33%,33%,33%,0%,0%,0%,0%,Soulbound,0%,City of Threads,0%,100%,437,0%,{'Intellect': 549},68,{},"47 gold, 19 silver, 3 copper",0%,True,0%,"62, 63, 64, 65, 102, 105, 256, 257, 258, 262, 264, 265, 266, 267, 270, 1467, 1468, 1473","Arcane Mage, Fire Mage, Frost Mage, Holy Paladin, Balance Druid, Restoration Druid, Discipline Priest, Holy Priest, Shadow Priest, Elemental Shaman, Restoration Shaman, Affliction Warlock, Demonology Warlock, Destruction Warlock, Mistweaver Monk, Devastation Evoker, Preservation Evoker, Augmentation Evoker"
219321,City of Threads,"Izo, the Grand Splicer",4 of 4,Trinket,,Cirral Concoctory,,Intellect,Intellect,0%,0%,0%,0%,0%,0%,0%,33%,33%,33%,33%,33%,0%,0%,0%,33%,33%,33%,0%,33%,0%,33%,0%,0%,33%,33%,33%,0%,0%,0%,33%,0%,33%,33%,33%,33%,0%,0%,0%,0%,Soulbound,0%,City of Threads,0%,100%,437,0%,{'Intellect': 549},68,{},"47 gold, 35 silver, 83 copper",0%,True,0%,"62, 63, 64, 65, 102, 105, 256, 257, 258, 262, 264, 265, 266, 267, 270, 1467, 1468, 1473","Arcane Mage, Fire Mage, Frost Mage, Holy Paladin, Balance Druid, Restoration Druid, Discipline Priest, Holy Priest, Shadow Priest, Elemental Shaman, Restoration Shaman, Affliction Warlock, Demonology Warlock, Destruction Warlock, Mistweaver Monk, Devastation Evoker, Preservation Evoker, Augmentation Evoker"
219305,Darkflame Cleft,Blazikon,2 of 4,Trinket,,Carved Blazikon Wax,,Intellect,Intellect,0%,0%,0%,0%,0%,0%,0%,33%,33%,33%,33%,33%,0%,0%,0%,33%,33%,33%,0%,33%,0%,33%,0%,0%,33%,33%,33%,0%,0%,0%,33%,0%,33%,33%,33%,33%,0%,0%,0%,0%,Soulbound,0%,Darkflame Cleft,0%,100%,437,0%,{'Intellect': 549},68,{},"43 gold, 48 silver, 62 copper",0%,True,0%,"62, 63, 64, 65, 102, 105, 256, 257, 258, 262, 264, 265, 266, 267, 270, 1467, 1468, 1473","Arcane Mage, Fire Mage, Frost Mage, Holy Paladin, Balance Druid, Restoration Druid, Discipline Priest, Holy Priest, Shadow Priest, Elemental Shaman, Restoration Shaman, Affliction Warlock, Demonology Warlock, Destruction Warlock, Mistweaver Monk, Devastation Evoker, Preservation Evoker, Augmentation Evoker"
219306,Darkflame Cleft,The Candle King,3 of 4,Trinket,,Burin of the Candle King,,Intellect,Intellect,0%,0%,0%,0%,0%,0%,0%,33%,33%,25%,25%,25%,0%,0%,0%,33%,33%,33%,0%,25%,0%,33%,0%,0%,33%,33%,33%,0%,0%,0%,25%,0%,25%,33%,33%,33%,0%,0%,0%,0%,Soulbound,0%,Darkflame Cleft,0%,100%,437,0%,{'Intellect': 549},68,{},"43 gold, 65 silver, 42 copper",0%,True,0%,"62, 63, 64, 65, 102, 105, 256, 257, 258, 262, 264, 265, 266, 267, 270, 1467, 1468, 1473","Arcane Mage, Fire Mage, Frost Mage, Holy Paladin, Balance Druid, Restoration Druid, Discipline Priest, Holy Priest, Shadow Priest, Elemental Shaman, Restoration Shaman, Affliction Warlock, Demonology Warlock, Destruction Warlock, Mistweaver Monk, Devastation Evoker, Preservation Evoker, Augmentation Evoker"
219307,Darkflame Cleft,The Darkness,4 of 4,Trinket,,Remnant of Darkness,,,,33%,33%,33%,50%,50%,50%,50%,50%,50%,50%,50%,50%,50%,50%,50%,50%,50%,50%,50%,50%,50%,50%,50%,33%,50%,50%,50%,33%,50%,33%,50%,50%,50%,50%,50%,50%,33%,33%,50%,0%,Soulbound,0%,Darkflame Cleft,0%,0%,437,0%,{},68,{},"43 gold, 82 silver, 22 copper",0%,True,0%,"250, 251, 252, 577, 581, 102, 103, 104, 105, 1467, 1468, 1473, 253, 254, 255, 62, 63, 64, 268, 270, 269, 65, 66, 70, 256, 257, 258, 259, 260, 261, 262, 263, 264, 265, 266, 267, 71, 72, 73","Blood Death Knight, Frost Death Knight, Unholy Death Knight, Havoc Demon Hunter, Vengeance Demon Hunter, Balance Druid, Feral Druid, Guardian Druid, Restoration Druid, Devastation Evoker, Preservation Evoker, Augmentation Evoker, Beast Mastery Hunter, Marksmanship Hunter, Survival Hunter, Arcane Mage, Fire Mage, Frost Mage, Brewmaster Monk, Mistweaver Monk, Windwalker Monk, Holy Paladin, Protection Paladin, Retribution Paladin, Discipline Priest, Holy Priest, Shadow Priest, Assassination Rogue, Outlaw Rogue, Subtlety Rogue, Elemental Shaman, Enhancement Shaman, Restoration Shaman, Affliction Warlock, Demonology Warlock, Destruction Warlock, Arms Warrior, Fury Warrior, Protection Warrior"
219308,Priory,Captain Dailcry,1 of 3,Trinket,,Signet of the Priory,,"Agility,Strength,Intellect","Agility,Strength,Intellect",50%,50%,50%,50%,50%,33%,33%,50%,50%,50%,50%,50%,50%,50%,33%,50%,50%,50%,33%,50%,33%,33%,33%,50%,50%,50%,50%,50%,50%,50%,33%,50%,33%,50%,50%,50%,50%,50%,33%,100%,Soulbound,0%,Priory of the Sacred Flame,0%,100%,437,0%,"{'Agility': 549, 'Strength': 549, 'Intellect': 549}",68,{},"43 gold, 98 silver, 56 copper",100%,True,0%,"250, 251, 252, 577, 581, 102, 103, 104, 105, 1467, 1468, 1473, 253, 254, 255, 62, 63, 64, 268, 270, 269, 65, 66, 70, 256, 257, 258, 259, 260, 261, 262, 263, 264, 265, 266, 267, 71, 72, 73","Blood Death Knight, Frost Death Knight, Unholy Death Knight, Havoc Demon Hunter, Vengeance Demon Hunter, Balance Druid, Feral Druid, Guardian Druid, Restoration Druid, Devastation Evoker, Preservation Evoker, Augmentation Evoker, Beast Mastery Hunter, Marksmanship Hunter, Survival Hunter, Arcane Mage, Fire Mage, Frost Mage, Brewmaster Monk, Mistweaver Monk, Windwalker Monk, Holy Paladin, Protection Paladin, Retribution Paladin, Discipline Priest, Holy Priest, Shadow Priest, Assassination Rogue, Outlaw Rogue, Subtlety Rogue, Elemental Shaman, Enhancement Shaman, Restoration Shaman, Affliction Warlock, Demonology Warlock, Destruction Warlock, Arms Warrior, Fury Warrior, Protection Warrior"
219309,Priory,Baron Braunpyke,2 of 3,Trinket,,Tome of Light's Devotion,,,,50%,50%,50%,50%,50%,50%,50%,33%,33%,33%,33%,33%,50%,50%,50%,50%,50%,50%,50%,33%,50%,33%,50%,50%,33%,33%,33%,50%,50%,50%,33%,50%,33%,50%,50%,50%,50%,50%,50%,0%,Soulbound,0%,Priory of the Sacred Flame,0%,0%,437,0%,{},68,{},"44 gold, 15 silver, 35 copper",0%,True,0%,"250, 251, 252, 577, 581, 102, 103, 104, 105, 1467, 1468, 1473, 253, 254, 255, 62, 63, 64, 268, 270, 269, 65, 66, 70, 256, 257, 258, 259, 260, 261, 262, 263, 264, 265, 266, 267, 71, 72, 73","Blood Death Knight, Frost Death Knight, Unholy Death Knight, Havoc Demon Hunter, Vengeance Demon Hunter, Balance Druid, Feral Druid, Guardian Druid, Restoration Druid, Devastation Evoker, Preservation Evoker, Augmentation Evoker, Beast Mastery Hunter, Marksmanship Hunter, Survival Hunter, Arcane Mage, Fire Mage, Frost Mage, Brewmaster Monk, Mistweaver Monk, Windwalker Monk, Holy Paladin, Protection Paladin, Retribution Paladin, Discipline Priest, Holy Priest, Shadow Priest, Assassination Rogue, Outlaw Rogue, Subtlety Rogue, Elemental Shaman, Enhancement Shaman, Restoration Shaman, Affliction Warlock, Demonology Warlock, Destruction Warlock, Arms Warrior, Fury Warrior, Protection Warrior"
219310,Priory,Prioress Murrpray,3 of 3,Trinket,,Bursting Lightshard,,Intellect,Intellect,0%,0%,0%,0%,0%,0%,0%,33%,33%,33%,33%,33%,0%,0%,0%,33%,33%,33%,0%,33%,0%,33%,0%,0%,33%,33%,33%,0%,0%,0%,33%,0%,33%,33%,33%,33%,0%,0%,0%,0%,Soulbound,0%,Priory of the Sacred Flame,0%,100%,437,0%,{'Intellect': 549},68,{},"44 gold, 32 silver, 15 copper",0%,True,0%,"62, 63, 64, 65, 102, 105, 256, 257, 258, 262, 264, 265, 266, 267, 270, 1467, 1468, 1473","Arcane Mage, Fire Mage, Frost Mage, Holy Paladin, Balance Druid, Restoration Druid, Discipline Priest, Holy Priest, Shadow Priest, Elemental Shaman, Restoration Shaman, Affliction Warlock, Demonology Warlock, Destruction Warlock, Mistweaver Monk, Devastation Evoker, Preservation Evoker, Augmentation Evoker"
219312,Dawnbreaker,Anub'ikkaj,2 of 3,Trinket,,Empowering Crystal of Anub'ikkaj,,"Agility,Intellect","Agility,Intellect",0%,0%,0%,33%,33%,25%,25%,33%,33%,25%,25%,25%,25%,25%,20%,50%,50%,50%,25%,33%,25%,33%,0%,0%,50%,50%,50%,25%,33%,25%,25%,25%,25%,50%,50%,50%,0%,0%,0%,100%,Soulbound,0%,The Dawnbreaker,0%,100%,437,0%,"{'Agility': 549, 'Intellect': 549}",68,{},"44 gold, 65 silver, 28 copper",0%,True,0%,"62, 63, 64, 65, 102, 103, 104, 105, 253, 254, 255, 256, 257, 258, 259, 260, 261, 262, 263, 264, 265, 266, 267, 268, 269, 270, 577, 581, 1467, 1468, 1473","Arcane Mage, Fire Mage, Frost Mage, Holy Paladin, Balance Druid, Feral Druid, Guardian Druid, Restoration Druid, Beast Mastery Hunter, Marksmanship Hunter, Survival Hunter, Discipline Priest, Holy Priest, Shadow Priest, Assassination Rogue, Outlaw Rogue, Subtlety Rogue, Elemental Shaman, Enhancement Shaman, Restoration Shaman, Affliction Warlock, Demonology Warlock, Destruction Warlock, Brewmaster Monk, Windwalker Monk, Mistweaver Monk, Havoc Demon Hunter, Vengeance Demon Hunter, Devastation Evoker, Preservation Evoker, Augmentation Evoker"
219295,Rookery,Stormguard Gorren,2 of 3,Trinket,,Sigil of Algari Concordance,,"Agility,Strength,Intellect","Agility,Strength,Intellect",33%,33%,33%,50%,50%,50%,50%,50%,50%,50%,50%,50%,33%,33%,50%,50%,50%,50%,50%,50%,50%,33%,33%,33%,50%,50%,50%,50%,50%,50%,33%,50%,33%,50%,50%,50%,33%,33%,33%,100%,Soulbound,0%,The Rookery,0%,100%,437,0%,"{'Agility': 549, 'Strength': 549, 'Intellect': 549}",68,{},"45 gold, 16 silver, 12 copper",100%,True,0%,"250, 251, 252, 577, 581, 102, 103, 104, 105, 1467, 1468, 1473, 253, 254, 255, 62, 63, 64, 268, 270, 269, 65, 66, 70, 256, 257, 258, 259, 260, 261, 262, 263, 264, 265, 266, 267, 71, 72, 73","Blood Death Knight, Frost Death Knight, Unholy Death Knight, Havoc Demon Hunter, Vengeance Demon Hunter, Balance Druid, Feral Druid, Guardian Druid, Restoration Druid, Devastation Evoker, Preservation Evoker, Augmentation Evoker, Beast Mastery Hunter, Marksmanship Hunter, Survival Hunter, Arcane Mage, Fire Mage, Frost Mage, Brewmaster Monk, Mistweaver Monk, Windwalker Monk, Holy Paladin, Protection Paladin, Retribution Paladin, Discipline Priest, Holy Priest, Shadow Priest, Assassination Rogue, Outlaw Rogue, Subtlety Rogue, Elemental Shaman, Enhancement Shaman, Restoration Shaman, Affliction Warlock, Demonology Warlock, Destruction Warlock, Arms Warrior, Fury Warrior, Protection Warrior"
219296,Rookery,Voidstone Monstrosity,3 of 3,Trinket,,Entropic Skardyn Core,100% Critical Strike,,,33%,25%,33%,33%,33%,33%,33%,33%,33%,33%,33%,33%,33%,33%,33%,33%,33%,33%,33%,33%,33%,33%,25%,33%,33%,33%,33%,25%,33%,25%,33%,33%,33%,33%,33%,33%,33%,25%,25%,0%,Soulbound,100%,The Rookery,0%,0%,437,0%,{},68,{'Critical Strike': 604},"45 gold, 32 silver, 92 copper",0%,True,0%,"250, 251, 252, 577, 581, 102, 103, 104, 105, 1467, 1468, 1473, 253, 254, 255, 62, 63, 64, 268, 270, 269, 65, 66, 70, 256, 257, 258, 259, 260, 261, 262, 263, 264, 265, 266, 267, 71, 72, 73","Blood Death Knight, Frost Death Knight, Unholy Death Knight, Havoc Demon Hunter, Vengeance Demon Hunter, Balance Druid, Feral Druid, Guardian Druid, Restoration Druid, Devastation Evoker, Preservation Evoker, Augmentation Evoker, Beast Mastery Hunter, Marksmanship Hunter, Survival Hunter, Arcane Mage, Fire Mage, Frost Mage, Brewmaster Monk, Mistweaver Monk, Windwalker Monk, Holy Paladin, Protection Paladin, Retribution Paladin, Discipline Priest, Holy Priest, Shadow Priest, Assassination Rogue, Outlaw Rogue, Subtlety Rogue, Elemental Shaman, Enhancement Shaman, Restoration Shaman, Affliction Warlock, Demonology Warlock, Destruction Warlock, Arms Warrior, Fury Warrior, Protection Warrior"
219301,Stonevault,Speaker Dorlita,3 of 4,Trinket,,Overclocked Gear-a-Rang Launcher,,,,33%,33%,33%,50%,50%,50%,50%,25%,25%,25%,25%,25%,50%,50%,50%,20%,20%,20%,50%,25%,50%,25%,33%,33%,20%,20%,20%,50%,50%,50%,25%,50%,25%,20%,20%,20%,33%,33%,33%,0%,Soulbound,0%,The Stonevault,0%,0%,437,0%,{},68,{},"47 gold, 36 silver, 28 copper",0%,True,0%,"250, 251, 252, 577, 581, 102, 103, 104, 105, 1467, 1468, 1473, 253, 254, 255, 62, 63, 64, 268, 270, 269, 65, 66, 70, 256, 257, 258, 259, 260, 261, 262, 263, 264, 265, 266, 267, 71, 72, 73","Blood Death Knight, Frost Death Knight, Unholy Death Knight, Havoc Demon Hunter, Vengeance Demon Hunter, Balance Druid, Feral Druid, Guardian Druid, Restoration Druid, Devastation Evoker, Preservation Evoker, Augmentation Evoker, Beast Mastery Hunter, Marksmanship Hunter, Survival Hunter, Arcane Mage, Fire Mage, Frost Mage, Brewmaster Monk, Mistweaver Monk, Windwalker Monk, Holy Paladin, Protection Paladin, Retribution Paladin, Discipline Priest, Holy Priest, Shadow Priest, Assassination Rogue, Outlaw Rogue, Subtlety Rogue, Elemental Shaman, Enhancement Shaman, Restoration Shaman, Affliction Warlock, Demonology Warlock, Destruction Warlock, Arms Warrior, Fury Warrior, Protection Warrior"
219302,Stonevault,Speaker Dorlita,3 of 4,Trinket,,Scrapsinger's Symphony,,Intellect,Intellect,0%,0%,0%,0%,0%,0%,0%,25%,25%,25%,25%,25%,0%,0%,0%,20%,20%,20%,0%,25%,0%,25%,0%,0%,20%,20%,20%,0%,0%,0%,25%,0%,25%,20%,20%,20%,0%,0%,0%,0%,Soulbound,0%,The Stonevault,0%,100%,437,0%,{'Intellect': 549},68,{},"47 gold, 53 silver, 7 copper",0%,True,0%,"62, 63, 64, 65, 102, 105, 256, 257, 258, 262, 264, 265, 266, 267, 270, 1467, 1468, 1473","Arcane Mage, Fire Mage, Frost Mage, Holy Paladin, Balance Druid, Restoration Druid, Discipline Priest, Holy Priest, Shadow Priest, Elemental Shaman, Restoration Shaman, Affliction Warlock, Demonology Warlock, Destruction Warlock, Mistweaver Monk, Devastation Evoker, Preservation Evoker, Augmentation Evoker"
219303,Stonevault,Void Speaker Eirich,4 of 4,Trinket,,High Speaker's Accretion,100% Mastery,,,50%,33%,50%,33%,33%,50%,50%,50%,50%,100%,100%,100%,50%,50%,100%,50%,50%,50%,33%,50%,33%,50%,33%,50%,50%,50%,50%,50%,33%,50%,100%,50%,100%,50%,50%,50%,50%,33%,33%,0%,Soulbound,0%,The Stonevault,0%,0%,437,100%,{},68,{'Mastery': 604},"43 gold, 15 silver, 49 copper",0%,True,0%,"250, 251, 252, 577, 581, 102, 103, 104, 105, 1467, 1468, 1473, 253, 254, 255, 62, 63, 64, 268, 270, 269, 65, 66, 70, 256, 257, 258, 259, 260, 261, 262, 263, 264, 265, 266, 267, 71, 72, 73","Blood Death Knight, Frost Death Knight, Unholy Death Knight, Havoc Demon Hunter, Vengeance Demon Hunter, Balance Druid, Feral Druid, Guardian Druid, Restoration Druid, Devastation Evoker, Preservation Evoker, Augmentation Evoker, Beast Mastery Hunter, Marksmanship Hunter, Survival Hunter, Arcane Mage, Fire Mage, Frost Mage, Brewmaster Monk, Mistweaver Monk, Windwalker Monk, Holy Paladin, Protection Paladin, Retribution Paladin, Discipline Priest, Holy Priest, Shadow Priest, Assassination Rogue, Outlaw Rogue, Subtlety Rogue, Elemental Shaman, Enhancement Shaman, Restoration Shaman, Affliction Warlock, Demonology Warlock, Destruction Warlock, Arms Warrior, Fury Warrior, Protection Warrior"
221166,City of Threads,Orator Krix'vizk,1 of 4,Two-Hand,Staff,Krix'vizk's Speech Rod,62% Haste + 37% Versatility,Intellect,Intellect,0%,0%,0%,0%,0%,0%,0%,33%,33%,33%,33%,33%,0%,0%,0%,33%,33%,33%,0%,33%,0%,0%,0%,0%,33%,33%,33%,0%,0%,0%,33%,0%,33%,33%,33%,33%,0%,0%,0%,0%,Soulbound,0%,City of Threads,62%,100%,437,0%,{'Intellect': 2569},68,"{'Haste': 532, 'Versatility': 314}","90 gold, 63 silver, 48 copper",0%,False,37%,"62, 63, 64, 102, 105, 256, 257, 258, 262, 264, 265, 266, 267, 270, 1467, 1468, 1473","Arcane Mage, Fire Mage, Frost Mage, Balance Druid, Restoration Druid, Discipline Priest, Holy Priest, Shadow Priest, Elemental Shaman, Restoration Shaman, Affliction Warlock, Demonology Warlock, Destruction Warlock, Mistweaver Monk, Devastation Evoker, Preservation Evoker, Augmentation Evoker"
221032,Rookery,Kyrioss,1 of 3,Two-Hand,Staff,Voltaic Stormcaller,100% Critical Strike,Intellect,Intellect,0%,0%,0%,0%,0%,0%,0%,50%,50%,50%,50%,50%,0%,0%,0%,50%,50%,50%,0%,50%,0%,0%,0%,0%,50%,50%,50%,0%,0%,0%,50%,0%,50%,50%,50%,50%,0%,0%,0%,0%,Soulbound,100%,The Rookery,0%,100%,437,0%,{'Intellect': 2569},68,{'Critical Strike': 459},"90 gold, 30 silver, 38 copper",0%,False,0%,"62, 63, 64, 102, 105, 256, 257, 258, 262, 264, 265, 266, 267, 270, 1467, 1468, 1473","Arcane Mage, Fire Mage, Frost Mage, Balance Druid, Restoration Druid, Discipline Priest, Holy Priest, Shadow Priest, Elemental Shaman, Restoration Shaman, Affliction Warlock, Demonology Warlock, Destruction Warlock, Mistweaver Monk, Devastation Evoker, Preservation Evoker, Augmentation Evoker"
221085,Stonevault,Speaker Dorlita,3 of 4,Two-Hand,Staff,Melodious Iron Songspire,65% Mastery + 34% Haste,Intellect,Intellect,0%,0%,0%,0%,0%,0%,0%,25%,25%,25%,25%,25%,0%,0%,0%,20%,20%,20%,0%,25%,0%,0%,0%,0%,20%,20%,20%,0%,0%,0%,25%,0%,25%,20%,20%,20%,0%,0%,0%,0%,Soulbound,0%,The Stonevault,34%,100%,437,65%,{'Intellect': 2569},68,"{'Haste': 296, 'Mastery': 550}","97 gold, 30 silver, 19 copper",0%,False,0%,"62, 63, 64, 102, 105, 256, 257, 258, 262, 264, 265, 266, 267, 270, 1467, 1468, 1473","Arcane Mage, Fire Mage, Frost Mage, Balance Druid, Restoration Druid, Discipline Priest, Holy Priest, Shadow Priest, Elemental Shaman, Restoration Shaman, Affliction Warlock, Demonology Warlock, Destruction Warlock, Mistweaver Monk, Devastation Evoker, Preservation Evoker, Augmentation Evoker"
221158,Ara-Kara,Anub'zekt,2 of 3,Waist,Cloth,Burrower's Cinch,64% Critical Strike + 35% Haste,C>H,Intellect,0%,0%,0%,0%,0%,0%,0%,0%,0%,0%,0%,0%,0%,0%,0%,50%,50%,50%,0%,0%,0%,0%,0%,0%,50%,50%,50%,0%,0%,0%,0%,0%,0%,50%,50%,50%,0%,0%,0%,0%,Soulbound,64%,"Ara-Kara, City of Echoes",35%,100%,437,0%,{'Intellect': 433},68,"{'Critical Strike': 412, 'Haste': 222}","26 gold, 69 silver, 96 copper",0%,False,0%,"62, 63, 64, 256, 257, 258, 265, 266, 267","Arcane Mage, Fire Mage, Frost Mage, Discipline Priest, Holy Priest, Shadow Priest, Affliction Warlock, Demonology Warlock, Destruction Warlock"
221121,Priory,Captain Dailcry,1 of 3,Waist,Cloth,Honorbound Retainer's Sash,58% Mastery + 41% Critical Strike,M>C,Intellect,0%,0%,0%,0%,0%,0%,0%,0%,0%,0%,0%,0%,0%,0%,0%,50%,50%,50%,0%,0%,0%,0%,0%,0%,50%,50%,50%,0%,0%,0%,0%,0%,0%,50%,50%,50%,0%,0%,0%,0%,Soulbound,41%,Priory of the Sacred Flame,0%,100%,437,58%,{'Intellect': 433},68,"{'Critical Strike': 263, 'Mastery': 372}","27 gold, 0 silver, 6 copper",0%,False,0%,"62, 63, 64, 256, 257, 258, 265, 266, 267","Arcane Mage, Fire Mage, Frost Mage, Discipline Priest, Holy Priest, Shadow Priest, Affliction Warlock, Demonology Warlock, Destruction Warlock"
221087,Stonevault,Speaker Dorlita,3 of 4,Waist,Cloth,Dorlita's Safety Belt,62% Versatility + 37% Mastery,V>M,Intellect,0%,0%,0%,0%,0%,0%,0%,0%,0%,0%,0%,0%,0%,0%,0%,20%,20%,20%,0%,0%,0%,0%,0%,0%,20%,20%,20%,0%,0%,0%,0%,0%,0%,20%,20%,20%,0%,0%,0%,0%,Soulbound,0%,The Stonevault,0%,100%,437,37%,{'Intellect': 433},68,"{'Versatility': 399, 'Mastery': 236}","27 gold, 59 silver, 44 copper",0%,False,62%,"62, 63, 64, 256, 257, 258, 265, 266, 267","Arcane Mage, Fire Mage, Frost Mage, Discipline Priest, Holy Priest, Shadow Priest, Affliction Warlock, Demonology Warlock, Destruction Warlock"
221182,City of Threads,The Coaglamation,3 of 4,Wrist,Cloth,Vitriolic Veinwoven Wraps,60% Haste + 39% Critical Strike,H>C,Intellect,0%,0%,0%,0%,0%,0%,0%,0%,0%,0%,0%,0%,0%,0%,0%,33%,33%,33%,0%,0%,0%,0%,0%,0%,33%,33%,33%,0%,0%,0%,0%,0%,0%,33%,33%,33%,0%,0%,0%,0%,Soulbound,39%,City of Threads,60%,100%,437,0%,{'Intellect': 325},68,"{'Critical Strike': 187, 'Haste': 289}","27 gold, 79 silver, 41 copper",0%,False,0%,"62, 63, 64, 256, 257, 258, 265, 266, 267","Arcane Mage, Fire Mage, Frost Mage, Discipline Priest, Holy Priest, Shadow Priest, Affliction Warlock, Demonology Warlock, Destruction Warlock"
221104,Darkflame Cleft,Blazikon,2 of 4,Wrist,Cloth,Gleamwax Shackles,64% Mastery + 35% Critical Strike,M>C,Intellect,0%,0%,0%,0%,0%,0%,0%,0%,0%,0%,0%,0%,0%,0%,0%,33%,33%,33%,0%,0%,0%,0%,0%,0%,33%,33%,33%,0%,0%,0%,0%,0%,0%,33%,33%,33%,0%,0%,0%,0%,Soulbound,35%,Darkflame Cleft,0%,100%,437,64%,{'Intellect': 325},68,"{'Critical Strike': 167, 'Mastery': 309}","27 gold, 29 silver, 61 copper",0%,False,0%,"62, 63, 64, 256, 257, 258, 265, 266, 267","Arcane Mage, Fire Mage, Frost Mage, Discipline Priest, Holy Priest, Shadow Priest, Affliction Warlock, Demonology Warlock, Destruction Warlock"
221037,Rookery,Kyrioss,1 of 3,Wrist,Cloth,Charged Rookfeather Wraps,64% Critical Strike + 35% Versatility,C>V,Intellect,0%,0%,0%,0%,0%,0%,0%,0%,0%,0%,0%,0%,0%,0%,0%,50%,50%,50%,0%,0%,0%,0%,0%,0%,50%,50%,50%,0%,0%,0%,0%,0%,0%,50%,50%,50%,0%,0%,0%,0%,Soulbound,64%,The Rookery,0%,100%,437,0%,{'Intellect': 325},68,"{'Critical Strike': 309, 'Versatility': 167}","25 gold, 91 silver, 67 copper",0%,False,35%,"62, 63, 64, 256, 257, 258, 265, 266, 267","Arcane Mage, Fire Mage, Frost Mage, Discipline Priest, Holy Priest, Shadow Priest, Affliction Warlock, Demonology Warlock, Destruction Warlock"
