log_guid,fight_id,outcome,duration,duration_in_sec,wcl_boss_id,boss_text,boss_level,affix_icon,fight_time
9aCktvPc4MD8xG2h,,kill,29:25,1765,12830,Eco-Dome Al'dani,19,Fortified,8:31 PM
dGchmDzq6xQ4Zwkb,4,kill,30:48,1848,12830,Eco-Dome Al'dani,,,10:32 PM
dGchmDzq6xQ4Zwkb,23,kill,24:03,1443,12830,Eco-Dome Al'dani,,,7:44 PM
dGchmDzq6xQ4Zwkb,53,kill,25:46,1546,12830,Eco-Dome Al'dani,,,5:41 PM
dGchmDzq6xQ4Zwkb,1,wipe,6:27,387,12830,Eco-Dome Al'dani,,,3:55 PM
RfG4QgC1Kpt8dTjr,9,kill,32:16,1936,12830,Eco-Dome Al'dani,,,7:34 AM
RfG4QgC1Kpt8dTjr,8,wipe,14:43,883,12830,Eco-Dome Al'dani,,,7:19 AM
F3k2Pz4xg8rNCmfJ,,kill,26:52,1612,12830,Eco-Dome Al'dani,18,Fortified,3:36 PM
WJb9cvnCt24G6gph,10,wipe,2:59,179,12830,Eco-Dome Al'dani,,,6:58 AM
WJb9cvnCt24G6gph,11,wipe,11:22,682,12830,Eco-Dome Al'dani,,,7:01 AM
WJb9cvnCt24G6gph,12,wipe,16:44,1004,12830,Eco-Dome Al'dani,,,7:12 AM
WJb9cvnCt24G6gph,10,wipe,2:59,179,12830,Eco-Dome Al'dani,,,6:58 AM
WJb9cvnCt24G6gph,11,wipe,11:22,682,12830,Eco-Dome Al'dani,,,7:01 AM
WJb9cvnCt24G6gph,12,wipe,16:44,1004,12830,Eco-Dome Al'dani,,,7:12 AM
CvF1N8yfYPWRMkjd,,kill,29:20,1760,12830,Eco-Dome Al'dani,19,Fortified,2:06 AM
vYk4GVcbLWHXx8qC,14,kill,22:59,1379,12830,Eco-Dome Al'dani,,,4:28 AM
vYk4GVcbLWHXx8qC,13,wipe,14:30,870,12830,Eco-Dome Al'dani,,,4:05 AM
pKjLZrf4JN6TQdX7,,kill,23:22,1402,12830,Eco-Dome Al'dani,10,Xal'atath's Bargain: Pulsar,3:49 AM
AzVk6Z7FK2vgQntD,,kill,30:43,1843,12830,Eco-Dome Al'dani,15,Tyrannical,3:51 PM
JjpQbKzwPakq3LAX,,kill,25:12,1512,12830,Eco-Dome Al'dani,12,Fortified,10:13 PM
p8mWCJr73DTdynNH,3,kill,30:53,1853,12830,Eco-Dome Al'dani,,,8:46 PM
p8mWCJr73DTdynNH,2,wipe,10:22,622,12830,Eco-Dome Al'dani,,,8:36 PM
xHz4a8mnB2pLcAfP,19,kill,32:52,1972,12830,Eco-Dome Al'dani,,,7:58 PM
xHz4a8mnB2pLcAfP,16,wipe,10:23,623,12830,Eco-Dome Al'dani,,,7:32 PM
xHz4a8mnB2pLcAfP,17,wipe,2:48,168,12830,Eco-Dome Al'dani,,,7:43 PM
xHz4a8mnB2pLcAfP,18,wipe,9:13,553,12830,Eco-Dome Al'dani,,,7:45 PM
xHz4a8mnB2pLcAfP,16,wipe,10:23,623,12830,Eco-Dome Al'dani,,,7:32 PM
xHz4a8mnB2pLcAfP,17,wipe,2:48,168,12830,Eco-Dome Al'dani,,,7:43 PM
xHz4a8mnB2pLcAfP,18,wipe,9:13,553,12830,Eco-Dome Al'dani,,,7:45 PM
pwWbkZLT137PrYCt,,wipe,11:13,673,12830,Eco-Dome Al'dani,15,Tyrannical,8:26 PM
kxGYrAHPjX4Qb21v,,kill,22:42,1362,12830,Eco-Dome Al'dani,12,Tyrannical,4:01 AM
zXTRHxmPM1NbnAgd,,kill,22:42,1362,12830,Eco-Dome Al'dani,12,Tyrannical,4:01 AM
2wRmB64JybnXzp7K,16,kill,32:52,1972,12830,Eco-Dome Al'dani,,,7:58 PM
2wRmB64JybnXzp7K,25,kill,27:28,1648,12830,Eco-Dome Al'dani,,,12:48 AM
2wRmB64JybnXzp7K,13,wipe,5:57,357,12830,Eco-Dome Al'dani,,,7:32 PM
2wRmB64JybnXzp7K,14,wipe,2:48,168,12830,Eco-Dome Al'dani,,,7:43 PM
2wRmB64JybnXzp7K,15,wipe,9:13,553,12830,Eco-Dome Al'dani,,,7:45 PM
2wRmB64JybnXzp7K,13,wipe,5:57,357,12830,Eco-Dome Al'dani,,,7:32 PM
2wRmB64JybnXzp7K,14,wipe,2:48,168,12830,Eco-Dome Al'dani,,,7:43 PM
2wRmB64JybnXzp7K,15,wipe,9:13,553,12830,Eco-Dome Al'dani,,,7:45 PM
mbgX8ZcJnxaG2RPK,,kill,27:28,1648,12830,Eco-Dome Al'dani,15,Tyrannical,12:48 AM
V8ZLFDzjxfBJKN3c,,wipe,0:21,21,12830,Eco-Dome Al'dani,5:09,,5:09 PM
vbTCQ9Vj7hf1dWgn,,kill,28:14,1694,12830,Eco-Dome Al'dani,17,Fortified,3:06 PM
NLTHZD4zBwaJqWRt,,kill,28:14,1694,12830,Eco-Dome Al'dani,17,Fortified,3:06 PM
BFTMftNbCdZ2L7gH,,kill,29:06,1746,12830,Eco-Dome Al'dani,14,Fortified,3:44 PM
qJm7RNZPhTWpvK4y,,kill,29:06,1746,12830,Eco-Dome Al'dani,14,Fortified,3:44 PM
Vw4L3kP2NTMmYzFa,,kill,29:06,1746,12830,Eco-Dome Al'dani,14,Fortified,3:44 PM
nm8RACNB2GXvDW9f,,kill,22:28,1348,12830,Eco-Dome Al'dani,16,,10:46 AM
GaZ1ywmCRHp8MhcK,,kill,31:01,1861,12830,Eco-Dome Al'dani,15,Fortified,10:54 AM
BJmND37dkCA4apGb,,wipe,23:30,1410,12830,Eco-Dome Al'dani,15,Fortified,8:57 PM
Ky9Vhv2PXWZ6QqnR,2,kill,24:33,1473,12830,Eco-Dome Al'dani,,,10:57 PM
Ky9Vhv2PXWZ6QqnR,1,wipe,18:16,1096,12830,Eco-Dome Al'dani,,,10:34 PM
28QCMT3Rdpv6Pkft,,wipe,0:00,0,12830,Eco-Dome Al'dani,12,Fortified,5:19 AM
bCTthyBAfk643N8X,,kill,29:19,1759,12830,Eco-Dome Al'dani,15,Tyrannical,6:29 AM
JR4xmHAP17cY93Kv,27,kill,29:23,1763,12830,Eco-Dome Al'dani,,,3:42 AM
JR4xmHAP17cY93Kv,23,wipe,30:19,1819,12830,Eco-Dome Al'dani,,,2:22 AM
JR4xmHAP17cY93Kv,24,wipe,27:05,1625,12830,Eco-Dome Al'dani,,,2:53 AM
JR4xmHAP17cY93Kv,25,wipe,6:28,388,12830,Eco-Dome Al'dani,,,3:20 AM
JR4xmHAP17cY93Kv,26,wipe,16:18,978,12830,Eco-Dome Al'dani,,,3:26 AM
JR4xmHAP17cY93Kv,23,wipe,30:19,1819,12830,Eco-Dome Al'dani,,,2:22 AM
JR4xmHAP17cY93Kv,24,wipe,27:05,1625,12830,Eco-Dome Al'dani,,,2:53 AM
JR4xmHAP17cY93Kv,25,wipe,6:28,388,12830,Eco-Dome Al'dani,,,3:20 AM
JR4xmHAP17cY93Kv,26,wipe,16:18,978,12830,Eco-Dome Al'dani,,,3:26 AM
ZyAK1YXpWj8HLFf3,1,kill,25:44,1544,12830,Eco-Dome Al'dani,,,10:30 PM
ZyAK1YXpWj8HLFf3,21,kill,24:36,1476,12830,Eco-Dome Al'dani,,,3:45 AM
PwqtbGaZn2R1HmJp,,wipe,22:56,1376,12830,Eco-Dome Al'dani,12,Tyrannical,5:50 PM
DaM6rYJ2gFd8CQkx,17,kill,25:05,1505,12830,Eco-Dome Al'dani,,,6:13 PM
DaM6rYJ2gFd8CQkx,16,wipe,8:36,516,12830,Eco-Dome Al'dani,,,6:04 PM
zT6x4DXCdYbPakKn,,kill,22:26,1346,12830,Eco-Dome Al'dani,12,,6:47 PM
bkqZrzwLX8dpWgn6,,kill,35:53,2153,12830,Eco-Dome Al'dani,17,Fortified,6:35 AM
AVrKXy1RWdnDBpTM,2,kill,27:54,1674,12830,Eco-Dome Al'dani,,,4:44 AM
AVrKXy1RWdnDBpTM,3,wipe,0:00,0,12830,Eco-Dome Al'dani,,,5:19 AM
xZacHRBv3m241bYW,,kill,31:48,1908,12830,Eco-Dome Al'dani,12,Fortified,1:17 AM
Lk43NWtqPwgvby21,,wipe,9:50,590,12830,Eco-Dome Al'dani,17,,6:24 PM
kdNAm4LnPjxvagbF,4,wipe,25:05,1505,12830,Eco-Dome Al'dani,,,2:46 PM
kdNAm4LnPjxvagbF,5,wipe,1:40,100,12830,Eco-Dome Al'dani,,,3:12 PM
kdNAm4LnPjxvagbF,6,wipe,25:32,1532,12830,Eco-Dome Al'dani,,,3:16 PM
kdNAm4LnPjxvagbF,7,wipe,5:15,315,12830,Eco-Dome Al'dani,,,3:46 PM
kdNAm4LnPjxvagbF,4,wipe,25:05,1505,12830,Eco-Dome Al'dani,,,2:46 PM
kdNAm4LnPjxvagbF,5,wipe,1:40,100,12830,Eco-Dome Al'dani,,,3:12 PM
kdNAm4LnPjxvagbF,6,wipe,25:32,1532,12830,Eco-Dome Al'dani,,,3:16 PM
kdNAm4LnPjxvagbF,7,wipe,5:15,315,12830,Eco-Dome Al'dani,,,3:46 PM
HjkRwK7Yq9r38cPt,1,wipe,10:05,605,12830,Eco-Dome Al'dani,,,3:08 PM
HjkRwK7Yq9r38cPt,2,wipe,4:21,261,12830,Eco-Dome Al'dani,,,3:18 PM
HjkRwK7Yq9r38cPt,1,wipe,10:05,605,12830,Eco-Dome Al'dani,,,3:08 PM
HjkRwK7Yq9r38cPt,2,wipe,4:21,261,12830,Eco-Dome Al'dani,,,3:18 PM
ND69kabL8GcKT4Mp,10,kill,30:41,1841,12830,Eco-Dome Al'dani,,,3:59 PM
ND69kabL8GcKT4Mp,2,wipe,1:07,67,12830,Eco-Dome Al'dani,,,1:14 PM
ND69kabL8GcKT4Mp,3,wipe,4:59,299,12830,Eco-Dome Al'dani,,,1:21 PM
ND69kabL8GcKT4Mp,4,wipe,10:02,602,12830,Eco-Dome Al'dani,,,1:40 PM
ND69kabL8GcKT4Mp,5,wipe,15:39,939,12830,Eco-Dome Al'dani,,,1:57 PM
ND69kabL8GcKT4Mp,8,wipe,30:11,1811,12830,Eco-Dome Al'dani,,,3:01 PM
ND69kabL8GcKT4Mp,9,wipe,4:31,271,12830,Eco-Dome Al'dani,,,3:31 PM
ND69kabL8GcKT4Mp,2,wipe,1:07,67,12830,Eco-Dome Al'dani,,,1:14 PM
ND69kabL8GcKT4Mp,3,wipe,4:59,299,12830,Eco-Dome Al'dani,,,1:21 PM
ND69kabL8GcKT4Mp,4,wipe,10:02,602,12830,Eco-Dome Al'dani,,,1:40 PM
ND69kabL8GcKT4Mp,5,wipe,15:39,939,12830,Eco-Dome Al'dani,,,1:57 PM
ND69kabL8GcKT4Mp,8,wipe,30:11,1811,12830,Eco-Dome Al'dani,,,3:01 PM
ND69kabL8GcKT4Mp,9,wipe,4:31,271,12830,Eco-Dome Al'dani,,,3:31 PM
ZAmHQkMB9xKdtvgC,4,kill,30:24,1824,12830,Eco-Dome Al'dani,,,6:38 PM
ZAmHQkMB9xKdtvgC,1,wipe,10:53,653,12830,Eco-Dome Al'dani,,,6:05 PM
ZAmHQkMB9xKdtvgC,2,wipe,2:28,148,12830,Eco-Dome Al'dani,,,6:16 PM
ZAmHQkMB9xKdtvgC,3,wipe,8:18,498,12830,Eco-Dome Al'dani,,,6:18 PM
ZAmHQkMB9xKdtvgC,1,wipe,10:53,653,12830,Eco-Dome Al'dani,,,6:05 PM
ZAmHQkMB9xKdtvgC,2,wipe,2:28,148,12830,Eco-Dome Al'dani,,,6:16 PM
ZAmHQkMB9xKdtvgC,3,wipe,8:18,498,12830,Eco-Dome Al'dani,,,6:18 PM
fyt9vHYVTbcCFAZg,,kill,28:29,1709,12830,Eco-Dome Al'dani,12,Fortified,4:33 AM
YMBXxyGpzr37FZwh,1,wipe,3:13,193,12830,Eco-Dome Al'dani,,,2:28 AM
YMBXxyGpzr37FZwh,2,wipe,7:44,464,12830,Eco-Dome Al'dani,,,2:31 AM
YMBXxyGpzr37FZwh,8,wipe,20:00,1200,12830,Eco-Dome Al'dani,,,5:52 AM
YMBXxyGpzr37FZwh,1,wipe,3:13,193,12830,Eco-Dome Al'dani,,,2:28 AM
YMBXxyGpzr37FZwh,2,wipe,7:44,464,12830,Eco-Dome Al'dani,,,2:31 AM
YMBXxyGpzr37FZwh,8,wipe,20:00,1200,12830,Eco-Dome Al'dani,,,5:52 AM
2HMNPnvmqTyKC6aZ,2,wipe,25:43,1543,12830,Eco-Dome Al'dani,,,8:49 PM
2HMNPnvmqTyKC6aZ,11,wipe,10:48,648,12830,Eco-Dome Al'dani,,,1:07 AM
2HMNPnvmqTyKC6aZ,12,wipe,9:39,579,12830,Eco-Dome Al'dani,,,1:18 AM
2HMNPnvmqTyKC6aZ,2,wipe,25:43,1543,12830,Eco-Dome Al'dani,,,8:49 PM
2HMNPnvmqTyKC6aZ,11,wipe,10:48,648,12830,Eco-Dome Al'dani,,,1:07 AM
2HMNPnvmqTyKC6aZ,12,wipe,9:39,579,12830,Eco-Dome Al'dani,,,1:18 AM
6B2qM3TcYftxFJpK,5,kill,36:16,2176,12830,Eco-Dome Al'dani,,,5:52 PM
6B2qM3TcYftxFJpK,1,wipe,10:22,622,12830,Eco-Dome Al'dani,,,4:27 PM
6B2qM3TcYftxFJpK,2,wipe,13:45,825,12830,Eco-Dome Al'dani,,,4:38 PM
6B2qM3TcYftxFJpK,10,wipe,16:11,971,12830,Eco-Dome Al'dani,,,7:49 PM
6B2qM3TcYftxFJpK,13,wipe,4:16,256,12830,Eco-Dome Al'dani,,,8:58 PM
6B2qM3TcYftxFJpK,14,wipe,5:34,334,12830,Eco-Dome Al'dani,,,9:02 PM
6B2qM3TcYftxFJpK,15,wipe,4:35,275,12830,Eco-Dome Al'dani,,,9:08 PM
6B2qM3TcYftxFJpK,16,wipe,3:22,202,12830,Eco-Dome Al'dani,,,9:12 PM
6B2qM3TcYftxFJpK,17,wipe,8:50,530,12830,Eco-Dome Al'dani,,,9:16 PM
6B2qM3TcYftxFJpK,18,wipe,16:59,1019,12830,Eco-Dome Al'dani,,,9:24 PM
6B2qM3TcYftxFJpK,20,wipe,12:19,739,12830,Eco-Dome Al'dani,,,10:51 PM
6B2qM3TcYftxFJpK,21,wipe,11:45,705,12830,Eco-Dome Al'dani,,,11:03 PM
6B2qM3TcYftxFJpK,22,wipe,21:24,1284,12830,Eco-Dome Al'dani,,,11:15 PM
6B2qM3TcYftxFJpK,1,wipe,10:22,622,12830,Eco-Dome Al'dani,,,4:27 PM
6B2qM3TcYftxFJpK,2,wipe,13:45,825,12830,Eco-Dome Al'dani,,,4:38 PM
6B2qM3TcYftxFJpK,10,wipe,16:11,971,12830,Eco-Dome Al'dani,,,7:49 PM
6B2qM3TcYftxFJpK,13,wipe,4:16,256,12830,Eco-Dome Al'dani,,,8:58 PM
6B2qM3TcYftxFJpK,14,wipe,5:34,334,12830,Eco-Dome Al'dani,,,9:02 PM
6B2qM3TcYftxFJpK,15,wipe,4:35,275,12830,Eco-Dome Al'dani,,,9:08 PM
6B2qM3TcYftxFJpK,16,wipe,3:22,202,12830,Eco-Dome Al'dani,,,9:12 PM
6B2qM3TcYftxFJpK,17,wipe,8:50,530,12830,Eco-Dome Al'dani,,,9:16 PM
6B2qM3TcYftxFJpK,18,wipe,16:59,1019,12830,Eco-Dome Al'dani,,,9:24 PM
6B2qM3TcYftxFJpK,20,wipe,12:19,739,12830,Eco-Dome Al'dani,,,10:51 PM
6B2qM3TcYftxFJpK,21,wipe,11:45,705,12830,Eco-Dome Al'dani,,,11:03 PM
6B2qM3TcYftxFJpK,22,wipe,21:24,1284,12830,Eco-Dome Al'dani,,,11:15 PM
HP8xQGcChRXf63VB,,kill,26:48,1608,12830,Eco-Dome Al'dani,14,Fortified,10:53 PM
Pf3Qvp1Aqmy8agTj,,kill,27:10,1630,12830,Eco-Dome Al'dani,12,Fortified,9:02 PM
dJ8TPjrGxtCKN3g1,3,kill,19:24,1164,12830,Eco-Dome Al'dani,,,7:01 AM
dJ8TPjrGxtCKN3g1,14,kill,26:14,1574,12830,Eco-Dome Al'dani,,,9:13 AM
TPGZnkWz8KCthrM1,1,kill,28:48,1728,12830,Eco-Dome Al'dani,,,4:20 AM
TPGZnkWz8KCthrM1,6,kill,25:39,1539,12830,Eco-Dome Al'dani,,,5:26 AM
TPGZnkWz8KCthrM1,4,wipe,2:06,126,12830,Eco-Dome Al'dani,,,5:04 AM
TPGZnkWz8KCthrM1,5,wipe,7:03,423,12830,Eco-Dome Al'dani,,,5:13 AM
TPGZnkWz8KCthrM1,4,wipe,2:06,126,12830,Eco-Dome Al'dani,,,5:04 AM
TPGZnkWz8KCthrM1,5,wipe,7:03,423,12830,Eco-Dome Al'dani,,,5:13 AM
VGkN9TWnqKxPAzQ6,,kill,35:16,2116,12830,Eco-Dome Al'dani,12,Tyrannical,6:10 AM
3Arz2FntT9pkW8mV,1,wipe,16:10,970,12830,Eco-Dome Al'dani,,,1:36 AM
3Arz2FntT9pkW8mV,2,wipe,13:27,807,12830,Eco-Dome Al'dani,,,2:00 AM
3Arz2FntT9pkW8mV,3,wipe,3:14,194,12830,Eco-Dome Al'dani,,,2:26 AM
3Arz2FntT9pkW8mV,4,wipe,2:05,125,12830,Eco-Dome Al'dani,,,2:29 AM
3Arz2FntT9pkW8mV,1,wipe,16:10,970,12830,Eco-Dome Al'dani,,,1:36 AM
3Arz2FntT9pkW8mV,2,wipe,13:27,807,12830,Eco-Dome Al'dani,,,2:00 AM
3Arz2FntT9pkW8mV,3,wipe,3:14,194,12830,Eco-Dome Al'dani,,,2:26 AM
3Arz2FntT9pkW8mV,4,wipe,2:05,125,12830,Eco-Dome Al'dani,,,2:29 AM
AHm3XJhGYMpdQbWK,3,kill,28:13,1693,12830,Eco-Dome Al'dani,,,12:57 AM
AHm3XJhGYMpdQbWK,8,wipe,12:46,766,12830,Eco-Dome Al'dani,,,3:09 AM
qbpHFDk9WYnCVTPM,1,kill,34:34,2074,12830,Eco-Dome Al'dani,,,7:14 PM
qbpHFDk9WYnCVTPM,12,kill,25:33,1533,12830,Eco-Dome Al'dani,,,9:09 PM
AgtyaM1YTGV3QjHb,1,wipe,9:48,588,12830,Eco-Dome Al'dani,,,6:06 PM
AgtyaM1YTGV3QjHb,2,wipe,4:03,243,12830,Eco-Dome Al'dani,,,6:16 PM
AgtyaM1YTGV3QjHb,3,wipe,9:58,598,12830,Eco-Dome Al'dani,,,6:20 PM
AgtyaM1YTGV3QjHb,4,wipe,1:38,98,12830,Eco-Dome Al'dani,,,6:44 PM
AgtyaM1YTGV3QjHb,5,wipe,8:56,536,12830,Eco-Dome Al'dani,,,6:54 PM
AgtyaM1YTGV3QjHb,6,wipe,11:20,680,12830,Eco-Dome Al'dani,,,7:03 PM
AgtyaM1YTGV3QjHb,1,wipe,9:48,588,12830,Eco-Dome Al'dani,,,6:06 PM
AgtyaM1YTGV3QjHb,2,wipe,4:03,243,12830,Eco-Dome Al'dani,,,6:16 PM
AgtyaM1YTGV3QjHb,3,wipe,9:58,598,12830,Eco-Dome Al'dani,,,6:20 PM
AgtyaM1YTGV3QjHb,4,wipe,1:38,98,12830,Eco-Dome Al'dani,,,6:44 PM
AgtyaM1YTGV3QjHb,5,wipe,8:56,536,12830,Eco-Dome Al'dani,,,6:54 PM
AgtyaM1YTGV3QjHb,6,wipe,11:20,680,12830,Eco-Dome Al'dani,,,7:03 PM
91NA8JrHfPtVD63q,4,kill,25:31,1531,12830,Eco-Dome Al'dani,,,4:59 PM
91NA8JrHfPtVD63q,6,kill,22:43,1363,12830,Eco-Dome Al'dani,,,6:43 PM
91NA8JrHfPtVD63q,5,wipe,4:19,259,12830,Eco-Dome Al'dani,,,6:39 PM
jpYAhLHQMFz4xGT9,6,wipe,4:56,296,12830,Eco-Dome Al'dani,,,3:52 PM
jpYAhLHQMFz4xGT9,7,wipe,2:51,171,12830,Eco-Dome Al'dani,,,3:57 PM
jpYAhLHQMFz4xGT9,8,wipe,1:07,67,12830,Eco-Dome Al'dani,,,4:00 PM
jpYAhLHQMFz4xGT9,6,wipe,4:56,296,12830,Eco-Dome Al'dani,,,3:52 PM
jpYAhLHQMFz4xGT9,7,wipe,2:51,171,12830,Eco-Dome Al'dani,,,3:57 PM
jpYAhLHQMFz4xGT9,8,wipe,1:07,67,12830,Eco-Dome Al'dani,,,4:00 PM
4kZWpMABV82GXr3Y,9,kill,36:56,2216,12830,Eco-Dome Al'dani,,,4:37 PM
4kZWpMABV82GXr3Y,7,wipe,19:36,1176,12830,Eco-Dome Al'dani,,,4:13 PM
4kZWpMABV82GXr3Y,8,wipe,3:41,221,12830,Eco-Dome Al'dani,,,4:33 PM
4kZWpMABV82GXr3Y,7,wipe,19:36,1176,12830,Eco-Dome Al'dani,,,4:13 PM
4kZWpMABV82GXr3Y,8,wipe,3:41,221,12830,Eco-Dome Al'dani,,,4:33 PM
9RfnvKzqbJx6Xam3,2,kill,35:00,2100,12830,Eco-Dome Al'dani,,,2:13 PM
9RfnvKzqbJx6Xam3,1,wipe,6:44,404,12830,Eco-Dome Al'dani,,,2:04 PM
8gB1xhaHWpyvjw26,,kill,25:21,1521,12830,Eco-Dome Al'dani,14,Fortified,12:07 AM
G8nvB3jTbXz7LDYr,6,wipe,5:29,329,12830,Eco-Dome Al'dani,,,3:29 AM
G8nvB3jTbXz7LDYr,7,wipe,6:06,366,12830,Eco-Dome Al'dani,,,3:34 AM
G8nvB3jTbXz7LDYr,11,wipe,5:41,341,12830,Eco-Dome Al'dani,,,5:19 AM
G8nvB3jTbXz7LDYr,12,wipe,5:28,328,12830,Eco-Dome Al'dani,,,5:25 AM
G8nvB3jTbXz7LDYr,6,wipe,5:29,329,12830,Eco-Dome Al'dani,,,3:29 AM
G8nvB3jTbXz7LDYr,7,wipe,6:06,366,12830,Eco-Dome Al'dani,,,3:34 AM
G8nvB3jTbXz7LDYr,11,wipe,5:41,341,12830,Eco-Dome Al'dani,,,5:19 AM
G8nvB3jTbXz7LDYr,12,wipe,5:28,328,12830,Eco-Dome Al'dani,,,5:25 AM
XDPyhYQrbxjVvw73,10,kill,25:25,1525,12830,Eco-Dome Al'dani,,,6:54 PM
XDPyhYQrbxjVvw73,7,wipe,3:05,185,12830,Eco-Dome Al'dani,,,6:45 PM
XDPyhYQrbxjVvw73,8,wipe,2:25,145,12830,Eco-Dome Al'dani,,,6:49 PM
XDPyhYQrbxjVvw73,9,wipe,3:07,187,12830,Eco-Dome Al'dani,,,6:51 PM
XDPyhYQrbxjVvw73,7,wipe,3:05,185,12830,Eco-Dome Al'dani,,,6:45 PM
XDPyhYQrbxjVvw73,8,wipe,2:25,145,12830,Eco-Dome Al'dani,,,6:49 PM
XDPyhYQrbxjVvw73,9,wipe,3:07,187,12830,Eco-Dome Al'dani,,,6:51 PM
71bkxncVwgTPz2Fa,10,kill,31:55,1915,12830,Eco-Dome Al'dani,,,3:23 PM
71bkxncVwgTPz2Fa,18,kill,36:44,2204,12830,Eco-Dome Al'dani,,,5:57 PM
71bkxncVwgTPz2Fa,30,kill,32:27,1947,12830,Eco-Dome Al'dani,,,10:44 PM
71bkxncVwgTPz2Fa,29,wipe,7:18,438,12830,Eco-Dome Al'dani,,,10:36 PM
jA3NLWp7fFkg16tX,3,kill,50:53,3053,12830,Eco-Dome Al'dani,,,3:37 PM
jA3NLWp7fFkg16tX,1,wipe,4:06,246,12830,Eco-Dome Al'dani,,,3:30 PM
jA3NLWp7fFkg16tX,2,wipe,2:32,152,12830,Eco-Dome Al'dani,,,3:34 PM
jA3NLWp7fFkg16tX,1,wipe,4:06,246,12830,Eco-Dome Al'dani,,,3:30 PM
jA3NLWp7fFkg16tX,2,wipe,2:32,152,12830,Eco-Dome Al'dani,,,3:34 PM
8kdvPVzT3ytHBXbg,,kill,29:12,1752,12830,Eco-Dome Al'dani,16,Fortified,5:48 PM
anLgHdvAJm2f8tqD,8,kill,29:12,1752,12830,Eco-Dome Al'dani,,,5:48 PM
anLgHdvAJm2f8tqD,9,wipe,0:00,0,12830,Eco-Dome Al'dani,,,6:23 PM
FJ2N4xMfw8qt9nYr,2,kill,19:28,1168,12830,Eco-Dome Al'dani,,,10:18 AM
FJ2N4xMfw8qt9nYr,12,kill,24:36,1476,12830,Eco-Dome Al'dani,,,3:00 PM
FJ2N4xMfw8qt9nYr,9,wipe,10:08,608,12830,Eco-Dome Al'dani,,,2:39 PM
FJ2N4xMfw8qt9nYr,10,wipe,7:58,478,12830,Eco-Dome Al'dani,,,2:49 PM
FJ2N4xMfw8qt9nYr,11,wipe,3:15,195,12830,Eco-Dome Al'dani,,,2:57 PM
FJ2N4xMfw8qt9nYr,9,wipe,10:08,608,12830,Eco-Dome Al'dani,,,2:39 PM
FJ2N4xMfw8qt9nYr,10,wipe,7:58,478,12830,Eco-Dome Al'dani,,,2:49 PM
FJ2N4xMfw8qt9nYr,11,wipe,3:15,195,12830,Eco-Dome Al'dani,,,2:57 PM
7vrfQVTDY8qgdt4C,4,kill,32:20,1940,12830,Eco-Dome Al'dani,,,4:04 PM
7vrfQVTDY8qgdt4C,3,wipe,3:11,191,12830,Eco-Dome Al'dani,,,4:01 PM
rkNaf3jFBZPzWmCx,,kill,26:37,1597,12830,Eco-Dome Al'dani,15,Tyrannical,10:09 AM
Bqtc26pZxKCQgX31,6,kill,28:41,1721,12830,Eco-Dome Al'dani,,,6:13 AM
Bqtc26pZxKCQgX31,11,kill,42:14,2534,12830,Eco-Dome Al'dani,,,8:56 AM
qa3w7J4tbYFQAMr9,,kill,24:51,1491,12830,Eco-Dome Al'dani,12,Tyrannical,7:10 AM
zT6GA8KQhWjrvpVm,11,kill,35:12,2112,12830,Eco-Dome Al'dani,,,5:44 AM
zT6GA8KQhWjrvpVm,2,wipe,1:19,79,12830,Eco-Dome Al'dani,,,4:17 AM
zT6GA8KQhWjrvpVm,3,wipe,5:50,350,12830,Eco-Dome Al'dani,,,4:20 AM
zT6GA8KQhWjrvpVm,4,wipe,8:48,528,12830,Eco-Dome Al'dani,,,4:26 AM
zT6GA8KQhWjrvpVm,5,wipe,2:17,137,12830,Eco-Dome Al'dani,,,4:40 AM
zT6GA8KQhWjrvpVm,6,wipe,0:00,0,12830,Eco-Dome Al'dani,,,4:48 AM
zT6GA8KQhWjrvpVm,7,wipe,3:21,201,12830,Eco-Dome Al'dani,,,4:49 AM
zT6GA8KQhWjrvpVm,8,wipe,8:11,491,12830,Eco-Dome Al'dani,,,4:52 AM
zT6GA8KQhWjrvpVm,9,wipe,8:06,486,12830,Eco-Dome Al'dani,,,5:01 AM
zT6GA8KQhWjrvpVm,10,wipe,7:09,429,12830,Eco-Dome Al'dani,,,5:23 AM
zT6GA8KQhWjrvpVm,2,wipe,1:19,79,12830,Eco-Dome Al'dani,,,4:17 AM
zT6GA8KQhWjrvpVm,3,wipe,5:50,350,12830,Eco-Dome Al'dani,,,4:20 AM
zT6GA8KQhWjrvpVm,4,wipe,8:48,528,12830,Eco-Dome Al'dani,,,4:26 AM
zT6GA8KQhWjrvpVm,5,wipe,2:17,137,12830,Eco-Dome Al'dani,,,4:40 AM
zT6GA8KQhWjrvpVm,6,wipe,0:00,0,12830,Eco-Dome Al'dani,,,4:48 AM
zT6GA8KQhWjrvpVm,7,wipe,3:21,201,12830,Eco-Dome Al'dani,,,4:49 AM
zT6GA8KQhWjrvpVm,8,wipe,8:11,491,12830,Eco-Dome Al'dani,,,4:52 AM
zT6GA8KQhWjrvpVm,9,wipe,8:06,486,12830,Eco-Dome Al'dani,,,5:01 AM
zT6GA8KQhWjrvpVm,10,wipe,7:09,429,12830,Eco-Dome Al'dani,,,5:23 AM
7VLdhmrXgMtAbyjw,3,kill,34:19,2059,12830,Eco-Dome Al'dani,,,5:53 PM
7VLdhmrXgMtAbyjw,17,kill,36:18,2178,12830,Eco-Dome Al'dani,,,10:51 PM
7VLdhmrXgMtAbyjw,2,wipe,24:24,1464,12830,Eco-Dome Al'dani,,,5:24 PM
ybVqak4JCL9cHQnX,,kill,28:16,1696,12830,Eco-Dome Al'dani,15,Tyrannical,6:32 PM
fmwAHk27PpTCYy8N,,kill,34:16,2056,12830,Eco-Dome Al'dani,14,Fortified,4:24 PM
Aqc3QM2rvV6gb4jp,,kill,29:24,1764,12830,Eco-Dome Al'dani,16,Fortified,9:37 AM
kaqhmPQBW7fgrtw2,,kill,30:23,1823,12830,Eco-Dome Al'dani,12,Fortified,4:32 AM
Y9CPNfa17cwMrjFq,6,kill,27:50,1670,12830,Eco-Dome Al'dani,,,6:59 AM
Y9CPNfa17cwMrjFq,1,wipe,10:29,629,12830,Eco-Dome Al'dani,,,2:09 AM
Y9CPNfa17cwMrjFq,2,wipe,21:13,1273,12830,Eco-Dome Al'dani,,,3:55 AM
Y9CPNfa17cwMrjFq,1,wipe,10:29,629,12830,Eco-Dome Al'dani,,,2:09 AM
Y9CPNfa17cwMrjFq,2,wipe,21:13,1273,12830,Eco-Dome Al'dani,,,3:55 AM
B6QJ9CadY2RbA7yD,2,kill,34:04,2044,12830,Eco-Dome Al'dani,,,1:02 AM
B6QJ9CadY2RbA7yD,24,kill,38:13,2293,12830,Eco-Dome Al'dani,,,5:33 AM
B6QJ9CadY2RbA7yD,1,wipe,6:16,376,12830,Eco-Dome Al'dani,,,12:56 AM
Lkr4X2W8wy6RNbfq,,kill,35:47,2147,12830,Eco-Dome Al'dani,12,Fortified,5:45 AM
4N9Y68Dwz1xRHXkr,7,kill,31:34,1894,12830,Eco-Dome Al'dani,,,12:14 AM
4N9Y68Dwz1xRHXkr,6,wipe,15:19,919,12830,Eco-Dome Al'dani,,,11:59 PM
XFKPjqdfJVcRYHMG,,kill,26:49,1609,12830,Eco-Dome Al'dani,16,Fortified,8:43 AM
7LKgDPfNYrXC1jwq,10,kill,32:36,1956,12830,Eco-Dome Al'dani,,,10:03 PM
7LKgDPfNYrXC1jwq,22,wipe,17:59,1079,12830,Eco-Dome Al'dani,,,2:50 AM
7LKgDPfNYrXC1jwq,23,wipe,37:40,2260,12830,Eco-Dome Al'dani,,,3:08 AM
7LKgDPfNYrXC1jwq,22,wipe,17:59,1079,12830,Eco-Dome Al'dani,,,2:50 AM
7LKgDPfNYrXC1jwq,23,wipe,37:40,2260,12830,Eco-Dome Al'dani,,,3:08 AM
B3pn2x94AchwbL86,,kill,27:31,1651,12830,Eco-Dome Al'dani,12,Fortified,3:05 AM
y8ZV7YXnNG9raWxv,,kill,29:38,1778,12830,Eco-Dome Al'dani,16,Fortified,3:52 AM
ZChrzxwgYj92cnv8,,kill,22:10,1330,12830,Eco-Dome Al'dani,14,,2:22 AM
8CG3TZLr4wBFnRQK,,kill,22:10,1330,12830,Eco-Dome Al'dani,14,,2:22 AM
Pft9kVcwp48ra7yK,,wipe,12:02,722,12830,Eco-Dome Al'dani,12,Fortified,8:08 PM
DcBN1vzKWHCpJY6G,,kill,28:51,1731,12830,Eco-Dome Al'dani,18,Fortified,8:55 PM
GTfLc9mhaZzApdrg,7,kill,26:07,1567,12830,Eco-Dome Al'dani,,,8:54 PM
GTfLc9mhaZzApdrg,4,wipe,20:44,1244,12830,Eco-Dome Al'dani,,,8:06 PM
kx7TMD2fWFA18bJr,,wipe,8:22,502,12830,Eco-Dome Al'dani,15,Fortified,7:34 PM
NDKbxWCh6L1yFX23,,kill,30:03,1803,12830,Eco-Dome Al'dani,17,Fortified,5:50 PM
qarMPC6xpAQVBgb7,3,kill,29:35,1775,12830,Eco-Dome Al'dani,,,3:19 PM
qarMPC6xpAQVBgb7,9,kill,30:03,1803,12830,Eco-Dome Al'dani,,,5:50 PM
qarMPC6xpAQVBgb7,1,wipe,21:45,1305,12830,Eco-Dome Al'dani,,,2:52 PM
qarMPC6xpAQVBgb7,2,wipe,5:28,328,12830,Eco-Dome Al'dani,,,3:14 PM
qarMPC6xpAQVBgb7,1,wipe,21:45,1305,12830,Eco-Dome Al'dani,,,2:52 PM
qarMPC6xpAQVBgb7,2,wipe,5:28,328,12830,Eco-Dome Al'dani,,,3:14 PM
XGycfP9HqtTkRVg3,,kill,30:03,1803,12830,Eco-Dome Al'dani,17,Fortified,5:50 PM
tPpqnVGcKaFY4zXr,,kill,27:01,1621,12830,Eco-Dome Al'dani,12,Tyrannical,3:59 PM
DRAZkmHb4YFpW6PJ,5,kill,29:35,1775,12830,Eco-Dome Al'dani,,,3:19 PM
DRAZkmHb4YFpW6PJ,2,wipe,4:54,294,12830,Eco-Dome Al'dani,,,2:30 PM
DRAZkmHb4YFpW6PJ,3,wipe,21:45,1305,12830,Eco-Dome Al'dani,,,2:52 PM
DRAZkmHb4YFpW6PJ,4,wipe,5:28,328,12830,Eco-Dome Al'dani,,,3:14 PM
DRAZkmHb4YFpW6PJ,2,wipe,4:54,294,12830,Eco-Dome Al'dani,,,2:30 PM
DRAZkmHb4YFpW6PJ,3,wipe,21:45,1305,12830,Eco-Dome Al'dani,,,2:52 PM
DRAZkmHb4YFpW6PJ,4,wipe,5:28,328,12830,Eco-Dome Al'dani,,,3:14 PM
2qRQgtBAkVa4XK6j,,kill,28:49,1729,12830,Eco-Dome Al'dani,14,Tyrannical,2:17 PM
K4CTnAQ7gb2VBFLp,4,kill,38:32,2312,12830,Eco-Dome Al'dani,,,11:19 AM
K4CTnAQ7gb2VBFLp,2,wipe,21:37,1297,12830,Eco-Dome Al'dani,,,10:34 AM
K4CTnAQ7gb2VBFLp,3,wipe,23:22,1402,12830,Eco-Dome Al'dani,,,10:55 AM
K4CTnAQ7gb2VBFLp,2,wipe,21:37,1297,12830,Eco-Dome Al'dani,,,10:34 AM
K4CTnAQ7gb2VBFLp,3,wipe,23:22,1402,12830,Eco-Dome Al'dani,,,10:55 AM
FHMbqBRVrgkhfm2d,,kill,19:31,1171,12830,Eco-Dome Al'dani,12,,11:03 AM
hpxQRL6GbcVqNjFk,,kill,30:16,1816,12830,Eco-Dome Al'dani,15,Tyrannical,8:45 AM
pDLY4jmrhcgy7KqG,,kill,42:19,2539,12830,Eco-Dome Al'dani,16,Tyrannical,3:57 AM
dPvjVZrJTwf9GRYp,,kill,23:24,1404,12830,Eco-Dome Al'dani,12,Tyrannical,12:41 AM
2j8hLdZyNaD6GvVm,1,kill,23:01,1381,12830,Eco-Dome Al'dani,,,8:49 PM
2j8hLdZyNaD6GvVm,11,kill,40:00,2400,12830,Eco-Dome Al'dani,,,11:00 PM
mdGTFpCaR2yvL38V,,kill,21:19,1279,12830,Eco-Dome Al'dani,10,Xal'atath's Bargain: Pulsar,4:41 PM
Gv76tMKa9FCxwmL4,,kill,38:03,2283,12830,Eco-Dome Al'dani,10,Xal'atath's Bargain: Pulsar,10:18 PM
76tLBFrACW3vYTm1,,kill,26:24,1584,12830,Eco-Dome Al'dani,14,Tyrannical,10:05 PM
34ZtVj8FpDN67gMW,,wipe,0:00,0,12830,Eco-Dome Al'dani,2,,8:31 PM
3xtDgn7XqHMvFRL2,,wipe,0:00,0,12830,Eco-Dome Al'dani,2,,8:31 PM
M87dngfC4qcZWVAz,2,kill,29:08,1748,12830,Eco-Dome Al'dani,,,2:02 PM
M87dngfC4qcZWVAz,1,wipe,11:28,688,12830,Eco-Dome Al'dani,,,1:51 PM
RfpZTXP4kDhtAKQB,,kill,21:19,1279,12830,Eco-Dome Al'dani,10,Xal'atath's Bargain: Pulsar,4:41 PM
QrmtnpbkjJy2DMGw,,kill,24:59,1499,12830,Eco-Dome Al'dani,15,,3:43 PM
fZWVzxrtjTBJK4mv,,kill,24:59,1499,12830,Eco-Dome Al'dani,15,,3:43 PM
2hdDNw1XZMP9kmrT,,kill,30:17,1817,12830,Eco-Dome Al'dani,16,Fortified,2:24 PM
VPTdALC1mRtMFjHw,,kill,23:47,1427,12830,Eco-Dome Al'dani,14,Fortified,11:16 AM
MXDRcqCp3h28bf6P,1,wipe,2:05,125,12830,Eco-Dome Al'dani,,,12:32 PM
MXDRcqCp3h28bf6P,2,wipe,8:44,524,12830,Eco-Dome Al'dani,,,12:55 PM
MXDRcqCp3h28bf6P,1,wipe,2:05,125,12830,Eco-Dome Al'dani,,,12:32 PM
MXDRcqCp3h28bf6P,2,wipe,8:44,524,12830,Eco-Dome Al'dani,,,12:55 PM
xvZYKHfMnjycAWqk,,wipe,0:45,45,12830,Eco-Dome Al'dani,6:41,,6:41 AM
3RZvbfWrHpVCY68y,,kill,23:47,1427,12830,Eco-Dome Al'dani,14,Fortified,11:16 AM
NxthQCgFr2DP4AjR,,kill,33:35,2015,12830,Eco-Dome Al'dani,16,,10:05 AM
MXRyjpBgZxnQPvr3,6,kill,35:24,2124,12830,Eco-Dome Al'dani,,,7:59 AM
MXRyjpBgZxnQPvr3,2,wipe,20:14,1214,12830,Eco-Dome Al'dani,,,7:12 AM
MXRyjpBgZxnQPvr3,5,wipe,3:39,219,12830,Eco-Dome Al'dani,,,7:56 AM
MXRyjpBgZxnQPvr3,2,wipe,20:14,1214,12830,Eco-Dome Al'dani,,,7:12 AM
MXRyjpBgZxnQPvr3,5,wipe,3:39,219,12830,Eco-Dome Al'dani,,,7:56 AM
aqGQH1xmTWd9AjrN,,wipe,20:14,1214,12830,Eco-Dome Al'dani,14,Fortified,7:12 AM
FTrZNwYCbtfQy8mK,,wipe,0:00,0,12830,Eco-Dome Al'dani,2,,7:02 AM
hdn6HpBLWMbxmG49,,kill,23:06,1386,12830,Eco-Dome Al'dani,12,Fortified,3:52 AM
PTgFVBMKdXQhZb6H,,wipe,0:00,0,12830,Eco-Dome Al'dani,2,,6:37 AM
h1QWRLn9bCg7yABV,,wipe,0:00,0,12830,Eco-Dome Al'dani,2,,6:37 AM
Hm4nxDvwaQqJp3jW,,wipe,29:08,1748,12830,Eco-Dome Al'dani,15,Fortified,5:59 AM
hZQdva3BpxktjJTm,,kill,23:42,1422,12830,Eco-Dome Al'dani,13,,3:00 AM
TkCxfbYQ8yR26wKW,4,kill,36:07,2167,12830,Eco-Dome Al'dani,,,4:27 AM
TkCxfbYQ8yR26wKW,3,wipe,2:58,178,12830,Eco-Dome Al'dani,,,4:24 AM
cPgxTbvpwRHZ4yLX,,kill,28:38,1718,12830,Eco-Dome Al'dani,15,Fortified,3:29 AM
aMK9w4XQ3b2gBq8V,,wipe,0:00,0,12830,Eco-Dome Al'dani,2,,2:32 AM
jD92nF6g37tcCapW,,kill,29:20,1760,12830,Eco-Dome Al'dani,19,Fortified,2:06 AM
aD8XfBGYQbn2tTWR,1,kill,31:27,1887,12830,Eco-Dome Al'dani,,,12:38 AM
aD8XfBGYQbn2tTWR,2,kill,31:35,1895,12830,Eco-Dome Al'dani,,,2:23 AM
BPYNDHk7xTfZ1z42,,wipe,0:00,0,12830,Eco-Dome Al'dani,17,,2:40 AM
YvqkRM3WCrdzAjQJ,,kill,29:20,1760,12830,Eco-Dome Al'dani,19,Fortified,2:06 AM
zxTwjMk3VXtq6v2f,,kill,31:27,1887,12830,Eco-Dome Al'dani,17,Fortified,12:38 AM
WyzgA29XhbjH8PLF,,kill,29:00,1740,12830,Eco-Dome Al'dani,15,Fortified,1:12 AM
xhpkY7qMZd8jDacJ,2,kill,22:35,1355,12830,Eco-Dome Al'dani,,,7:54 PM
xhpkY7qMZd8jDacJ,4,kill,26:25,1585,12830,Eco-Dome Al'dani,,,8:28 PM
xhpkY7qMZd8jDacJ,1,wipe,4:49,289,12830,Eco-Dome Al'dani,,,7:41 PM
djLcQZHwtqN8WXRM,3,kill,22:35,1355,12830,Eco-Dome Al'dani,,,7:54 PM
djLcQZHwtqN8WXRM,5,kill,26:25,1585,12830,Eco-Dome Al'dani,,,8:28 PM
djLcQZHwtqN8WXRM,2,wipe,4:49,289,12830,Eco-Dome Al'dani,,,7:41 PM
Vag8Rw6CGXyxHZKp,2,kill,27:43,1663,12830,Eco-Dome Al'dani,,,5:22 AM
Vag8Rw6CGXyxHZKp,3,kill,23:40,1420,12830,Eco-Dome Al'dani,,,5:58 AM
Vag8Rw6CGXyxHZKp,1,wipe,9:39,579,12830,Eco-Dome Al'dani,,,4:58 AM
pVrLHdxW1qTgDZYK,,wipe,9:01,541,12830,Eco-Dome Al'dani,12,Tyrannical,8:36 AM
dVpJg7GzaCyckDNx,,kill,28:47,1727,12830,Eco-Dome Al'dani,12,,6:12 PM
4HWbfrkQTnCxLA2Y,,kill,27:46,1666,12830,Eco-Dome Al'dani,18,Fortified,5:31 PM
HaxZ7A14jfn6TDzc,,kill,28:45,1725,12830,Eco-Dome Al'dani,17,Fortified,5:32 PM
N2kcHGP1F4LhjBtA,,kill,30:23,1823,12830,Eco-Dome Al'dani,13,Tyrannical,3:07 AM
bfZD9RXMKJP6dxGT,,kill,29:37,1777,12830,Eco-Dome Al'dani,12,Tyrannical,4:49 PM
V3AmD4cvQqnKX7FH,,wipe,15:27,927,12830,Eco-Dome Al'dani,12,Tyrannical,11:10 AM
QzMZGWqmKDXBNYrT,,wipe,15:27,927,12830,Eco-Dome Al'dani,12,Tyrannical,11:10 AM
ZyvAG8xCDmjRzhTN,,kill,23:58,1438,12830,Eco-Dome Al'dani,14,Tyrannical,6:38 AM
VzkHBYRphvcg3TAq,,kill,30:06,1806,12830,Eco-Dome Al'dani,12,Tyrannical,6:52 AM
W19f2NnKzTqdgZbJ,2,kill,27:43,1663,12830,Eco-Dome Al'dani,,,5:22 AM
W19f2NnKzTqdgZbJ,3,kill,23:40,1420,12830,Eco-Dome Al'dani,,,5:58 AM
W19f2NnKzTqdgZbJ,1,wipe,9:39,579,12830,Eco-Dome Al'dani,,,4:58 AM
qT2fdk8XhBtgnANz,,kill,28:40,1720,12830,Eco-Dome Al'dani,15,Tyrannical,5:23 AM
jqHhaw93ZMKTJ7cn,2,kill,27:43,1663,12830,Eco-Dome Al'dani,,,5:22 AM
jqHhaw93ZMKTJ7cn,1,wipe,9:39,579,12830,Eco-Dome Al'dani,,,4:58 AM
Ha3hn2QVYWqXTtgk,,wipe,9:39,579,12830,Eco-Dome Al'dani,15,Tyrannical,4:58 AM
ZpDajrWXK42HgLkR,1,kill,28:59,1739,12830,Eco-Dome Al'dani,,,5:28 PM
ZpDajrWXK42HgLkR,74,kill,23:37,1417,12830,Eco-Dome Al'dani,,,11:40 PM
ZpDajrWXK42HgLkR,73,wipe,15:50,950,12830,Eco-Dome Al'dani,,,11:24 PM
VqkA7vQtnPpz68r2,4,kill,30:03,1803,12830,Eco-Dome Al'dani,,,8:25 PM
VqkA7vQtnPpz68r2,1,wipe,12:58,778,12830,Eco-Dome Al'dani,,,7:57 PM
VqkA7vQtnPpz68r2,2,wipe,1:17,77,12830,Eco-Dome Al'dani,,,8:10 PM
VqkA7vQtnPpz68r2,3,wipe,10:04,604,12830,Eco-Dome Al'dani,,,8:14 PM
VqkA7vQtnPpz68r2,1,wipe,12:58,778,12830,Eco-Dome Al'dani,,,7:57 PM
VqkA7vQtnPpz68r2,2,wipe,1:17,77,12830,Eco-Dome Al'dani,,,8:10 PM
VqkA7vQtnPpz68r2,3,wipe,10:04,604,12830,Eco-Dome Al'dani,,,8:14 PM
1tAVWr2cDLJ4MpZ6,,kill,28:22,1702,12830,Eco-Dome Al'dani,10,Xal'atath's Bargain: Ascendant,5:50 PM
9bkP3YRQtzmTjKnN,,kill,28:22,1702,12830,Eco-Dome Al'dani,10,Xal'atath's Bargain: Ascendant,5:50 PM
YZNRaVPtTrC7hDzk,,kill,28:22,1702,12830,Eco-Dome Al'dani,10,Xal'atath's Bargain: Ascendant,5:50 PM
XxFpTNz7RB8t4a96,,kill,24:28,1468,12830,Eco-Dome Al'dani,14,Fortified,4:47 PM
a3FQfrPCvLD6zb1J,,kill,22:28,1348,12830,Eco-Dome Al'dani,16,,10:46 AM
xVwkGQ78qBYyCzvr,,kill,31:01,1861,12830,Eco-Dome Al'dani,15,Fortified,10:54 AM
xzdw7NPcv9nJj6mW,4,kill,30:37,1837,12830,Eco-Dome Al'dani,,,7:59 AM
xzdw7NPcv9nJj6mW,3,wipe,4:03,243,12830,Eco-Dome Al'dani,,,7:55 AM
kAZBx1jCM63dPF2b,,kill,26:21,1581,12830,Eco-Dome Al'dani,14,Fortified,6:44 AM
ZdgwXcNvrxa4GMfm,17,kill,26:21,1581,12830,Eco-Dome Al'dani,,,6:44 AM
ZdgwXcNvrxa4GMfm,16,wipe,1:45,105,12830,Eco-Dome Al'dani,,,6:38 AM
c3GTHwP9jRAkfrpY,1,wipe,9:48,588,12830,Eco-Dome Al'dani,,,4:53 AM
c3GTHwP9jRAkfrpY,2,wipe,26:10,1570,12830,Eco-Dome Al'dani,,,5:02 AM
c3GTHwP9jRAkfrpY,1,wipe,9:48,588,12830,Eco-Dome Al'dani,,,4:53 AM
c3GTHwP9jRAkfrpY,2,wipe,26:10,1570,12830,Eco-Dome Al'dani,,,5:02 AM
CZazPrqvk72fg4Nw,,kill,23:13,1393,12830,Eco-Dome Al'dani,14,Fortified,3:51 AM
2WTDbrKcw7khNxCp,9,kill,28:57,1737,12830,Eco-Dome Al'dani,,,1:38 AM
2WTDbrKcw7khNxCp,4,wipe,2:57,177,12830,Eco-Dome Al'dani,,,12:30 AM
2WTDbrKcw7khNxCp,5,wipe,14:14,854,12830,Eco-Dome Al'dani,,,12:33 AM
2WTDbrKcw7khNxCp,6,wipe,9:23,563,12830,Eco-Dome Al'dani,,,1:03 AM
2WTDbrKcw7khNxCp,7,wipe,12:41,761,12830,Eco-Dome Al'dani,,,1:19 AM
2WTDbrKcw7khNxCp,4,wipe,2:57,177,12830,Eco-Dome Al'dani,,,12:30 AM
2WTDbrKcw7khNxCp,5,wipe,14:14,854,12830,Eco-Dome Al'dani,,,12:33 AM
2WTDbrKcw7khNxCp,6,wipe,9:23,563,12830,Eco-Dome Al'dani,,,1:03 AM
2WTDbrKcw7khNxCp,7,wipe,12:41,761,12830,Eco-Dome Al'dani,,,1:19 AM
tfxWyvbGX6d2kHmq,14,kill,30:56,1856,12830,Eco-Dome Al'dani,,,1:02 AM
tfxWyvbGX6d2kHmq,12,wipe,8:45,525,12830,Eco-Dome Al'dani,,,12:47 AM
tfxWyvbGX6d2kHmq,13,wipe,2:53,173,12830,Eco-Dome Al'dani,,,12:59 AM
tfxWyvbGX6d2kHmq,12,wipe,8:45,525,12830,Eco-Dome Al'dani,,,12:47 AM
tfxWyvbGX6d2kHmq,13,wipe,2:53,173,12830,Eco-Dome Al'dani,,,12:59 AM
3vgxYCWTG9BwJHqb,3,kill,36:48,2208,12830,Eco-Dome Al'dani,,,5:50 PM
3vgxYCWTG9BwJHqb,2,wipe,10:31,631,12830,Eco-Dome Al'dani,,,5:40 PM
L7q8bhVKmw6xtfnZ,,wipe,7:13,433,12830,Eco-Dome Al'dani,15,Fortified,5:40 PM
WafGtADMhrqpyH4K,,kill,20:18,1218,12830,Eco-Dome Al'dani,15,,10:55 AM
hPacVTK7j4nByzLW,,kill,26:47,1607,12830,Eco-Dome Al'dani,14,,9:14 AM
chFQ4qYCXfKp831B,,kill,28:49,1729,12830,Eco-Dome Al'dani,12,Tyrannical,8:31 AM
C9WRAQ18VdZy3ctr,,kill,24:39,1479,12830,Eco-Dome Al'dani,14,Tyrannical,8:34 AM
dBCL6rzPaKWVwHgY,,kill,24:39,1479,12830,Eco-Dome Al'dani,14,Tyrannical,8:35 AM
YKr7PZFzvTNMjVf4,,kill,24:39,1479,12830,Eco-Dome Al'dani,14,Tyrannical,8:34 AM
LdqPaT3VkwZJCtGb,,kill,24:39,1479,12830,Eco-Dome Al'dani,14,Tyrannical,8:35 AM
xRYLhZaH6gPD4Mf9,14,kill,23:12,1392,12830,Eco-Dome Al'dani,,,11:31 PM
xRYLhZaH6gPD4Mf9,19,kill,28:00,1680,12830,Eco-Dome Al'dani,,,5:04 AM
xRYLhZaH6gPD4Mf9,1,wipe,17:31,1051,12830,Eco-Dome Al'dani,,,7:15 PM
xRYLhZaH6gPD4Mf9,10,wipe,9:26,566,12830,Eco-Dome Al'dani,,,2:01 AM
xRYLhZaH6gPD4Mf9,11,wipe,5:08,308,12830,Eco-Dome Al'dani,,,2:10 AM
xRYLhZaH6gPD4Mf9,1,wipe,17:31,1051,12830,Eco-Dome Al'dani,,,7:15 PM
xRYLhZaH6gPD4Mf9,10,wipe,9:26,566,12830,Eco-Dome Al'dani,,,2:01 AM
xRYLhZaH6gPD4Mf9,11,wipe,5:08,308,12830,Eco-Dome Al'dani,,,2:10 AM
x9whL7KkNH641zBV,8,kill,27:10,1630,12830,Eco-Dome Al'dani,,,5:09 PM
x9whL7KkNH641zBV,6,wipe,2:12,132,12830,Eco-Dome Al'dani,,,4:50 PM
x9whL7KkNH641zBV,7,wipe,7:36,456,12830,Eco-Dome Al'dani,,,4:52 PM
x9whL7KkNH641zBV,6,wipe,2:12,132,12830,Eco-Dome Al'dani,,,4:50 PM
x9whL7KkNH641zBV,7,wipe,7:36,456,12830,Eco-Dome Al'dani,,,4:52 PM
P8gq6GyLZFXDhYAN,20,kill,21:38,1298,12830,Eco-Dome Al'dani,,,2:56 AM
P8gq6GyLZFXDhYAN,29,kill,27:55,1675,12830,Eco-Dome Al'dani,,,4:53 AM
P8gq6GyLZFXDhYAN,24,wipe,7:39,459,12830,Eco-Dome Al'dani,,,3:39 AM
FCx7wBVgtjX1HGYm,,kill,28:06,1686,12830,Eco-Dome Al'dani,16,Tyrannical,9:11 PM
LD7qd3YVtacKJQxy,1,wipe,5:56,356,12830,Eco-Dome Al'dani,,,6:12 AM
LD7qd3YVtacKJQxy,2,wipe,6:45,405,12830,Eco-Dome Al'dani,,,6:18 AM
LD7qd3YVtacKJQxy,3,wipe,7:38,458,12830,Eco-Dome Al'dani,,,6:25 AM
LD7qd3YVtacKJQxy,1,wipe,5:56,356,12830,Eco-Dome Al'dani,,,6:12 AM
LD7qd3YVtacKJQxy,2,wipe,6:45,405,12830,Eco-Dome Al'dani,,,6:18 AM
LD7qd3YVtacKJQxy,3,wipe,7:38,458,12830,Eco-Dome Al'dani,,,6:25 AM
LtTJqC8ZRG6FDQ2K,,kill,31:01,1861,12830,Eco-Dome Al'dani,16,Tyrannical,2:05 AM
Dm4v6fyqFbYR9cMp,,kill,31:01,1861,12830,Eco-Dome Al'dani,16,Tyrannical,2:05 AM
7zFHk23Tg9tXDKBa,8,wipe,4:02,242,12830,Eco-Dome Al'dani,,,10:22 PM
7zFHk23Tg9tXDKBa,9,wipe,0:42,42,12830,Eco-Dome Al'dani,,,10:26 PM
7zFHk23Tg9tXDKBa,10,wipe,6:36,396,12830,Eco-Dome Al'dani,,,10:27 PM
7zFHk23Tg9tXDKBa,12,wipe,0:00,0,12830,Eco-Dome Al'dani,,,11:00 PM
7zFHk23Tg9tXDKBa,14,wipe,6:53,413,12830,Eco-Dome Al'dani,,,11:11 PM
7zFHk23Tg9tXDKBa,15,wipe,0:00,0,12830,Eco-Dome Al'dani,,,11:18 PM
7zFHk23Tg9tXDKBa,17,wipe,0:00,0,12830,Eco-Dome Al'dani,,,11:37 PM
7zFHk23Tg9tXDKBa,8,wipe,4:02,242,12830,Eco-Dome Al'dani,,,10:22 PM
7zFHk23Tg9tXDKBa,9,wipe,0:42,42,12830,Eco-Dome Al'dani,,,10:26 PM
7zFHk23Tg9tXDKBa,10,wipe,6:36,396,12830,Eco-Dome Al'dani,,,10:27 PM
7zFHk23Tg9tXDKBa,12,wipe,0:00,0,12830,Eco-Dome Al'dani,,,11:00 PM
7zFHk23Tg9tXDKBa,14,wipe,6:53,413,12830,Eco-Dome Al'dani,,,11:11 PM
7zFHk23Tg9tXDKBa,15,wipe,0:00,0,12830,Eco-Dome Al'dani,,,11:18 PM
7zFHk23Tg9tXDKBa,17,wipe,0:00,0,12830,Eco-Dome Al'dani,,,11:37 PM
62PDNRBYMvTFxVz8,,kill,36:52,2212,12830,Eco-Dome Al'dani,12,Tyrannical,10:10 PM
43RGYXCDvqhBP2bj,8,wipe,4:02,242,12830,Eco-Dome Al'dani,,,10:22 PM
43RGYXCDvqhBP2bj,9,wipe,0:42,42,12830,Eco-Dome Al'dani,,,10:26 PM
43RGYXCDvqhBP2bj,10,wipe,6:36,396,12830,Eco-Dome Al'dani,,,10:27 PM
43RGYXCDvqhBP2bj,12,wipe,0:00,0,12830,Eco-Dome Al'dani,,,11:00 PM
43RGYXCDvqhBP2bj,14,wipe,6:53,413,12830,Eco-Dome Al'dani,,,11:11 PM
43RGYXCDvqhBP2bj,15,wipe,0:00,0,12830,Eco-Dome Al'dani,,,11:18 PM
43RGYXCDvqhBP2bj,17,wipe,0:00,0,12830,Eco-Dome Al'dani,,,11:37 PM
43RGYXCDvqhBP2bj,8,wipe,4:02,242,12830,Eco-Dome Al'dani,,,10:22 PM
43RGYXCDvqhBP2bj,9,wipe,0:42,42,12830,Eco-Dome Al'dani,,,10:26 PM
43RGYXCDvqhBP2bj,10,wipe,6:36,396,12830,Eco-Dome Al'dani,,,10:27 PM
43RGYXCDvqhBP2bj,12,wipe,0:00,0,12830,Eco-Dome Al'dani,,,11:00 PM
43RGYXCDvqhBP2bj,14,wipe,6:53,413,12830,Eco-Dome Al'dani,,,11:11 PM
43RGYXCDvqhBP2bj,15,wipe,0:00,0,12830,Eco-Dome Al'dani,,,11:18 PM
43RGYXCDvqhBP2bj,17,wipe,0:00,0,12830,Eco-Dome Al'dani,,,11:37 PM
yK8w472X6nLxTRYb,3,wipe,16:33,993,12830,Eco-Dome Al'dani,,,3:51 AM
yK8w472X6nLxTRYb,4,wipe,0:00,0,12830,Eco-Dome Al'dani,,,4:08 AM
yK8w472X6nLxTRYb,3,wipe,16:33,993,12830,Eco-Dome Al'dani,,,3:51 AM
yK8w472X6nLxTRYb,4,wipe,0:00,0,12830,Eco-Dome Al'dani,,,4:08 AM
mg6K3wrXM2W4Lnf8,,kill,1:05:29,3929,12830,Eco-Dome Al'dani,12,Fortified,10:28 PM
3DpMwyL6Hb4gqxJ9,,kill,29:16,1756,12830,Eco-Dome Al'dani,12,Tyrannical,9:52 PM
3qMhAPnmvFw2pyra,,wipe,0:00,0,12830,Eco-Dome Al'dani,2,,7:01 PM
GMpmb1BHZgPcxqJj,,wipe,0:00,0,12830,Eco-Dome Al'dani,2,,7:01 PM
Q4a9HfkMbcVvL8wz,,wipe,0:00,0,12830,Eco-Dome Al'dani,2,,7:01 PM
D9g3c2MxpdYN4WzQ,,wipe,0:00,0,12830,Eco-Dome Al'dani,2,,7:01 PM
wm8PakjCY1A9h2tG,,wipe,22:56,1376,12830,Eco-Dome Al'dani,12,Tyrannical,5:50 PM
WD49dZ2mwN6VGaYg,,wipe,22:56,1376,12830,Eco-Dome Al'dani,12,Tyrannical,5:50 PM
prRJahHm7kFCWTVD,,kill,37:00,2220,12830,Eco-Dome Al'dani,14,Fortified,4:53 PM
RrThZa8wP4yMNqdC,4,wipe,2:32,152,12830,Eco-Dome Al'dani,,,10:39 PM
RrThZa8wP4yMNqdC,5,wipe,27:38,1658,12830,Eco-Dome Al'dani,,,10:42 PM
RrThZa8wP4yMNqdC,4,wipe,2:32,152,12830,Eco-Dome Al'dani,,,10:39 PM
RrThZa8wP4yMNqdC,5,wipe,27:38,1658,12830,Eco-Dome Al'dani,,,10:42 PM
DcMtGKxQafVhRAC1,2,kill,30:18,1818,12830,Eco-Dome Al'dani,,,2:55 PM
DcMtGKxQafVhRAC1,1,wipe,20:17,1217,12830,Eco-Dome Al'dani,,,2:34 PM
3MAFRcYZVkxP2zQN,1,kill,23:04,1384,12830,Eco-Dome Al'dani,,,3:39 AM
3MAFRcYZVkxP2zQN,9,kill,24:16,1456,12830,Eco-Dome Al'dani,,,6:53 AM
hyMvrZxHJwWmk18d,,kill,25:43,1543,12830,Eco-Dome Al'dani,13,Fortified,6:30 AM
vmXYtDF43xkbqMTV,,kill,23:04,1384,12830,Eco-Dome Al'dani,14,,3:39 AM
yKv31GLVzRd7Crcw,,kill,25:13,1513,12830,Eco-Dome Al'dani,15,Fortified,4:39 AM
b4YJ7BHzXAjtDwTL,3,kill,24:33,1473,12830,Eco-Dome Al'dani,,,10:56 PM
b4YJ7BHzXAjtDwTL,2,wipe,18:16,1096,12830,Eco-Dome Al'dani,,,10:33 PM
b4YJ7BHzXAjtDwTL,5,wipe,0:00,0,12830,Eco-Dome Al'dani,,,11:30 PM
b4YJ7BHzXAjtDwTL,6,wipe,16:04,964,12830,Eco-Dome Al'dani,,,11:44 PM
b4YJ7BHzXAjtDwTL,8,wipe,14:12,852,12830,Eco-Dome Al'dani,,,12:26 AM
b4YJ7BHzXAjtDwTL,9,wipe,5:01,301,12830,Eco-Dome Al'dani,,,12:41 AM
b4YJ7BHzXAjtDwTL,2,wipe,18:16,1096,12830,Eco-Dome Al'dani,,,10:33 PM
b4YJ7BHzXAjtDwTL,5,wipe,0:00,0,12830,Eco-Dome Al'dani,,,11:30 PM
b4YJ7BHzXAjtDwTL,6,wipe,16:04,964,12830,Eco-Dome Al'dani,,,11:44 PM
b4YJ7BHzXAjtDwTL,8,wipe,14:12,852,12830,Eco-Dome Al'dani,,,12:26 AM
b4YJ7BHzXAjtDwTL,9,wipe,5:01,301,12830,Eco-Dome Al'dani,,,12:41 AM
QThVFRpazWw9DH62,2,kill,28:14,1694,12830,Eco-Dome Al'dani,,,12:12 AM
QThVFRpazWw9DH62,1,wipe,2:34,154,12830,Eco-Dome Al'dani,,,12:10 AM
LV1jAFza2fgrRN3D,4,wipe,2:32,152,12830,Eco-Dome Al'dani,,,10:39 PM
LV1jAFza2fgrRN3D,5,wipe,27:38,1658,12830,Eco-Dome Al'dani,,,10:42 PM
LV1jAFza2fgrRN3D,4,wipe,2:32,152,12830,Eco-Dome Al'dani,,,10:39 PM
LV1jAFza2fgrRN3D,5,wipe,27:38,1658,12830,Eco-Dome Al'dani,,,10:42 PM
fRkAyJHjdphKq6Za,4,wipe,2:32,152,12830,Eco-Dome Al'dani,,,10:39 PM
fRkAyJHjdphKq6Za,5,wipe,27:38,1658,12830,Eco-Dome Al'dani,,,10:42 PM
fRkAyJHjdphKq6Za,4,wipe,2:32,152,12830,Eco-Dome Al'dani,,,10:39 PM
fRkAyJHjdphKq6Za,5,wipe,27:38,1658,12830,Eco-Dome Al'dani,,,10:42 PM
xkzrPJMF8tQR6TjY,,kill,24:33,1473,12830,Eco-Dome Al'dani,14,Fortified,10:56 PM
dkywjvtcHG6RhN1D,4,kill,28:28,1708,12830,Eco-Dome Al'dani,,,8:27 PM
dkywjvtcHG6RhN1D,15,kill,28:25,1705,12830,Eco-Dome Al'dani,,,10:22 PM
dkywjvtcHG6RhN1D,3,wipe,29:04,1744,12830,Eco-Dome Al'dani,,,7:58 PM
dkywjvtcHG6RhN1D,11,wipe,3:48,228,12830,Eco-Dome Al'dani,,,10:08 PM
dkywjvtcHG6RhN1D,12,wipe,1:52,112,12830,Eco-Dome Al'dani,,,10:12 PM
dkywjvtcHG6RhN1D,13,wipe,3:23,203,12830,Eco-Dome Al'dani,,,10:14 PM
dkywjvtcHG6RhN1D,14,wipe,4:12,252,12830,Eco-Dome Al'dani,,,10:18 PM
dkywjvtcHG6RhN1D,3,wipe,29:04,1744,12830,Eco-Dome Al'dani,,,7:58 PM
dkywjvtcHG6RhN1D,11,wipe,3:48,228,12830,Eco-Dome Al'dani,,,10:08 PM
dkywjvtcHG6RhN1D,12,wipe,1:52,112,12830,Eco-Dome Al'dani,,,10:12 PM
dkywjvtcHG6RhN1D,13,wipe,3:23,203,12830,Eco-Dome Al'dani,,,10:14 PM
dkywjvtcHG6RhN1D,14,wipe,4:12,252,12830,Eco-Dome Al'dani,,,10:18 PM
nc7QJ9bG3LHfVm6B,,wipe,5:24,324,12830,Eco-Dome Al'dani,15,Fortified,6:09 PM
JwRAXNqz2436hx8B,,kill,22:17,1337,12830,Eco-Dome Al'dani,12,Tyrannical,10:32 PM
m1KZfvkL7Y84rABb,,kill,28:55,1735,12830,Eco-Dome Al'dani,14,Fortified,5:53 PM
pLJBKrHhj8wbMz4x,,wipe,6:27,387,12830,Eco-Dome Al'dani,14,Tyrannical,3:55 PM
4cTCp986rAyKhfVq,,kill,29:50,1790,12830,Eco-Dome Al'dani,17,Tyrannical,12:37 PM
HaMFhvpndt6Lc38K,1,kill,37:59,2279,12830,Eco-Dome Al'dani,,,9:26 AM
HaMFhvpndt6Lc38K,2,wipe,6:29,389,12830,Eco-Dome Al'dani,,,10:11 AM
Kd3AHNtpyxWcrFT7,,kill,37:59,2279,12830,Eco-Dome Al'dani,18,Tyrannical,9:26 AM
DBRbFNnQWzd2Gh4X,2,kill,26:12,1572,12830,Eco-Dome Al'dani,,,8:07 AM
DBRbFNnQWzd2Gh4X,1,wipe,7:34,454,12830,Eco-Dome Al'dani,,,7:59 AM
6QGFAfVkHgTpyLZD,,kill,30:51,1851,12830,Eco-Dome Al'dani,12,Tyrannical,6:56 AM
BbJ8XYpNaCFPRz9t,11,kill,29:45,1785,12830,Eco-Dome Al'dani,,,5:37 PM
BbJ8XYpNaCFPRz9t,6,wipe,27:25,1645,12830,Eco-Dome Al'dani,,,4:06 PM
hxv4KBGWM9LRpTHz,1,kill,29:14,1754,12830,Eco-Dome Al'dani,,,2:03 AM
hxv4KBGWM9LRpTHz,8,kill,35:47,2147,12830,Eco-Dome Al'dani,,,4:51 AM
hxv4KBGWM9LRpTHz,2,wipe,1:18,78,12830,Eco-Dome Al'dani,,,2:54 AM
hxv4KBGWM9LRpTHz,3,wipe,13:37,817,12830,Eco-Dome Al'dani,,,2:55 AM
hxv4KBGWM9LRpTHz,4,wipe,1:09,69,12830,Eco-Dome Al'dani,,,3:11 AM
hxv4KBGWM9LRpTHz,2,wipe,1:18,78,12830,Eco-Dome Al'dani,,,2:54 AM
hxv4KBGWM9LRpTHz,3,wipe,13:37,817,12830,Eco-Dome Al'dani,,,2:55 AM
hxv4KBGWM9LRpTHz,4,wipe,1:09,69,12830,Eco-Dome Al'dani,,,3:11 AM
kB4Grg8vAMdjqcNn,,kill,30:07,1807,12830,Eco-Dome Al'dani,14,Tyrannical,6:36 AM
DpfmybaG9k1hVdRZ,,kill,30:07,1807,12830,Eco-Dome Al'dani,14,Tyrannical,6:35 AM
kpvdJXBHgTYVybWa,,kill,35:52,2152,12830,Eco-Dome Al'dani,14,Tyrannical,2:27 AM
bJgKcmrZqAQTazhw,9,kill,28:33,1713,12830,Eco-Dome Al'dani,,,9:33 PM
bJgKcmrZqAQTazhw,3,wipe,18:51,1131,12830,Eco-Dome Al'dani,,,7:15 PM
bJgKcmrZqAQTazhw,4,wipe,31:20,1880,12830,Eco-Dome Al'dani,,,7:34 PM
bJgKcmrZqAQTazhw,5,wipe,13:39,819,12830,Eco-Dome Al'dani,,,8:05 PM
bJgKcmrZqAQTazhw,6,wipe,39:30,2370,12830,Eco-Dome Al'dani,,,8:19 PM
bJgKcmrZqAQTazhw,7,wipe,23:37,1417,12830,Eco-Dome Al'dani,,,8:58 PM
bJgKcmrZqAQTazhw,8,wipe,11:05,665,12830,Eco-Dome Al'dani,,,9:22 PM
bJgKcmrZqAQTazhw,3,wipe,18:51,1131,12830,Eco-Dome Al'dani,,,7:15 PM
bJgKcmrZqAQTazhw,4,wipe,31:20,1880,12830,Eco-Dome Al'dani,,,7:34 PM
bJgKcmrZqAQTazhw,5,wipe,13:39,819,12830,Eco-Dome Al'dani,,,8:05 PM
bJgKcmrZqAQTazhw,6,wipe,39:30,2370,12830,Eco-Dome Al'dani,,,8:19 PM
bJgKcmrZqAQTazhw,7,wipe,23:37,1417,12830,Eco-Dome Al'dani,,,8:58 PM
bJgKcmrZqAQTazhw,8,wipe,11:05,665,12830,Eco-Dome Al'dani,,,9:22 PM
8xYFfgRdcDBMCXGL,1,wipe,10:24,624,12830,Eco-Dome Al'dani,,,2:43 AM
8xYFfgRdcDBMCXGL,2,wipe,9:11,551,12830,Eco-Dome Al'dani,,,2:54 AM
8xYFfgRdcDBMCXGL,3,wipe,25:46,1546,12830,Eco-Dome Al'dani,,,3:06 AM
8xYFfgRdcDBMCXGL,6,wipe,3:48,228,12830,Eco-Dome Al'dani,,,3:49 AM
8xYFfgRdcDBMCXGL,7,wipe,11:23,683,12830,Eco-Dome Al'dani,,,3:53 AM
8xYFfgRdcDBMCXGL,1,wipe,10:24,624,12830,Eco-Dome Al'dani,,,2:43 AM
8xYFfgRdcDBMCXGL,2,wipe,9:11,551,12830,Eco-Dome Al'dani,,,2:54 AM
8xYFfgRdcDBMCXGL,3,wipe,25:46,1546,12830,Eco-Dome Al'dani,,,3:06 AM
8xYFfgRdcDBMCXGL,6,wipe,3:48,228,12830,Eco-Dome Al'dani,,,3:49 AM
8xYFfgRdcDBMCXGL,7,wipe,11:23,683,12830,Eco-Dome Al'dani,,,3:53 AM
tYpWqXBwj18QaAN2,18,kill,28:33,1713,12830,Eco-Dome Al'dani,,,9:33 PM
tYpWqXBwj18QaAN2,1,wipe,9:28,568,12830,Eco-Dome Al'dani,,,3:35 PM
tYpWqXBwj18QaAN2,2,wipe,26:50,1610,12830,Eco-Dome Al'dani,,,3:44 PM
tYpWqXBwj18QaAN2,12,wipe,18:51,1131,12830,Eco-Dome Al'dani,,,7:15 PM
tYpWqXBwj18QaAN2,13,wipe,31:20,1880,12830,Eco-Dome Al'dani,,,7:34 PM
tYpWqXBwj18QaAN2,14,wipe,9:29,569,12830,Eco-Dome Al'dani,,,8:05 PM
tYpWqXBwj18QaAN2,15,wipe,39:30,2370,12830,Eco-Dome Al'dani,,,8:19 PM
tYpWqXBwj18QaAN2,16,wipe,23:37,1417,12830,Eco-Dome Al'dani,,,8:58 PM
tYpWqXBwj18QaAN2,17,wipe,11:05,665,12830,Eco-Dome Al'dani,,,9:22 PM
tYpWqXBwj18QaAN2,1,wipe,9:28,568,12830,Eco-Dome Al'dani,,,3:35 PM
tYpWqXBwj18QaAN2,2,wipe,26:50,1610,12830,Eco-Dome Al'dani,,,3:44 PM
tYpWqXBwj18QaAN2,12,wipe,18:51,1131,12830,Eco-Dome Al'dani,,,7:15 PM
tYpWqXBwj18QaAN2,13,wipe,31:20,1880,12830,Eco-Dome Al'dani,,,7:34 PM
tYpWqXBwj18QaAN2,14,wipe,9:29,569,12830,Eco-Dome Al'dani,,,8:05 PM
tYpWqXBwj18QaAN2,15,wipe,39:30,2370,12830,Eco-Dome Al'dani,,,8:19 PM
tYpWqXBwj18QaAN2,16,wipe,23:37,1417,12830,Eco-Dome Al'dani,,,8:58 PM
tYpWqXBwj18QaAN2,17,wipe,11:05,665,12830,Eco-Dome Al'dani,,,9:22 PM
jD2XvLtw1aN4bPq6,1,kill,25:25,1525,12830,Eco-Dome Al'dani,,,6:17 PM
jD2XvLtw1aN4bPq6,7,kill,23:12,1392,12830,Eco-Dome Al'dani,,,11:31 PM
jD2XvLtw1aN4bPq6,8,kill,25:08,1508,12830,Eco-Dome Al'dani,,,12:20 AM
Yc6z1nb7rJm98kAV,8,kill,21:29,1289,12830,Eco-Dome Al'dani,,,10:27 PM
Yc6z1nb7rJm98kAV,10,kill,35:07,2107,12830,Eco-Dome Al'dani,,,12:03 AM
Yc6z1nb7rJm98kAV,1,wipe,8:08,488,12830,Eco-Dome Al'dani,,,8:53 PM
Yc6z1nb7rJm98kAV,2,wipe,28:49,1729,12830,Eco-Dome Al'dani,,,9:01 PM
Yc6z1nb7rJm98kAV,1,wipe,8:08,488,12830,Eco-Dome Al'dani,,,8:53 PM
Yc6z1nb7rJm98kAV,2,wipe,28:49,1729,12830,Eco-Dome Al'dani,,,9:01 PM
vdBQGDzM9a4X7mbP,,wipe,14:42,882,12830,Eco-Dome Al'dani,12,Fortified,3:17 PM
8cNrfGBYyM1LtVHP,,wipe,5:39,339,12830,Eco-Dome Al'dani,12,Tyrannical,5:09 PM
WyV7nhJjMYGt41Nf,,kill,26:50,1610,12830,Eco-Dome Al'dani,12,Tyrannical,11:43 PM
xT9CJny4PBZ6FfLp,1,wipe,10:01,601,12830,Eco-Dome Al'dani,,,9:19 PM
xT9CJny4PBZ6FfLp,3,wipe,1:42,102,12830,Eco-Dome Al'dani,,,9:32 PM
xT9CJny4PBZ6FfLp,4,wipe,3:30,210,12830,Eco-Dome Al'dani,,,9:34 PM
xT9CJny4PBZ6FfLp,5,wipe,20:54,1254,12830,Eco-Dome Al'dani,,,9:37 PM
xT9CJny4PBZ6FfLp,6,wipe,13:51,831,12830,Eco-Dome Al'dani,,,9:58 PM
xT9CJny4PBZ6FfLp,7,wipe,25:50,1550,12830,Eco-Dome Al'dani,,,10:12 PM
xT9CJny4PBZ6FfLp,1,wipe,10:01,601,12830,Eco-Dome Al'dani,,,9:19 PM
xT9CJny4PBZ6FfLp,3,wipe,1:42,102,12830,Eco-Dome Al'dani,,,9:32 PM
xT9CJny4PBZ6FfLp,4,wipe,3:30,210,12830,Eco-Dome Al'dani,,,9:34 PM
xT9CJny4PBZ6FfLp,5,wipe,20:54,1254,12830,Eco-Dome Al'dani,,,9:37 PM
xT9CJny4PBZ6FfLp,6,wipe,13:51,831,12830,Eco-Dome Al'dani,,,9:58 PM
xT9CJny4PBZ6FfLp,7,wipe,25:50,1550,12830,Eco-Dome Al'dani,,,10:12 PM
aKrbBz7NkPqcQ63D,7,kill,24:42,1482,12830,Eco-Dome Al'dani,,,9:47 PM
aKrbBz7NkPqcQ63D,5,wipe,30:30,1830,12830,Eco-Dome Al'dani,,,9:07 PM
aKrbBz7NkPqcQ63D,6,wipe,2:53,173,12830,Eco-Dome Al'dani,,,9:44 PM
aKrbBz7NkPqcQ63D,5,wipe,30:30,1830,12830,Eco-Dome Al'dani,,,9:07 PM
aKrbBz7NkPqcQ63D,6,wipe,2:53,173,12830,Eco-Dome Al'dani,,,9:44 PM
mnAYvQq1pdK8tZak,1,kill,25:25,1525,12830,Eco-Dome Al'dani,,,6:17 PM
mnAYvQq1pdK8tZak,9,kill,35:44,2144,12830,Eco-Dome Al'dani,,,7:46 PM
mnAYvQq1pdK8tZak,8,wipe,13:31,811,12830,Eco-Dome Al'dani,,,7:23 PM
bfdQc4nHNqwRmC7A,,wipe,11:49,709,12830,Eco-Dome Al'dani,16,Tyrannical,9:51 PM
7WGn1mY2HfMt8vj9,1,wipe,12:28,748,12830,Eco-Dome Al'dani,,,3:09 PM
7WGn1mY2HfMt8vj9,2,wipe,2:15,135,12830,Eco-Dome Al'dani,,,3:21 PM
7WGn1mY2HfMt8vj9,3,wipe,1:44,104,12830,Eco-Dome Al'dani,,,3:24 PM
7WGn1mY2HfMt8vj9,1,wipe,12:28,748,12830,Eco-Dome Al'dani,,,3:09 PM
7WGn1mY2HfMt8vj9,2,wipe,2:15,135,12830,Eco-Dome Al'dani,,,3:21 PM
7WGn1mY2HfMt8vj9,3,wipe,1:44,104,12830,Eco-Dome Al'dani,,,3:24 PM
vx74wAJyQ6cp3Nrh,,wipe,2:28,148,12830,Eco-Dome Al'dani,12,Tyrannical,9:30 PM
pKQk2g7jDwdARCZy,,wipe,2:28,148,12830,Eco-Dome Al'dani,12,Tyrannical,9:30 PM
Kw76Bf9RZaPDNVrH,13,kill,26:21,1581,12830,Eco-Dome Al'dani,,,12:35 PM
Kw76Bf9RZaPDNVrH,12,wipe,3:33,213,12830,Eco-Dome Al'dani,,,12:31 PM
Fk8tRvdXcx4N1pzY,,kill,25:25,1525,12830,Eco-Dome Al'dani,12,Tyrannical,6:17 PM
ZPftnHJmqh9va2kX,,kill,27:13,1633,12830,Eco-Dome Al'dani,10,Xal'atath's Bargain: Voidbound,3:07 PM
87QrAzxqnVMwKa1d,,kill,27:32,1652,12830,Eco-Dome Al'dani,12,Tyrannical,5:55 PM
2ZGDYHThj4RgA6Cq,23,kill,28:15,1695,12830,Eco-Dome Al'dani,,,5:32 AM
2ZGDYHThj4RgA6Cq,1,wipe,3:41,221,12830,Eco-Dome Al'dani,,,10:45 PM
2ZGDYHThj4RgA6Cq,2,wipe,16:47,1007,12830,Eco-Dome Al'dani,,,10:49 PM
2ZGDYHThj4RgA6Cq,6,wipe,13:43,823,12830,Eco-Dome Al'dani,,,11:51 PM
2ZGDYHThj4RgA6Cq,7,wipe,25:55,1555,12830,Eco-Dome Al'dani,,,12:05 AM
2ZGDYHThj4RgA6Cq,11,wipe,2:07,127,12830,Eco-Dome Al'dani,,,2:02 AM
2ZGDYHThj4RgA6Cq,12,wipe,14:44,884,12830,Eco-Dome Al'dani,,,2:04 AM
2ZGDYHThj4RgA6Cq,15,wipe,9:53,593,12830,Eco-Dome Al'dani,,,2:23 AM
2ZGDYHThj4RgA6Cq,16,wipe,12:12,732,12830,Eco-Dome Al'dani,,,2:33 AM
2ZGDYHThj4RgA6Cq,22,wipe,8:32,512,12830,Eco-Dome Al'dani,,,5:19 AM
2ZGDYHThj4RgA6Cq,1,wipe,3:41,221,12830,Eco-Dome Al'dani,,,10:45 PM
2ZGDYHThj4RgA6Cq,2,wipe,16:47,1007,12830,Eco-Dome Al'dani,,,10:49 PM
2ZGDYHThj4RgA6Cq,6,wipe,13:43,823,12830,Eco-Dome Al'dani,,,11:51 PM
2ZGDYHThj4RgA6Cq,7,wipe,25:55,1555,12830,Eco-Dome Al'dani,,,12:05 AM
2ZGDYHThj4RgA6Cq,11,wipe,2:07,127,12830,Eco-Dome Al'dani,,,2:02 AM
2ZGDYHThj4RgA6Cq,12,wipe,14:44,884,12830,Eco-Dome Al'dani,,,2:04 AM
2ZGDYHThj4RgA6Cq,15,wipe,9:53,593,12830,Eco-Dome Al'dani,,,2:23 AM
2ZGDYHThj4RgA6Cq,16,wipe,12:12,732,12830,Eco-Dome Al'dani,,,2:33 AM
2ZGDYHThj4RgA6Cq,22,wipe,8:32,512,12830,Eco-Dome Al'dani,,,5:19 AM
7d9QymxfkJKAhCVn,2,kill,26:21,1581,12830,Eco-Dome Al'dani,,,12:35 PM
7d9QymxfkJKAhCVn,1,wipe,3:33,213,12830,Eco-Dome Al'dani,,,12:31 PM
x1q7Qvr8cdwHXgDk,1,wipe,2:53,173,12830,Eco-Dome Al'dani,,,7:56 AM
x1q7Qvr8cdwHXgDk,2,wipe,18:37,1117,12830,Eco-Dome Al'dani,,,7:59 AM
x1q7Qvr8cdwHXgDk,6,wipe,33:11,1991,12830,Eco-Dome Al'dani,,,9:18 AM
x1q7Qvr8cdwHXgDk,1,wipe,2:53,173,12830,Eco-Dome Al'dani,,,7:56 AM
x1q7Qvr8cdwHXgDk,2,wipe,18:37,1117,12830,Eco-Dome Al'dani,,,7:59 AM
x1q7Qvr8cdwHXgDk,6,wipe,33:11,1991,12830,Eco-Dome Al'dani,,,9:18 AM
cB4NjAkJmL2vC8wG,3,kill,32:55,1975,12830,Eco-Dome Al'dani,,,10:57 AM
cB4NjAkJmL2vC8wG,1,wipe,14:06,846,12830,Eco-Dome Al'dani,,,10:08 AM
cB4NjAkJmL2vC8wG,2,wipe,29:04,1744,12830,Eco-Dome Al'dani,,,10:22 AM
cB4NjAkJmL2vC8wG,1,wipe,14:06,846,12830,Eco-Dome Al'dani,,,10:08 AM
cB4NjAkJmL2vC8wG,2,wipe,29:04,1744,12830,Eco-Dome Al'dani,,,10:22 AM
bt1Qfzc6gKH49rGd,1,wipe,2:53,173,12830,Eco-Dome Al'dani,,,7:56 AM
bt1Qfzc6gKH49rGd,2,wipe,18:37,1117,12830,Eco-Dome Al'dani,,,7:59 AM
bt1Qfzc6gKH49rGd,6,wipe,33:11,1991,12830,Eco-Dome Al'dani,,,9:18 AM
bt1Qfzc6gKH49rGd,1,wipe,2:53,173,12830,Eco-Dome Al'dani,,,7:56 AM
bt1Qfzc6gKH49rGd,2,wipe,18:37,1117,12830,Eco-Dome Al'dani,,,7:59 AM
bt1Qfzc6gKH49rGd,6,wipe,33:11,1991,12830,Eco-Dome Al'dani,,,9:18 AM
7CpcjtLba6AD1QPW,,kill,25:25,1525,12830,Eco-Dome Al'dani,15,Fortified,8:32 AM
y6VNn7TbBC8FcrxQ,,kill,26:58,1618,12830,Eco-Dome Al'dani,14,Tyrannical,2:33 PM
8FpcyG6n7grPHLJK,1,kill,28:00,1680,12830,Eco-Dome Al'dani,,,7:43 PM
8FpcyG6n7grPHLJK,34,kill,27:30,1650,12830,Eco-Dome Al'dani,,,5:53 AM
8FpcyG6n7grPHLJK,33,wipe,9:26,566,12830,Eco-Dome Al'dani,,,5:43 AM
qkNQxPTBajw9Y21F,,kill,27:15,1635,12830,Eco-Dome Al'dani,16,Fortified,5:41 AM
dfL8Gp4gYM3ahmkr,,kill,25:43,1543,12830,Eco-Dome Al'dani,14,,5:22 AM
XcMQt36TN97xDy8w,,kill,26:23,1583,12830,Eco-Dome Al'dani,12,Fortified,5:04 AM
3Qyq8DxrX2WjnN4Y,1,kill,20:54,1254,12830,Eco-Dome Al'dani,,,1:42 AM
3Qyq8DxrX2WjnN4Y,4,kill,29:16,1756,12830,Eco-Dome Al'dani,,,2:16 AM
3Qyq8DxrX2WjnN4Y,8,kill,25:15,1515,12830,Eco-Dome Al'dani,,,3:45 AM
3Qyq8DxrX2WjnN4Y,3,wipe,2:10,130,12830,Eco-Dome Al'dani,,,2:14 AM
3Qyq8DxrX2WjnN4Y,6,wipe,3:37,217,12830,Eco-Dome Al'dani,,,3:18 AM
3Qyq8DxrX2WjnN4Y,7,wipe,14:14,854,12830,Eco-Dome Al'dani,,,3:22 AM
3Qyq8DxrX2WjnN4Y,3,wipe,2:10,130,12830,Eco-Dome Al'dani,,,2:14 AM
3Qyq8DxrX2WjnN4Y,6,wipe,3:37,217,12830,Eco-Dome Al'dani,,,3:18 AM
3Qyq8DxrX2WjnN4Y,7,wipe,14:14,854,12830,Eco-Dome Al'dani,,,3:22 AM
rBhaKHqVjdNpxfLv,,kill,26:29,1589,12830,Eco-Dome Al'dani,12,Fortified,4:37 AM
mBpYtCMH4QFNvGV9,18,kill,27:38,1658,12830,Eco-Dome Al'dani,,,7:29 AM
mBpYtCMH4QFNvGV9,34,kill,28:44,1724,12830,Eco-Dome Al'dani,,,8:15 AM
mBpYtCMH4QFNvGV9,33,wipe,0:00,0,12830,Eco-Dome Al'dani,,,8:11 AM
9Vb8kHN2ChwQ67xP,1,kill,20:54,1254,12830,Eco-Dome Al'dani,,,1:42 AM
9Vb8kHN2ChwQ67xP,2,kill,29:16,1756,12830,Eco-Dome Al'dani,,,2:16 AM
Hm3Tb61FQhgtVA2G,5,kill,32:22,1942,12830,Eco-Dome Al'dani,,,3:22 AM
Hm3Tb61FQhgtVA2G,4,wipe,11:40,700,12830,Eco-Dome Al'dani,,,3:10 AM
B6Ltd9GMbwWPXkq7,1,wipe,3:41,221,12830,Eco-Dome Al'dani,,,10:45 PM
B6Ltd9GMbwWPXkq7,2,wipe,16:47,1007,12830,Eco-Dome Al'dani,,,10:49 PM
B6Ltd9GMbwWPXkq7,6,wipe,13:43,823,12830,Eco-Dome Al'dani,,,11:51 PM
B6Ltd9GMbwWPXkq7,7,wipe,25:55,1555,12830,Eco-Dome Al'dani,,,12:05 AM
B6Ltd9GMbwWPXkq7,11,wipe,2:07,127,12830,Eco-Dome Al'dani,,,2:02 AM
B6Ltd9GMbwWPXkq7,12,wipe,14:44,884,12830,Eco-Dome Al'dani,,,2:04 AM
B6Ltd9GMbwWPXkq7,15,wipe,9:53,593,12830,Eco-Dome Al'dani,,,2:23 AM
B6Ltd9GMbwWPXkq7,16,wipe,12:12,732,12830,Eco-Dome Al'dani,,,2:33 AM
B6Ltd9GMbwWPXkq7,1,wipe,3:41,221,12830,Eco-Dome Al'dani,,,10:45 PM
B6Ltd9GMbwWPXkq7,2,wipe,16:47,1007,12830,Eco-Dome Al'dani,,,10:49 PM
B6Ltd9GMbwWPXkq7,6,wipe,13:43,823,12830,Eco-Dome Al'dani,,,11:51 PM
B6Ltd9GMbwWPXkq7,7,wipe,25:55,1555,12830,Eco-Dome Al'dani,,,12:05 AM
B6Ltd9GMbwWPXkq7,11,wipe,2:07,127,12830,Eco-Dome Al'dani,,,2:02 AM
B6Ltd9GMbwWPXkq7,12,wipe,14:44,884,12830,Eco-Dome Al'dani,,,2:04 AM
B6Ltd9GMbwWPXkq7,15,wipe,9:53,593,12830,Eco-Dome Al'dani,,,2:23 AM
B6Ltd9GMbwWPXkq7,16,wipe,12:12,732,12830,Eco-Dome Al'dani,,,2:33 AM
2dCYLWJjGrNkxMpa,1,wipe,2:12,132,12830,Eco-Dome Al'dani,,,2:48 AM
2dCYLWJjGrNkxMpa,3,wipe,15:22,922,12830,Eco-Dome Al'dani,,,2:56 AM
2dCYLWJjGrNkxMpa,1,wipe,2:12,132,12830,Eco-Dome Al'dani,,,2:48 AM
2dCYLWJjGrNkxMpa,3,wipe,15:22,922,12830,Eco-Dome Al'dani,,,2:56 AM
CQnNG47w1xZXVvWR,,kill,28:08,1688,12830,Eco-Dome Al'dani,15,Fortified,9:42 PM
yYVNb2B8WdKcqPhX,,kill,40:05,2405,12830,Eco-Dome Al'dani,10,Xal'atath's Bargain: Pulsar,3:43 AM
KgmfMQvxL1ynThjW,,kill,34:25,2065,12830,Eco-Dome Al'dani,12,Fortified,1:05 AM
rHM46QRpLC9y2gBw,1,wipe,18:00,1080,12830,Eco-Dome Al'dani,,,5:33 PM
rHM46QRpLC9y2gBw,2,wipe,16:52,1012,12830,Eco-Dome Al'dani,,,5:51 PM
rHM46QRpLC9y2gBw,1,wipe,18:00,1080,12830,Eco-Dome Al'dani,,,5:33 PM
rHM46QRpLC9y2gBw,2,wipe,16:52,1012,12830,Eco-Dome Al'dani,,,5:51 PM
TfDXp1ZWcajgN8wk,,kill,33:14,1994,12830,Eco-Dome Al'dani,12,Fortified,10:08 PM
pKcQNWTx781ZRf4C,20,kill,30:13,1813,12830,Eco-Dome Al'dani,,,7:46 PM
pKcQNWTx781ZRf4C,19,wipe,13:31,811,12830,Eco-Dome Al'dani,,,7:32 PM
d69R1qVknp2JYba8,1,kill,30:31,1831,12830,Eco-Dome Al'dani,,,5:52 PM
d69R1qVknp2JYba8,4,kill,25:58,1558,12830,Eco-Dome Al'dani,,,7:00 PM
d69R1qVknp2JYba8,2,wipe,3:43,223,12830,Eco-Dome Al'dani,,,6:43 PM
d69R1qVknp2JYba8,3,wipe,8:28,508,12830,Eco-Dome Al'dani,,,6:52 PM
d69R1qVknp2JYba8,2,wipe,3:43,223,12830,Eco-Dome Al'dani,,,6:43 PM
d69R1qVknp2JYba8,3,wipe,8:28,508,12830,Eco-Dome Al'dani,,,6:52 PM
7mCka3rJyqjhLMYW,,kill,26:31,1591,12830,Eco-Dome Al'dani,12,Fortified,6:25 PM
2q73LmpYaCnBX8Az,4,kill,30:09,1809,12830,Eco-Dome Al'dani,,,3:25 PM
2q73LmpYaCnBX8Az,1,wipe,12:28,748,12830,Eco-Dome Al'dani,,,3:09 PM
2q73LmpYaCnBX8Az,2,wipe,2:15,135,12830,Eco-Dome Al'dani,,,3:21 PM
2q73LmpYaCnBX8Az,3,wipe,1:44,104,12830,Eco-Dome Al'dani,,,3:24 PM
2q73LmpYaCnBX8Az,1,wipe,12:28,748,12830,Eco-Dome Al'dani,,,3:09 PM
2q73LmpYaCnBX8Az,2,wipe,2:15,135,12830,Eco-Dome Al'dani,,,3:21 PM
2q73LmpYaCnBX8Az,3,wipe,1:44,104,12830,Eco-Dome Al'dani,,,3:24 PM
qrkDvZWTp2LQY8wj,,wipe,17:31,1051,12830,Eco-Dome Al'dani,14,,7:15 PM
dNJ4vMWthGcj9Rqz,28,kill,27:34,1654,12830,Eco-Dome Al'dani,,,7:20 PM
dNJ4vMWthGcj9Rqz,24,wipe,8:01,481,12830,Eco-Dome Al'dani,,,6:22 PM
dNJ4vMWthGcj9Rqz,25,wipe,19:47,1187,12830,Eco-Dome Al'dani,,,6:35 PM
dNJ4vMWthGcj9Rqz,26,wipe,13:15,795,12830,Eco-Dome Al'dani,,,6:55 PM
dNJ4vMWthGcj9Rqz,27,wipe,12:07,727,12830,Eco-Dome Al'dani,,,7:08 PM
dNJ4vMWthGcj9Rqz,24,wipe,8:01,481,12830,Eco-Dome Al'dani,,,6:22 PM
dNJ4vMWthGcj9Rqz,25,wipe,19:47,1187,12830,Eco-Dome Al'dani,,,6:35 PM
dNJ4vMWthGcj9Rqz,26,wipe,13:15,795,12830,Eco-Dome Al'dani,,,6:55 PM
dNJ4vMWthGcj9Rqz,27,wipe,12:07,727,12830,Eco-Dome Al'dani,,,7:08 PM
G6YPcVy7MxX1JFR3,,wipe,17:31,1051,12830,Eco-Dome Al'dani,14,,7:15 PM
3aRZD8PVxWqCcdw9,3,kill,25:58,1558,12830,Eco-Dome Al'dani,,,7:00 PM
3aRZD8PVxWqCcdw9,1,wipe,8:23,503,12830,Eco-Dome Al'dani,,,6:43 PM
3aRZD8PVxWqCcdw9,2,wipe,8:25,505,12830,Eco-Dome Al'dani,,,6:52 PM
3aRZD8PVxWqCcdw9,1,wipe,8:23,503,12830,Eco-Dome Al'dani,,,6:43 PM
3aRZD8PVxWqCcdw9,2,wipe,8:25,505,12830,Eco-Dome Al'dani,,,6:52 PM
khrjVtCA2XxZnf6Q,1,wipe,27:23,1643,12830,Eco-Dome Al'dani,,,6:12 PM
khrjVtCA2XxZnf6Q,2,wipe,4:46,286,12830,Eco-Dome Al'dani,,,6:49 PM
khrjVtCA2XxZnf6Q,3,wipe,10:11,611,12830,Eco-Dome Al'dani,,,7:00 PM
khrjVtCA2XxZnf6Q,1,wipe,27:23,1643,12830,Eco-Dome Al'dani,,,6:12 PM
khrjVtCA2XxZnf6Q,2,wipe,4:46,286,12830,Eco-Dome Al'dani,,,6:49 PM
khrjVtCA2XxZnf6Q,3,wipe,10:11,611,12830,Eco-Dome Al'dani,,,7:00 PM
khA6pmHrTa8GgWPv,,kill,26:13,1573,12830,Eco-Dome Al'dani,12,Fortified,6:18 PM
3LM7nYKPC89GpQzD,1,wipe,27:23,1643,12830,Eco-Dome Al'dani,,,6:12 PM
3LM7nYKPC89GpQzD,2,wipe,4:46,286,12830,Eco-Dome Al'dani,,,6:49 PM
3LM7nYKPC89GpQzD,1,wipe,27:23,1643,12830,Eco-Dome Al'dani,,,6:12 PM
3LM7nYKPC89GpQzD,2,wipe,4:46,286,12830,Eco-Dome Al'dani,,,6:49 PM
2wHV3d4MBCmRJaAc,4,kill,30:09,1809,12830,Eco-Dome Al'dani,,,3:25 PM
2wHV3d4MBCmRJaAc,1,wipe,12:28,748,12830,Eco-Dome Al'dani,,,3:09 PM
2wHV3d4MBCmRJaAc,2,wipe,2:15,135,12830,Eco-Dome Al'dani,,,3:21 PM
2wHV3d4MBCmRJaAc,3,wipe,1:44,104,12830,Eco-Dome Al'dani,,,3:24 PM
2wHV3d4MBCmRJaAc,1,wipe,12:28,748,12830,Eco-Dome Al'dani,,,3:09 PM
2wHV3d4MBCmRJaAc,2,wipe,2:15,135,12830,Eco-Dome Al'dani,,,3:21 PM
2wHV3d4MBCmRJaAc,3,wipe,1:44,104,12830,Eco-Dome Al'dani,,,3:24 PM
q1ZA6WVBhFXMaz43,,kill,28:11,1691,12830,Eco-Dome Al'dani,15,Tyrannical,4:54 PM
yJ9mpCfrxwaQFdM1,,wipe,3:21,201,12830,Eco-Dome Al'dani,12,Tyrannical,12:19 PM
nM7WVANHf4LrbGw1,,kill,23:14,1394,12830,Eco-Dome Al'dani,10,Xal'atath's Bargain: Pulsar,11:59 AM
QJwqGHc2pRrymMVk,10,kill,29:55,1795,12830,Eco-Dome Al'dani,,,3:10 AM
QJwqGHc2pRrymMVk,9,wipe,13:07,787,12830,Eco-Dome Al'dani,,,2:57 AM
QX6YZyRpq8mHA9fG,,kill,33:44,2024,12830,Eco-Dome Al'dani,14,Tyrannical,5:03 AM
cVBAnv4CJ7ytrdZw,1,kill,23:42,1422,12830,Eco-Dome Al'dani,,,2:01 AM
cVBAnv4CJ7ytrdZw,6,kill,41:44,2504,12830,Eco-Dome Al'dani,,,6:10 AM
cVBAnv4CJ7ytrdZw,10,kill,30:59,1859,12830,Eco-Dome Al'dani,,,8:58 AM
3d1vX2qV74MFRnTB,18,kill,27:38,1658,12830,Eco-Dome Al'dani,,,7:29 AM
3d1vX2qV74MFRnTB,34,kill,28:44,1724,12830,Eco-Dome Al'dani,,,8:15 AM
3d1vX2qV74MFRnTB,33,wipe,0:00,0,12830,Eco-Dome Al'dani,,,8:11 AM
zPqtj4Ca2ZrF3pLM,1,kill,29:45,1785,12830,Eco-Dome Al'dani,,,6:54 AM
zPqtj4Ca2ZrF3pLM,2,wipe,5:26,326,12830,Eco-Dome Al'dani,,,7:35 AM
28RVkxBpD4yYba3G,4,kill,34:57,2097,12830,Eco-Dome Al'dani,,,7:49 AM
28RVkxBpD4yYba3G,1,wipe,1:12,72,12830,Eco-Dome Al'dani,,,7:34 AM
28RVkxBpD4yYba3G,3,wipe,7:36,456,12830,Eco-Dome Al'dani,,,7:39 AM
28RVkxBpD4yYba3G,1,wipe,1:12,72,12830,Eco-Dome Al'dani,,,7:34 AM
28RVkxBpD4yYba3G,3,wipe,7:36,456,12830,Eco-Dome Al'dani,,,7:39 AM
RT7rvFjXqwgcVNLG,10,kill,34:21,2061,12830,Eco-Dome Al'dani,,,5:27 AM
RT7rvFjXqwgcVNLG,6,wipe,7:54,474,12830,Eco-Dome Al'dani,,,4:48 AM
RT7rvFjXqwgcVNLG,7,wipe,3:16,196,12830,Eco-Dome Al'dani,,,4:56 AM
RT7rvFjXqwgcVNLG,8,wipe,6:42,402,12830,Eco-Dome Al'dani,,,5:05 AM
RT7rvFjXqwgcVNLG,9,wipe,7:35,455,12830,Eco-Dome Al'dani,,,5:16 AM
RT7rvFjXqwgcVNLG,6,wipe,7:54,474,12830,Eco-Dome Al'dani,,,4:48 AM
RT7rvFjXqwgcVNLG,7,wipe,3:16,196,12830,Eco-Dome Al'dani,,,4:56 AM
RT7rvFjXqwgcVNLG,8,wipe,6:42,402,12830,Eco-Dome Al'dani,,,5:05 AM
RT7rvFjXqwgcVNLG,9,wipe,7:35,455,12830,Eco-Dome Al'dani,,,5:16 AM
wKWY9L4VpnvdFJyh,7,kill,33:13,1993,12830,Eco-Dome Al'dani,,,5:20 AM
wKWY9L4VpnvdFJyh,2,wipe,12:59,779,12830,Eco-Dome Al'dani,,,4:55 AM
wKWY9L4VpnvdFJyh,6,wipe,5:22,322,12830,Eco-Dome Al'dani,,,5:14 AM
wKWY9L4VpnvdFJyh,2,wipe,12:59,779,12830,Eco-Dome Al'dani,,,4:55 AM
wKWY9L4VpnvdFJyh,6,wipe,5:22,322,12830,Eco-Dome Al'dani,,,5:14 AM
3YBPXQjynxJw2b7A,,wipe,1:49,109,12830,Eco-Dome Al'dani,12,Fortified,6:37 AM
pcYNBDjF7Qgrwb21,2,kill,27:05,1625,12830,Eco-Dome Al'dani,,,2:28 AM
pcYNBDjF7Qgrwb21,5,kill,28:02,1682,12830,Eco-Dome Al'dani,,,3:05 AM
D9zmdWt42nM8VjPJ,,kill,29:05,1745,12830,Eco-Dome Al'dani,12,Tyrannical,4:00 AM
7CJN6GXcyrZgh9fV,2,wipe,5:39,339,12830,Eco-Dome Al'dani,,,4:19 AM
7CJN6GXcyrZgh9fV,3,wipe,1:39,99,12830,Eco-Dome Al'dani,,,4:24 AM
7CJN6GXcyrZgh9fV,4,wipe,7:01,421,12830,Eco-Dome Al'dani,,,4:26 AM
7CJN6GXcyrZgh9fV,2,wipe,5:39,339,12830,Eco-Dome Al'dani,,,4:19 AM
7CJN6GXcyrZgh9fV,3,wipe,1:39,99,12830,Eco-Dome Al'dani,,,4:24 AM
7CJN6GXcyrZgh9fV,4,wipe,7:01,421,12830,Eco-Dome Al'dani,,,4:26 AM
DwpFf9kc7HvY16Ly,,kill,21:41,1301,12830,Eco-Dome Al'dani,10,Xal'atath's Bargain: Pulsar,2:33 AM
R1xwHX2drP8KGqpC,,kill,23:42,1422,12830,Eco-Dome Al'dani,12,Tyrannical,2:01 AM
6vzAPwmtpfkjn8DY,1,kill,31:16,1876,12830,Eco-Dome Al'dani,,,8:04 PM
6vzAPwmtpfkjn8DY,12,wipe,8:33,513,12830,Eco-Dome Al'dani,,,11:45 PM
6vzAPwmtpfkjn8DY,13,wipe,35:38,2138,12830,Eco-Dome Al'dani,,,11:54 PM
6vzAPwmtpfkjn8DY,14,wipe,4:48,288,12830,Eco-Dome Al'dani,,,12:30 AM
6vzAPwmtpfkjn8DY,15,wipe,9:46,586,12830,Eco-Dome Al'dani,,,12:34 AM
6vzAPwmtpfkjn8DY,16,wipe,25:44,1544,12830,Eco-Dome Al'dani,,,12:56 AM
6vzAPwmtpfkjn8DY,17,wipe,8:31,511,12830,Eco-Dome Al'dani,,,1:22 AM
6vzAPwmtpfkjn8DY,18,wipe,17:20,1040,12830,Eco-Dome Al'dani,,,1:31 AM
6vzAPwmtpfkjn8DY,12,wipe,8:33,513,12830,Eco-Dome Al'dani,,,11:45 PM
6vzAPwmtpfkjn8DY,13,wipe,35:38,2138,12830,Eco-Dome Al'dani,,,11:54 PM
6vzAPwmtpfkjn8DY,14,wipe,4:48,288,12830,Eco-Dome Al'dani,,,12:30 AM
6vzAPwmtpfkjn8DY,15,wipe,9:46,586,12830,Eco-Dome Al'dani,,,12:34 AM
6vzAPwmtpfkjn8DY,16,wipe,25:44,1544,12830,Eco-Dome Al'dani,,,12:56 AM
6vzAPwmtpfkjn8DY,17,wipe,8:31,511,12830,Eco-Dome Al'dani,,,1:22 AM
6vzAPwmtpfkjn8DY,18,wipe,17:20,1040,12830,Eco-Dome Al'dani,,,1:31 AM
tFfVC1826YmxTck7,,kill,28:59,1739,12830,Eco-Dome Al'dani,15,Tyrannical,3:10 AM
GFpXD23cHgxwZQqP,6,kill,20:51,1251,12830,Eco-Dome Al'dani,,,2:28 AM
GFpXD23cHgxwZQqP,5,wipe,8:15,495,12830,Eco-Dome Al'dani,,,2:17 AM
bZ43Y1gBJn79PtMG,7,kill,34:47,2087,12830,Eco-Dome Al'dani,,,5:29 PM
bZ43Y1gBJn79PtMG,21,kill,32:20,1940,12830,Eco-Dome Al'dani,,,9:12 PM
bZ43Y1gBJn79PtMG,4,wipe,5:17,317,12830,Eco-Dome Al'dani,,,5:04 PM
bZ43Y1gBJn79PtMG,5,wipe,2:43,163,12830,Eco-Dome Al'dani,,,5:11 PM
bZ43Y1gBJn79PtMG,6,wipe,8:34,514,12830,Eco-Dome Al'dani,,,5:14 PM
bZ43Y1gBJn79PtMG,20,wipe,3:29,209,12830,Eco-Dome Al'dani,,,9:08 PM
bZ43Y1gBJn79PtMG,4,wipe,5:17,317,12830,Eco-Dome Al'dani,,,5:04 PM
bZ43Y1gBJn79PtMG,5,wipe,2:43,163,12830,Eco-Dome Al'dani,,,5:11 PM
bZ43Y1gBJn79PtMG,6,wipe,8:34,514,12830,Eco-Dome Al'dani,,,5:14 PM
bZ43Y1gBJn79PtMG,20,wipe,3:29,209,12830,Eco-Dome Al'dani,,,9:08 PM
4yVRtKFwB736mrGd,,kill,41:02,2462,12830,Eco-Dome Al'dani,15,Tyrannical,9:55 PM
YLTjdqHgRDBmh8Nz,,wipe,13:31,811,12830,Eco-Dome Al'dani,15,Tyrannical,8:35 PM
nD1pKCAhV9RgTY6k,,kill,47:03,2823,12830,Eco-Dome Al'dani,13,Tyrannical,12:23 AM
7kzvg8JVwPQCqHnB,,kill,26:20,1580,12830,Eco-Dome Al'dani,14,Tyrannical,11:03 PM
qn2kVNDZy84RxCWB,2,kill,31:51,1911,12830,Eco-Dome Al'dani,,,7:26 PM
qn2kVNDZy84RxCWB,7,kill,26:20,1580,12830,Eco-Dome Al'dani,,,11:04 PM
qn2kVNDZy84RxCWB,1,wipe,1:11,71,12830,Eco-Dome Al'dani,,,7:21 PM
dpWMZLXga3yw982t,6,kill,32:20,1940,12830,Eco-Dome Al'dani,,,9:12 PM
dpWMZLXga3yw982t,5,wipe,3:28,208,12830,Eco-Dome Al'dani,,,9:08 PM
bhqLn8gGdY4p9kmC,,kill,34:01,2041,12830,Eco-Dome Al'dani,12,Tyrannical,9:31 PM
QTVqzMh8DjLxXCJr,2,kill,31:51,1911,12830,Eco-Dome Al'dani,,,7:26 PM
QTVqzMh8DjLxXCJr,7,kill,26:20,1580,12830,Eco-Dome Al'dani,,,11:04 PM
QTVqzMh8DjLxXCJr,1,wipe,1:11,71,12830,Eco-Dome Al'dani,,,7:21 PM
WFd6ZLM8pbzYxGjV,,kill,26:20,1580,12830,Eco-Dome Al'dani,14,Tyrannical,11:03 PM
hK2FkPG7qBRyJgW1,,kill,36:47,2207,12830,Eco-Dome Al'dani,12,Tyrannical,10:20 PM
2YqJ1Rmfw7xgANyn,,kill,36:47,2207,12830,Eco-Dome Al'dani,12,Tyrannical,10:21 PM
9dQtXbFMPqACy3xD,2,kill,31:51,1911,12830,Eco-Dome Al'dani,,,7:26 PM
9dQtXbFMPqACy3xD,1,wipe,1:11,71,12830,Eco-Dome Al'dani,,,7:21 PM
PC46xLa3tY1qFwG7,9,kill,23:36,1416,12830,Eco-Dome Al'dani,,,5:29 AM
PC46xLa3tY1qFwG7,8,wipe,11:02,662,12830,Eco-Dome Al'dani,,,5:18 AM
k83TnDPG4yZ2wAV7,3,kill,31:06,1866,12830,Eco-Dome Al'dani,,,2:19 PM
k83TnDPG4yZ2wAV7,1,wipe,4:54,294,12830,Eco-Dome Al'dani,,,2:11 PM
k83TnDPG4yZ2wAV7,2,wipe,2:59,179,12830,Eco-Dome Al'dani,,,2:16 PM
k83TnDPG4yZ2wAV7,1,wipe,4:54,294,12830,Eco-Dome Al'dani,,,2:11 PM
k83TnDPG4yZ2wAV7,2,wipe,2:59,179,12830,Eco-Dome Al'dani,,,2:16 PM
WLVAKGnbrYtw8239,,kill,27:35,1655,12830,Eco-Dome Al'dani,12,Tyrannical,8:28 PM
31xgC6DYVfwR98kT,,kill,31:16,1876,12830,Eco-Dome Al'dani,17,Tyrannical,8:04 PM
ZQhYaJPt9x3w6kN7,,kill,30:51,1851,12830,Eco-Dome Al'dani,18,Fortified,5:00 PM
wmp9cMArqTtCVJj6,8,wipe,3:14,194,12830,Eco-Dome Al'dani,,,8:21 PM
wmp9cMArqTtCVJj6,9,wipe,0:00,0,12830,Eco-Dome Al'dani,,,8:24 PM
wmp9cMArqTtCVJj6,8,wipe,3:14,194,12830,Eco-Dome Al'dani,,,8:21 PM
wmp9cMArqTtCVJj6,9,wipe,0:00,0,12830,Eco-Dome Al'dani,,,8:24 PM
WGBAKZj9z3h1T7LC,8,kill,26:29,1589,12830,Eco-Dome Al'dani,,,3:48 PM
WGBAKZj9z3h1T7LC,5,wipe,8:14,494,12830,Eco-Dome Al'dani,,,2:53 PM
WGBAKZj9z3h1T7LC,6,wipe,8:08,488,12830,Eco-Dome Al'dani,,,3:01 PM
WGBAKZj9z3h1T7LC,5,wipe,8:14,494,12830,Eco-Dome Al'dani,,,2:53 PM
WGBAKZj9z3h1T7LC,6,wipe,8:08,488,12830,Eco-Dome Al'dani,,,3:01 PM
d83R9ZKYVMbWBfhA,,wipe,7:43,463,12830,Eco-Dome Al'dani,17,Tyrannical,6:21 PM
Bck9LWJ2fMq4tD7x,,kill,50:44,3044,12830,Eco-Dome Al'dani,14,Fortified,2:27 PM
WVGNQ6ARhxKJprYw,,kill,30:09,1809,12830,Eco-Dome Al'dani,12,Fortified,10:32 AM
kFRjzH61fxmX9Mnp,,kill,29:28,1768,12830,Eco-Dome Al'dani,15,Tyrannical,2:14 AM
CGYMH7ytZgv9NnAf,,wipe,0:00,0,12830,Eco-Dome Al'dani,17,Fortified,4:40 PM
cVr3fQwZxGpDAkBh,,kill,26:29,1589,12830,Eco-Dome Al'dani,16,Fortified,3:48 PM
YJdymCk3vG8TR1fg,,kill,24:03,1443,12830,Eco-Dome Al'dani,14,Fortified,1:23 PM
xtbvGCm9W3adHfX7,,kill,26:37,1597,12830,Eco-Dome Al'dani,12,Fortified,1:55 PM
YXCBMWPdD7qbvRwF,,kill,29:00,1740,12830,Eco-Dome Al'dani,15,Fortified,7:06 AM
WQXcZ9pTzDCaFAqB,,kill,24:55,1495,12830,Eco-Dome Al'dani,15,Fortified,11:15 AM
wjAzYx3aVtn4LgWy,,kill,25:09,1509,12830,Eco-Dome Al'dani,10,Xal'atath's Bargain: Pulsar,9:50 AM
yzDWZrYN219PGf6T,,kill,20:41,1241,12830,Eco-Dome Al'dani,12,Fortified,8:08 AM
zT2QjrPnKWvAcGdm,2,kill,30:44,1844,12830,Eco-Dome Al'dani,,,8:48 AM
zT2QjrPnKWvAcGdm,1,wipe,13:45,825,12830,Eco-Dome Al'dani,,,8:34 AM
7rvqmCpX2dH8TPat,2,kill,30:44,1844,12830,Eco-Dome Al'dani,,,8:48 AM
7rvqmCpX2dH8TPat,1,wipe,13:45,825,12830,Eco-Dome Al'dani,,,8:34 AM
tz37NFXR4qGg6hDM,12,kill,27:42,1662,12830,Eco-Dome Al'dani,,,8:49 AM
tz37NFXR4qGg6hDM,11,wipe,10:18,618,12830,Eco-Dome Al'dani,,,8:34 AM
rVGdDk3LBnpxFPcg,,kill,29:00,1740,12830,Eco-Dome Al'dani,15,Fortified,7:06 AM
3Z2XpDYmThdwWrtJ,,kill,25:59,1559,12830,Eco-Dome Al'dani,14,Fortified,7:19 AM
W3a62fjk1pzrmHFD,1,kill,29:05,1745,12830,Eco-Dome Al'dani,,,4:16 AM
W3a62fjk1pzrmHFD,2,kill,31:44,1904,12830,Eco-Dome Al'dani,,,5:06 AM
73RBVxghbTLkmHGN,2,kill,26:32,1592,12830,Eco-Dome Al'dani,,,2:39 AM
73RBVxghbTLkmHGN,12,wipe,26:31,1591,12830,Eco-Dome Al'dani,,,6:19 AM
73RBVxghbTLkmHGN,13,wipe,2:44,164,12830,Eco-Dome Al'dani,,,6:46 AM
73RBVxghbTLkmHGN,14,wipe,13:59,839,12830,Eco-Dome Al'dani,,,6:49 AM
73RBVxghbTLkmHGN,12,wipe,26:31,1591,12830,Eco-Dome Al'dani,,,6:19 AM
73RBVxghbTLkmHGN,13,wipe,2:44,164,12830,Eco-Dome Al'dani,,,6:46 AM
73RBVxghbTLkmHGN,14,wipe,13:59,839,12830,Eco-Dome Al'dani,,,6:49 AM
LAqznDFYWk1Zb8BN,2,kill,28:49,1729,12830,Eco-Dome Al'dani,,,5:20 AM
LAqznDFYWk1Zb8BN,1,wipe,3:25,205,12830,Eco-Dome Al'dani,,,5:16 AM
rk6a8hcLpwt9NmWQ,,kill,22:15,1335,12830,Eco-Dome Al'dani,10,Xal'atath's Bargain: Pulsar,5:28 AM
hnPbry8NJkt4gTFx,2,kill,28:49,1729,12830,Eco-Dome Al'dani,,,5:20 AM
hnPbry8NJkt4gTFx,1,wipe,3:25,205,12830,Eco-Dome Al'dani,,,5:16 AM
CQcqBh2KZANRJb1H,1,kill,29:05,1745,12830,Eco-Dome Al'dani,,,4:16 AM
CQcqBh2KZANRJb1H,2,kill,31:44,1904,12830,Eco-Dome Al'dani,,,5:06 AM
qNza3GwHv8ZCYKVn,3,kill,32:28,1948,12830,Eco-Dome Al'dani,,,4:35 AM
qNza3GwHv8ZCYKVn,1,wipe,4:23,263,12830,Eco-Dome Al'dani,,,4:26 AM
y64TXQMtwNRfaBgF,,kill,35:02,2102,12830,Eco-Dome Al'dani,12,Fortified,3:17 AM
82jV1ZgcfNTmbPMn,,wipe,13:39,819,12830,Eco-Dome Al'dani,16,Fortified,4:41 AM
9Wf3qT8XdZBDVwbr,,kill,27:03,1623,12830,Eco-Dome Al'dani,15,Tyrannical,2:07 AM
8dq3MpKAHZXfQL9G,,kill,17:56,1076,12830,Eco-Dome Al'dani,10,Xal'atath's Bargain: Devour,2:34 AM
fV8MrncKdGLFCtY2,,kill,27:03,1623,12830,Eco-Dome Al'dani,15,Tyrannical,2:07 AM
4P6hDTfvKbLAwaJm,12,kill,25:31,1531,12830,Eco-Dome Al'dani,,,5:38 PM
4P6hDTfvKbLAwaJm,11,wipe,18:41,1121,12830,Eco-Dome Al'dani,,,5:20 PM
bTWY3gKnjGf8k6Fh,,kill,30:23,1823,12830,Eco-Dome Al'dani,16,Tyrannical,4:44 PM
6J8qya9Khbj3tFdv,,wipe,15:26,926,12830,Eco-Dome Al'dani,12,Tyrannical,4:10 PM
dHvMDWjnJp4TYgAX,1,wipe,8:15,495,12830,Eco-Dome Al'dani,,,4:59 AM
dHvMDWjnJp4TYgAX,2,wipe,2:26,146,12830,Eco-Dome Al'dani,,,5:07 AM
dHvMDWjnJp4TYgAX,1,wipe,8:15,495,12830,Eco-Dome Al'dani,,,4:59 AM
dHvMDWjnJp4TYgAX,2,wipe,2:26,146,12830,Eco-Dome Al'dani,,,5:07 AM
FDGRvdB86jYCxa1W,,wipe,5:59,359,12830,Eco-Dome Al'dani,12,Tyrannical,5:26 AM
9ajY7Cbvmp1DkVFx,3,kill,26:01,1561,12830,Eco-Dome Al'dani,,,5:28 PM
9ajY7Cbvmp1DkVFx,2,wipe,6:27,387,12830,Eco-Dome Al'dani,,,5:19 PM
Xq7a1Rv9tHwPAdx3,2,kill,28:04,1684,12830,Eco-Dome Al'dani,,,10:57 PM
Xq7a1Rv9tHwPAdx3,1,wipe,9:12,552,12830,Eco-Dome Al'dani,,,10:48 PM
kfpPx1HLbgT76wW9,,kill,28:04,1684,12830,Eco-Dome Al'dani,14,Tyrannical,10:57 PM
v1Dz3FGfYNW2mQRA,12,kill,28:04,1684,12830,Eco-Dome Al'dani,,,10:57 PM
v1Dz3FGfYNW2mQRA,6,wipe,7:18,438,12830,Eco-Dome Al'dani,,,9:38 PM
v1Dz3FGfYNW2mQRA,7,wipe,3:25,205,12830,Eco-Dome Al'dani,,,9:46 PM
v1Dz3FGfYNW2mQRA,11,wipe,6:23,383,12830,Eco-Dome Al'dani,,,10:48 PM
v1Dz3FGfYNW2mQRA,6,wipe,7:18,438,12830,Eco-Dome Al'dani,,,9:38 PM
v1Dz3FGfYNW2mQRA,7,wipe,3:25,205,12830,Eco-Dome Al'dani,,,9:46 PM
v1Dz3FGfYNW2mQRA,11,wipe,6:23,383,12830,Eco-Dome Al'dani,,,10:48 PM
rft7akz6h2CZLgVy,1,kill,23:56,1436,12830,Eco-Dome Al'dani,,,5:50 AM
rft7akz6h2CZLgVy,2,kill,22:40,1360,12830,Eco-Dome Al'dani,,,6:22 AM
fLQD3F7RN14jwqGz,,kill,25:12,1512,12830,Eco-Dome Al'dani,12,Fortified,5:28 AM
V27yFqRXHNPGQMBW,6,kill,30:08,1808,12830,Eco-Dome Al'dani,,,4:28 AM
V27yFqRXHNPGQMBW,7,wipe,0:00,0,12830,Eco-Dome Al'dani,,,5:04 AM
tcFHYJ76dzyjP2hM,,kill,25:12,1512,12830,Eco-Dome Al'dani,12,Fortified,5:28 AM
pnqAmBkfxNcF8t7X,,kill,27:00,1620,12830,Eco-Dome Al'dani,18,Fortified,9:45 PM
M6QzZ1nF23HVLKDB,,kill,29:18,1758,12830,Eco-Dome Al'dani,12,Tyrannical,8:39 AM
mzj7YpbnAgk8hcGQ,7,wipe,6:36,396,12830,Eco-Dome Al'dani,,,1:46 PM
mzj7YpbnAgk8hcGQ,8,wipe,0:33,33,12830,Eco-Dome Al'dani,,,1:52 PM
mzj7YpbnAgk8hcGQ,7,wipe,6:36,396,12830,Eco-Dome Al'dani,,,1:46 PM
mzj7YpbnAgk8hcGQ,8,wipe,0:33,33,12830,Eco-Dome Al'dani,,,1:52 PM
BMcvYgpQqhZARP7b,8,kill,31:26,1886,12830,Eco-Dome Al'dani,,,1:52 PM
BMcvYgpQqhZARP7b,7,wipe,6:36,396,12830,Eco-Dome Al'dani,,,1:46 PM
GbrkCP1KVA8FRZzQ,2,wipe,6:20,380,12830,Eco-Dome Al'dani,,,1:14 PM
GbrkCP1KVA8FRZzQ,3,wipe,4:39,279,12830,Eco-Dome Al'dani,,,1:20 PM
GbrkCP1KVA8FRZzQ,2,wipe,6:20,380,12830,Eco-Dome Al'dani,,,1:14 PM
GbrkCP1KVA8FRZzQ,3,wipe,4:39,279,12830,Eco-Dome Al'dani,,,1:20 PM
hGWjKL4kRQbfDnqV,2,wipe,6:20,380,12830,Eco-Dome Al'dani,,,1:14 PM
hGWjKL4kRQbfDnqV,3,wipe,4:39,279,12830,Eco-Dome Al'dani,,,1:20 PM
hGWjKL4kRQbfDnqV,2,wipe,6:20,380,12830,Eco-Dome Al'dani,,,1:14 PM
hGWjKL4kRQbfDnqV,3,wipe,4:39,279,12830,Eco-Dome Al'dani,,,1:20 PM
bcv9Ptd874XT2Y3g,2,wipe,6:20,380,12830,Eco-Dome Al'dani,,,1:14 PM
bcv9Ptd874XT2Y3g,3,wipe,4:39,279,12830,Eco-Dome Al'dani,,,1:20 PM
bcv9Ptd874XT2Y3g,2,wipe,6:20,380,12830,Eco-Dome Al'dani,,,1:14 PM
bcv9Ptd874XT2Y3g,3,wipe,4:39,279,12830,Eco-Dome Al'dani,,,1:20 PM
ZHmCnNRW4JFcvBrT,,wipe,4:42,282,12830,Eco-Dome Al'dani,12,Tyrannical,1:14 PM
Hqg3Dz9rdC2MTKfc,6,kill,39:26,2366,12830,Eco-Dome Al'dani,,,5:02 AM
Hqg3Dz9rdC2MTKfc,5,wipe,3:32,212,12830,Eco-Dome Al'dani,,,4:58 AM
h4TrxbCjgvzfqQ12,,kill,28:38,1718,12830,Eco-Dome Al'dani,15,Tyrannical,5:05 PM
vyHcLNWzYPpTZ2Xh,,kill,35:20,2120,12830,Eco-Dome Al'dani,14,Fortified,4:17 PM
Dq2gMfK3TQNyjGHY,,wipe,7:03,423,12830,Eco-Dome Al'dani,12,Tyrannical,7:05 PM
GYyKAmpcP9nQjWdt,1,wipe,0:00,0,12830,Eco-Dome Al'dani,,,5:14 PM
GYyKAmpcP9nQjWdt,2,wipe,6:40,400,12830,Eco-Dome Al'dani,,,5:21 PM
GYyKAmpcP9nQjWdt,3,wipe,4:56,296,12830,Eco-Dome Al'dani,,,5:27 PM
GYyKAmpcP9nQjWdt,4,wipe,0:55,55,12830,Eco-Dome Al'dani,,,5:34 PM
GYyKAmpcP9nQjWdt,5,wipe,4:46,286,12830,Eco-Dome Al'dani,,,5:35 PM
GYyKAmpcP9nQjWdt,6,wipe,1:33,93,12830,Eco-Dome Al'dani,,,5:45 PM
GYyKAmpcP9nQjWdt,7,wipe,5:01,301,12830,Eco-Dome Al'dani,,,5:46 PM
GYyKAmpcP9nQjWdt,8,wipe,4:51,291,12830,Eco-Dome Al'dani,,,5:55 PM
GYyKAmpcP9nQjWdt,9,wipe,3:13,193,12830,Eco-Dome Al'dani,,,6:06 PM
GYyKAmpcP9nQjWdt,10,wipe,13:01,781,12830,Eco-Dome Al'dani,,,6:09 PM
GYyKAmpcP9nQjWdt,11,wipe,3:21,201,12830,Eco-Dome Al'dani,,,6:22 PM
GYyKAmpcP9nQjWdt,1,wipe,0:00,0,12830,Eco-Dome Al'dani,,,5:14 PM
GYyKAmpcP9nQjWdt,2,wipe,6:40,400,12830,Eco-Dome Al'dani,,,5:21 PM
GYyKAmpcP9nQjWdt,3,wipe,4:56,296,12830,Eco-Dome Al'dani,,,5:27 PM
GYyKAmpcP9nQjWdt,4,wipe,0:55,55,12830,Eco-Dome Al'dani,,,5:34 PM
GYyKAmpcP9nQjWdt,5,wipe,4:46,286,12830,Eco-Dome Al'dani,,,5:35 PM
GYyKAmpcP9nQjWdt,6,wipe,1:33,93,12830,Eco-Dome Al'dani,,,5:45 PM
GYyKAmpcP9nQjWdt,7,wipe,5:01,301,12830,Eco-Dome Al'dani,,,5:46 PM
GYyKAmpcP9nQjWdt,8,wipe,4:51,291,12830,Eco-Dome Al'dani,,,5:55 PM
GYyKAmpcP9nQjWdt,9,wipe,3:13,193,12830,Eco-Dome Al'dani,,,6:06 PM
GYyKAmpcP9nQjWdt,10,wipe,13:01,781,12830,Eco-Dome Al'dani,,,6:09 PM
GYyKAmpcP9nQjWdt,11,wipe,3:21,201,12830,Eco-Dome Al'dani,,,6:22 PM
apCNymHD9GTZ3Vqb,2,wipe,1:07,67,12830,Eco-Dome Al'dani,,,1:14 PM
apCNymHD9GTZ3Vqb,3,wipe,4:59,299,12830,Eco-Dome Al'dani,,,1:21 PM
apCNymHD9GTZ3Vqb,4,wipe,10:02,602,12830,Eco-Dome Al'dani,,,1:40 PM
apCNymHD9GTZ3Vqb,5,wipe,15:39,939,12830,Eco-Dome Al'dani,,,1:57 PM
apCNymHD9GTZ3Vqb,8,wipe,24:55,1495,12830,Eco-Dome Al'dani,,,3:01 PM
apCNymHD9GTZ3Vqb,2,wipe,1:07,67,12830,Eco-Dome Al'dani,,,1:14 PM
apCNymHD9GTZ3Vqb,3,wipe,4:59,299,12830,Eco-Dome Al'dani,,,1:21 PM
apCNymHD9GTZ3Vqb,4,wipe,10:02,602,12830,Eco-Dome Al'dani,,,1:40 PM
apCNymHD9GTZ3Vqb,5,wipe,15:39,939,12830,Eco-Dome Al'dani,,,1:57 PM
apCNymHD9GTZ3Vqb,8,wipe,24:55,1495,12830,Eco-Dome Al'dani,,,3:01 PM
vM4qxhLK6Czp8rmY,1,wipe,1:19,79,12830,Eco-Dome Al'dani,,,1:28 PM
vM4qxhLK6Czp8rmY,2,wipe,0:55,55,12830,Eco-Dome Al'dani,,,1:29 PM
vM4qxhLK6Czp8rmY,3,wipe,2:36,156,12830,Eco-Dome Al'dani,,,1:33 PM
vM4qxhLK6Czp8rmY,4,wipe,1:38,98,12830,Eco-Dome Al'dani,,,1:36 PM
vM4qxhLK6Czp8rmY,5,wipe,2:36,156,12830,Eco-Dome Al'dani,,,1:38 PM
vM4qxhLK6Czp8rmY,6,wipe,3:05,185,12830,Eco-Dome Al'dani,,,1:40 PM
vM4qxhLK6Czp8rmY,7,wipe,2:32,152,12830,Eco-Dome Al'dani,,,1:43 PM
vM4qxhLK6Czp8rmY,8,wipe,2:27,147,12830,Eco-Dome Al'dani,,,1:46 PM
vM4qxhLK6Czp8rmY,1,wipe,1:19,79,12830,Eco-Dome Al'dani,,,1:28 PM
vM4qxhLK6Czp8rmY,2,wipe,0:55,55,12830,Eco-Dome Al'dani,,,1:29 PM
vM4qxhLK6Czp8rmY,3,wipe,2:36,156,12830,Eco-Dome Al'dani,,,1:33 PM
vM4qxhLK6Czp8rmY,4,wipe,1:38,98,12830,Eco-Dome Al'dani,,,1:36 PM
vM4qxhLK6Czp8rmY,5,wipe,2:36,156,12830,Eco-Dome Al'dani,,,1:38 PM
vM4qxhLK6Czp8rmY,6,wipe,3:05,185,12830,Eco-Dome Al'dani,,,1:40 PM
vM4qxhLK6Czp8rmY,7,wipe,2:32,152,12830,Eco-Dome Al'dani,,,1:43 PM
vM4qxhLK6Czp8rmY,8,wipe,2:27,147,12830,Eco-Dome Al'dani,,,1:46 PM
PdAbBNtp7H8KZ6Tv,1,kill,26:07,1567,12830,Eco-Dome Al'dani,,,7:49 PM
PdAbBNtp7H8KZ6Tv,4,kill,20:55,1255,12830,Eco-Dome Al'dani,,,8:21 PM
Vcmh7LXRJNnABqj4,2,wipe,1:07,67,12830,Eco-Dome Al'dani,,,1:14 PM
Vcmh7LXRJNnABqj4,3,wipe,4:59,299,12830,Eco-Dome Al'dani,,,1:21 PM
Vcmh7LXRJNnABqj4,2,wipe,1:07,67,12830,Eco-Dome Al'dani,,,1:14 PM
Vcmh7LXRJNnABqj4,3,wipe,4:59,299,12830,Eco-Dome Al'dani,,,1:21 PM
NcVg3RW1hC6ntXHq,2,wipe,1:07,67,12830,Eco-Dome Al'dani,,,1:14 PM
NcVg3RW1hC6ntXHq,3,wipe,4:59,299,12830,Eco-Dome Al'dani,,,1:21 PM
NcVg3RW1hC6ntXHq,2,wipe,1:07,67,12830,Eco-Dome Al'dani,,,1:14 PM
NcVg3RW1hC6ntXHq,3,wipe,4:59,299,12830,Eco-Dome Al'dani,,,1:21 PM
g18DtLQqMrKhxZ9F,,kill,28:51,1731,12830,Eco-Dome Al'dani,17,Fortified,10:14 AM
r6jaFBvVcXA3QgZK,9,kill,33:41,2021,12830,Eco-Dome Al'dani,,,7:45 AM
r6jaFBvVcXA3QgZK,8,wipe,9:41,581,12830,Eco-Dome Al'dani,,,7:35 AM
nAVPMt2HkwfmXRNY,,kill,41:11,2471,12830,Eco-Dome Al'dani,14,Fortified,1:57 AM
3BnwxcXFRqPW2968,2,wipe,12:19,739,12830,Eco-Dome Al'dani,,,10:51 PM
3BnwxcXFRqPW2968,3,wipe,11:45,705,12830,Eco-Dome Al'dani,,,11:03 PM
3BnwxcXFRqPW2968,4,wipe,21:24,1284,12830,Eco-Dome Al'dani,,,11:15 PM
3BnwxcXFRqPW2968,2,wipe,12:19,739,12830,Eco-Dome Al'dani,,,10:51 PM
3BnwxcXFRqPW2968,3,wipe,11:45,705,12830,Eco-Dome Al'dani,,,11:03 PM
3BnwxcXFRqPW2968,4,wipe,21:24,1284,12830,Eco-Dome Al'dani,,,11:15 PM
kjmLAJndcGhDCV7Q,3,wipe,2:17,137,12830,Eco-Dome Al'dani,,,1:02 AM
kjmLAJndcGhDCV7Q,4,wipe,13:24,804,12830,Eco-Dome Al'dani,,,1:04 AM
kjmLAJndcGhDCV7Q,3,wipe,2:17,137,12830,Eco-Dome Al'dani,,,1:02 AM
kjmLAJndcGhDCV7Q,4,wipe,13:24,804,12830,Eco-Dome Al'dani,,,1:04 AM
tCxX4HgY8aMhFmWB,,kill,29:46,1786,12830,Eco-Dome Al'dani,19,Tyrannical,4:30 PM
AYgzCHyDvKkNGrdm,,kill,32:24,1944,12830,Eco-Dome Al'dani,14,Fortified,9:13 PM
7gKhQpGa1CVzcLFP,,kill,31:17,1877,12830,Eco-Dome Al'dani,12,Tyrannical,12:22 PM
fPW3a4LpXywdnAQx,,wipe,7:18,438,12830,Eco-Dome Al'dani,15,Tyrannical,1:18 PM
nFRvcZzkHY3Mj8KC,,kill,22:13,1333,12830,Eco-Dome Al'dani,13,Tyrannical,12:36 PM
kpn4xFYGQKTH8A1D,,kill,21:01,1261,12830,Eco-Dome Al'dani,10,Xal'atath's Bargain: Voidbound,7:11 AM
rtDbRTA8Hqwy6hYk,,kill,21:01,1261,12830,Eco-Dome Al'dani,10,Xal'atath's Bargain: Voidbound,7:11 AM
K4XntkR9PyJTwaDb,,kill,26:26,1586,12830,Eco-Dome Al'dani,12,Tyrannical,6:35 AM
drzLNmgY63DxcVPR,2,kill,23:49,1429,12830,Eco-Dome Al'dani,,,2:50 AM
drzLNmgY63DxcVPR,6,kill,30:58,1858,12830,Eco-Dome Al'dani,,,3:59 AM
drzLNmgY63DxcVPR,1,wipe,4:09,249,12830,Eco-Dome Al'dani,,,2:46 AM
ZH4crfWK1bNykt6a,,kill,22:52,1372,12830,Eco-Dome Al'dani,12,Tyrannical,3:41 AM
zhALbN83MJwcFWta,,kill,22:52,1372,12830,Eco-Dome Al'dani,12,Tyrannical,3:41 AM
xaKYfdW7yVTNpFGz,,kill,27:30,1650,12830,Eco-Dome Al'dani,13,Tyrannical,2:45 AM
bZLmx4w6HDd71nPg,,wipe,44:33,2673,12830,Eco-Dome Al'dani,12,Tyrannical,1:37 AM
ZxFQ9HtcXVRMNLWG,,wipe,25:53,1553,12830,Eco-Dome Al'dani,12,Tyrannical,10:02 PM
FcqmvGZRrgMyBYVC,,kill,21:59,1319,12830,Eco-Dome Al'dani,12,Tyrannical,10:47 PM
ZK49XYhJwL6CkqPp,1,kill,19:19,1159,12830,Eco-Dome Al'dani,,,6:56 PM
ZK49XYhJwL6CkqPp,5,kill,24:20,1460,12830,Eco-Dome Al'dani,,,8:07 PM
ZK49XYhJwL6CkqPp,2,wipe,4:48,288,12830,Eco-Dome Al'dani,,,7:27 PM
ZK49XYhJwL6CkqPp,3,wipe,1:57,117,12830,Eco-Dome Al'dani,,,7:31 PM
ZK49XYhJwL6CkqPp,4,wipe,1:50,110,12830,Eco-Dome Al'dani,,,7:42 PM
ZK49XYhJwL6CkqPp,2,wipe,4:48,288,12830,Eco-Dome Al'dani,,,7:27 PM
ZK49XYhJwL6CkqPp,3,wipe,1:57,117,12830,Eco-Dome Al'dani,,,7:31 PM
ZK49XYhJwL6CkqPp,4,wipe,1:50,110,12830,Eco-Dome Al'dani,,,7:42 PM
GptmDn4b2Ch8ZxNJ,,kill,24:55,1495,12830,Eco-Dome Al'dani,13,Fortified,3:47 PM
jzZdKmHY3FatPBAJ,2,kill,27:51,1671,12830,Eco-Dome Al'dani,,,8:51 AM
jzZdKmHY3FatPBAJ,3,wipe,12:06,726,12830,Eco-Dome Al'dani,,,9:29 AM
jzZdKmHY3FatPBAJ,4,wipe,12:53,773,12830,Eco-Dome Al'dani,,,9:41 AM
jzZdKmHY3FatPBAJ,3,wipe,12:06,726,12830,Eco-Dome Al'dani,,,9:29 AM
jzZdKmHY3FatPBAJ,4,wipe,12:53,773,12830,Eco-Dome Al'dani,,,9:41 AM
JnzRWXZp3d7Nf9mT,,kill,30:06,1806,12830,Eco-Dome Al'dani,14,Fortified,2:42 PM
GK42aYNJvMQPV6Dy,,kill,26:51,1611,12830,Eco-Dome Al'dani,14,Fortified,2:48 PM
DRQtbq9JCcaf7dYG,,kill,21:19,1279,12830,Eco-Dome Al'dani,10,Xal'atath's Bargain: Pulsar,12:07 AM
6JTnvDM3XjHqtVdh,,kill,32:22,1942,12830,Eco-Dome Al'dani,12,Fortified,1:35 PM
nj7YfDgZ4TXpQ9WM,1,wipe,6:00,360,12830,Eco-Dome Al'dani,,,10:22 AM
nj7YfDgZ4TXpQ9WM,2,wipe,5:09,309,12830,Eco-Dome Al'dani,,,10:28 AM
nj7YfDgZ4TXpQ9WM,1,wipe,6:00,360,12830,Eco-Dome Al'dani,,,10:22 AM
nj7YfDgZ4TXpQ9WM,2,wipe,5:09,309,12830,Eco-Dome Al'dani,,,10:28 AM
jqzW7TRL49aYZAPM,,wipe,9:48,588,12830,Eco-Dome Al'dani,12,Fortified,7:39 AM
9zRnqyvCdG3wa8Ht,2,kill,28:16,1696,12830,Eco-Dome Al'dani,,,7:51 AM
9zRnqyvCdG3wa8Ht,1,wipe,16:21,981,12830,Eco-Dome Al'dani,,,7:35 AM
6NKBZvtHQ9xYdcmW,,kill,29:13,1753,12830,Eco-Dome Al'dani,12,Fortified,12:17 AM
QPk7RaWnMrfXjLKG,,kill,41:47,2507,12830,Eco-Dome Al'dani,12,Fortified,12:49 AM
b2kG4LRC8JcHm7Mw,,kill,29:13,1753,12830,Eco-Dome Al'dani,12,Fortified,12:17 AM
naj2XL8VqZMbmFv6,,kill,29:13,1753,12830,Eco-Dome Al'dani,12,Fortified,12:17 AM
Bfga3C64GYZnQHcK,,kill,31:12,1872,12830,Eco-Dome Al'dani,12,Fortified,10:03 PM
6jkV2z8YgaBxXAn4,,kill,28:46,1726,12830,Eco-Dome Al'dani,12,Tyrannical,1:13 PM
a2Jmc8CAfZLQq1Dd,9,wipe,15:42,942,12830,Eco-Dome Al'dani,,,7:40 PM
a2Jmc8CAfZLQq1Dd,11,wipe,11:30,690,12830,Eco-Dome Al'dani,,,8:31 PM
a2Jmc8CAfZLQq1Dd,9,wipe,15:42,942,12830,Eco-Dome Al'dani,,,7:40 PM
a2Jmc8CAfZLQq1Dd,11,wipe,11:30,690,12830,Eco-Dome Al'dani,,,8:31 PM
Q6HvBGk3cTNJ1pXY,1,wipe,3:11,191,12830,Eco-Dome Al'dani,,,5:55 PM
Q6HvBGk3cTNJ1pXY,2,wipe,7:40,460,12830,Eco-Dome Al'dani,,,6:03 PM
Q6HvBGk3cTNJ1pXY,1,wipe,3:11,191,12830,Eco-Dome Al'dani,,,5:55 PM
Q6HvBGk3cTNJ1pXY,2,wipe,7:40,460,12830,Eco-Dome Al'dani,,,6:03 PM
nYWrGZk917qAaQP8,8,kill,19:57,1197,12830,Eco-Dome Al'dani,,,2:42 PM
nYWrGZk917qAaQP8,11,kill,31:28,1888,12830,Eco-Dome Al'dani,,,4:00 PM
nYWrGZk917qAaQP8,9,wipe,10:37,637,12830,Eco-Dome Al'dani,,,3:31 PM
nYWrGZk917qAaQP8,10,wipe,6:25,385,12830,Eco-Dome Al'dani,,,3:46 PM
nYWrGZk917qAaQP8,9,wipe,10:37,637,12830,Eco-Dome Al'dani,,,3:31 PM
nYWrGZk917qAaQP8,10,wipe,6:25,385,12830,Eco-Dome Al'dani,,,3:46 PM
R3bwcn89gTaM1txd,,wipe,2:40,160,12830,Eco-Dome Al'dani,12,,2:12 PM
PFdGzaTDW38jpqCN,,wipe,6:04,364,12830,Eco-Dome Al'dani,13,Tyrannical,1:37 PM
KA6MWc4X2kCjF8tv,,kill,24:59,1499,12830,Eco-Dome Al'dani,12,Tyrannical,11:54 AM
QYkFgCmpc8hR324Z,,kill,29:29,1769,12830,Eco-Dome Al'dani,15,Tyrannical,8:18 AM
FfBb7rgmtdKvzHMw,,kill,23:22,1402,12830,Eco-Dome Al'dani,12,Tyrannical,6:46 AM
JjD4h3xTMW6wN7YC,2,kill,27:36,1656,12830,Eco-Dome Al'dani,,,4:26 AM
JjD4h3xTMW6wN7YC,4,kill,27:23,1643,12830,Eco-Dome Al'dani,,,5:18 AM
JjD4h3xTMW6wN7YC,5,kill,32:13,1933,12830,Eco-Dome Al'dani,,,6:03 AM
JjD4h3xTMW6wN7YC,6,kill,27:31,1651,12830,Eco-Dome Al'dani,,,7:17 AM
JjD4h3xTMW6wN7YC,3,wipe,1:00,60,12830,Eco-Dome Al'dani,,,5:09 AM
JHPThVyrwnBg3km7,,kill,35:46,2146,12830,Eco-Dome Al'dani,12,Tyrannical,5:49 AM
fPgHk7V469pGvd3b,2,kill,27:36,1656,12830,Eco-Dome Al'dani,,,4:26 AM
fPgHk7V469pGvd3b,4,kill,27:23,1643,12830,Eco-Dome Al'dani,,,5:18 AM
fPgHk7V469pGvd3b,5,kill,32:13,1933,12830,Eco-Dome Al'dani,,,6:03 AM
fPgHk7V469pGvd3b,3,wipe,1:00,60,12830,Eco-Dome Al'dani,,,5:09 AM
7mFhxjAMnkCYGLK9,2,kill,27:36,1656,12830,Eco-Dome Al'dani,,,4:26 AM
7mFhxjAMnkCYGLK9,4,kill,27:23,1643,12830,Eco-Dome Al'dani,,,5:18 AM
7mFhxjAMnkCYGLK9,3,wipe,1:00,60,12830,Eco-Dome Al'dani,,,5:09 AM
andWg29HYRzfV6vm,4,kill,25:56,1556,12830,Eco-Dome Al'dani,,,4:46 AM
andWg29HYRzfV6vm,3,wipe,5:09,309,12830,Eco-Dome Al'dani,,,4:41 AM
fvVaybT6t7LQM4RD,,kill,27:36,1656,12830,Eco-Dome Al'dani,12,Tyrannical,4:26 AM
K9TC8hgNZvz4LxnX,,kill,24:43,1483,12830,Eco-Dome Al'dani,8,Xal'atath's Bargain: Pulsar,2:30 AM
LwKJDA8t2vbWgYB1,,kill,24:00,1440,12830,Eco-Dome Al'dani,12,Tyrannical,1:16 AM
mxtjF8Gq9pgdLHwW,,wipe,3:32,212,12830,Eco-Dome Al'dani,12,Tyrannical,1:16 AM
rXAcTqW8aJVLhQGt,,wipe,9:16,556,12830,Eco-Dome Al'dani,12,,11:56 PM
J76Dny2WkYKhT9vq,,kill,40:34,2434,12830,Eco-Dome Al'dani,12,Tyrannical,10:28 PM
PKt1nNFmTBfzCGWj,,kill,34:19,2059,12830,Eco-Dome Al'dani,15,Tyrannical,5:53 PM
mCrTWP7XYbDcN9dM,5,kill,27:49,1669,12830,Eco-Dome Al'dani,,,12:22 PM
mCrTWP7XYbDcN9dM,18,kill,29:11,1751,12830,Eco-Dome Al'dani,,,4:01 PM
mCrTWP7XYbDcN9dM,1,wipe,2:56,176,12830,Eco-Dome Al'dani,,,11:08 AM
mCrTWP7XYbDcN9dM,2,wipe,17:17,1037,12830,Eco-Dome Al'dani,,,11:11 AM
mCrTWP7XYbDcN9dM,3,wipe,6:04,364,12830,Eco-Dome Al'dani,,,11:28 AM
mCrTWP7XYbDcN9dM,4,wipe,17:26,1046,12830,Eco-Dome Al'dani,,,11:49 AM
mCrTWP7XYbDcN9dM,1,wipe,2:56,176,12830,Eco-Dome Al'dani,,,11:08 AM
mCrTWP7XYbDcN9dM,2,wipe,17:17,1037,12830,Eco-Dome Al'dani,,,11:11 AM
mCrTWP7XYbDcN9dM,3,wipe,6:04,364,12830,Eco-Dome Al'dani,,,11:28 AM
mCrTWP7XYbDcN9dM,4,wipe,17:26,1046,12830,Eco-Dome Al'dani,,,11:49 AM
MCHv4KrWJapfBFnh,1,kill,34:18,2058,12830,Eco-Dome Al'dani,,,11:16 PM
MCHv4KrWJapfBFnh,2,kill,25:10,1510,12830,Eco-Dome Al'dani,,,12:05 AM
TRv2YHFV3B1zbMr7,,kill,31:24,1884,12830,Eco-Dome Al'dani,10,Xal'atath's Bargain: Pulsar,1:49 PM
Bh3NcY1FXz6kq7dL,,kill,25:43,1543,12830,Eco-Dome Al'dani,15,Fortified,3:18 PM
CtF2MNjRHvApK8hQ,1,kill,29:30,1770,12830,Eco-Dome Al'dani,,,2:46 PM
CtF2MNjRHvApK8hQ,2,kill,25:43,1543,12830,Eco-Dome Al'dani,,,3:18 PM
8Q3gNa6mryF9xGPJ,,kill,29:45,1785,12830,Eco-Dome Al'dani,15,Fortified,1:26 PM
46Qa1WdCRqZhz2GP,,kill,29:24,1764,12830,Eco-Dome Al'dani,16,Fortified,9:37 AM
MFT2yNYaBhq9nPDb,,kill,22:42,1362,12830,Eco-Dome Al'dani,12,Fortified,10:28 AM
2DjKGV67QZ9d1MyP,,kill,27:35,1655,12830,Eco-Dome Al'dani,12,Fortified,11:01 PM
tF2mJCALzjaB7WQV,,kill,19:52,1192,12830,Eco-Dome Al'dani,12,,5:39 AM
1g2MZkTNr3Fhqa4y,,kill,19:52,1192,12830,Eco-Dome Al'dani,12,,5:39 AM
3LYW68RhDMAadfbx,1,wipe,10:29,629,12830,Eco-Dome Al'dani,,,2:09 AM
3LYW68RhDMAadfbx,2,wipe,21:13,1273,12830,Eco-Dome Al'dani,,,3:55 AM
3LYW68RhDMAadfbx,1,wipe,10:29,629,12830,Eco-Dome Al'dani,,,2:09 AM
3LYW68RhDMAadfbx,2,wipe,21:13,1273,12830,Eco-Dome Al'dani,,,3:55 AM
kmNBFgdLQbPy1t7w,1,wipe,10:29,629,12830,Eco-Dome Al'dani,,,2:09 AM
kmNBFgdLQbPy1t7w,2,wipe,20:20,1220,12830,Eco-Dome Al'dani,,,3:55 AM
kmNBFgdLQbPy1t7w,1,wipe,10:29,629,12830,Eco-Dome Al'dani,,,2:09 AM
kmNBFgdLQbPy1t7w,2,wipe,20:20,1220,12830,Eco-Dome Al'dani,,,3:55 AM
Pv1AJW94T7kcnGFd,,wipe,28:19,1699,12830,Eco-Dome Al'dani,14,Fortified,3:08 AM
17q8J6cGTFpR9v3g,,wipe,10:29,629,12830,Eco-Dome Al'dani,12,Fortified,2:09 AM
pWwyhTvBczGFC2dY,2,kill,19:22,1162,12830,Eco-Dome Al'dani,,,11:57 PM
pWwyhTvBczGFC2dY,9,kill,28:18,1698,12830,Eco-Dome Al'dani,,,1:46 AM
vfMHR3PAD2xnhWVj,,kill,40:25,2425,12830,Eco-Dome Al'dani,13,Fortified,11:35 PM
ZNHhKx4kFGTB6Lg8,,kill,35:24,2124,12830,Eco-Dome Al'dani,10,Xal'atath's Bargain: Pulsar,12:07 AM
GtvJj9WL1TBmxPpr,,kill,19:22,1162,12830,Eco-Dome Al'dani,12,,11:57 PM
GPtTJZqKFz8HnRvm,,kill,40:25,2425,12830,Eco-Dome Al'dani,13,Fortified,11:35 PM
Wpc27CB3TkzrXwtM,1,wipe,1:47,107,12830,Eco-Dome Al'dani,,,7:21 AM
Wpc27CB3TkzrXwtM,2,wipe,21:20,1280,12830,Eco-Dome Al'dani,,,7:26 AM
Wpc27CB3TkzrXwtM,1,wipe,1:47,107,12830,Eco-Dome Al'dani,,,7:21 AM
Wpc27CB3TkzrXwtM,2,wipe,21:20,1280,12830,Eco-Dome Al'dani,,,7:26 AM
Bng3tjdCVmLW84Xa,,kill,24:51,1491,12830,Eco-Dome Al'dani,13,Fortified,3:52 PM
Yh4qkHgjX1vBDryV,1,kill,29:43,1783,12830,Eco-Dome Al'dani,,,5:55 PM
Yh4qkHgjX1vBDryV,3,wipe,8:15,495,12830,Eco-Dome Al'dani,,,6:32 PM
cCJ9KLqYN4Rwvd8y,1,kill,31:03,1863,12830,Eco-Dome Al'dani,,,12:15 PM
cCJ9KLqYN4Rwvd8y,4,kill,47:07,2827,12830,Eco-Dome Al'dani,,,1:44 PM
cCJ9KLqYN4Rwvd8y,5,kill,35:24,2124,12830,Eco-Dome Al'dani,,,2:32 PM
cCJ9KLqYN4Rwvd8y,2,wipe,46:38,2798,12830,Eco-Dome Al'dani,,,12:55 PM
cCJ9KLqYN4Rwvd8y,3,wipe,2:29,149,12830,Eco-Dome Al'dani,,,1:42 PM
cCJ9KLqYN4Rwvd8y,2,wipe,46:38,2798,12830,Eco-Dome Al'dani,,,12:55 PM
cCJ9KLqYN4Rwvd8y,3,wipe,2:29,149,12830,Eco-Dome Al'dani,,,1:42 PM
FdkAGbwmL9KzRMcp,,kill,30:42,1842,12830,Eco-Dome Al'dani,12,Tyrannical,5:19 PM
9WVQ6JbPydAkjGfZ,,kill,34:37,2077,12830,Eco-Dome Al'dani,15,Fortified,4:03 PM
2DVrNcZ6tY1xJQyd,1,kill,26:36,1596,12830,Eco-Dome Al'dani,,,2:53 PM
2DVrNcZ6tY1xJQyd,2,wipe,5:18,318,12830,Eco-Dome Al'dani,,,3:39 PM
kTwMJg7a1DmRfdhn,1,wipe,5:24,324,12830,Eco-Dome Al'dani,,,1:14 PM
kTwMJg7a1DmRfdhn,2,wipe,4:48,288,12830,Eco-Dome Al'dani,,,1:19 PM
kTwMJg7a1DmRfdhn,3,wipe,7:18,438,12830,Eco-Dome Al'dani,,,1:40 PM
kTwMJg7a1DmRfdhn,4,wipe,22:47,1367,12830,Eco-Dome Al'dani,,,1:48 PM
kTwMJg7a1DmRfdhn,5,wipe,5:47,347,12830,Eco-Dome Al'dani,,,2:10 PM
kTwMJg7a1DmRfdhn,1,wipe,5:24,324,12830,Eco-Dome Al'dani,,,1:14 PM
kTwMJg7a1DmRfdhn,2,wipe,4:48,288,12830,Eco-Dome Al'dani,,,1:19 PM
kTwMJg7a1DmRfdhn,3,wipe,7:18,438,12830,Eco-Dome Al'dani,,,1:40 PM
kTwMJg7a1DmRfdhn,4,wipe,22:47,1367,12830,Eco-Dome Al'dani,,,1:48 PM
kTwMJg7a1DmRfdhn,5,wipe,5:47,347,12830,Eco-Dome Al'dani,,,2:10 PM
wCWD6qMgB3a7yx8J,,kill,40:16,2416,12830,Eco-Dome Al'dani,12,Fortified,12:23 PM
GQ4NtwK2YzMkgLAW,,wipe,16:04,964,12830,Eco-Dome Al'dani,15,Fortified,3:41 AM
6adkFVJvNjy2AHqW,11,kill,28:37,1717,12830,Eco-Dome Al'dani,,,12:13 PM
6adkFVJvNjy2AHqW,1,wipe,5:21,321,12830,Eco-Dome Al'dani,,,11:03 AM
6adkFVJvNjy2AHqW,2,wipe,23:39,1419,12830,Eco-Dome Al'dani,,,11:12 AM
6adkFVJvNjy2AHqW,9,wipe,0:29,29,12830,Eco-Dome Al'dani,,,12:10 PM
6adkFVJvNjy2AHqW,1,wipe,5:21,321,12830,Eco-Dome Al'dani,,,11:03 AM
6adkFVJvNjy2AHqW,2,wipe,23:39,1419,12830,Eco-Dome Al'dani,,,11:12 AM
6adkFVJvNjy2AHqW,9,wipe,0:29,29,12830,Eco-Dome Al'dani,,,12:10 PM
98FDZM2Cvz4wPk3G,2,kill,24:50,1490,12830,Eco-Dome Al'dani,,,9:52 AM
98FDZM2Cvz4wPk3G,7,kill,26:32,1592,12830,Eco-Dome Al'dani,,,11:39 AM
98FDZM2Cvz4wPk3G,1,wipe,2:10,130,12830,Eco-Dome Al'dani,,,9:50 AM
98FDZM2Cvz4wPk3G,3,wipe,15:39,939,12830,Eco-Dome Al'dani,,,10:28 AM
98FDZM2Cvz4wPk3G,4,wipe,3:17,197,12830,Eco-Dome Al'dani,,,10:44 AM
98FDZM2Cvz4wPk3G,5,wipe,27:11,1631,12830,Eco-Dome Al'dani,,,10:47 AM
98FDZM2Cvz4wPk3G,6,wipe,18:01,1081,12830,Eco-Dome Al'dani,,,11:14 AM
98FDZM2Cvz4wPk3G,1,wipe,2:10,130,12830,Eco-Dome Al'dani,,,9:50 AM
98FDZM2Cvz4wPk3G,3,wipe,15:39,939,12830,Eco-Dome Al'dani,,,10:28 AM
98FDZM2Cvz4wPk3G,4,wipe,3:17,197,12830,Eco-Dome Al'dani,,,10:44 AM
98FDZM2Cvz4wPk3G,5,wipe,27:11,1631,12830,Eco-Dome Al'dani,,,10:47 AM
98FDZM2Cvz4wPk3G,6,wipe,18:01,1081,12830,Eco-Dome Al'dani,,,11:14 AM
Jx6aLNyMG3B81FYb,3,kill,30:21,1821,12830,Eco-Dome Al'dani,,,10:42 AM
Jx6aLNyMG3B81FYb,1,wipe,5:53,353,12830,Eco-Dome Al'dani,,,10:19 AM
Jx6aLNyMG3B81FYb,2,wipe,11:44,704,12830,Eco-Dome Al'dani,,,10:31 AM
Jx6aLNyMG3B81FYb,1,wipe,5:53,353,12830,Eco-Dome Al'dani,,,10:19 AM
Jx6aLNyMG3B81FYb,2,wipe,11:44,704,12830,Eco-Dome Al'dani,,,10:31 AM
NBgqCfhwzZGxbkF4,2,kill,24:50,1490,12830,Eco-Dome Al'dani,,,9:52 AM
NBgqCfhwzZGxbkF4,1,wipe,2:10,130,12830,Eco-Dome Al'dani,,,9:50 AM
6Tfb1qw3X4ZWgV87,1,wipe,0:00,0,12830,Eco-Dome Al'dani,,,7:34 AM
6Tfb1qw3X4ZWgV87,3,wipe,0:00,0,12830,Eco-Dome Al'dani,,,8:20 AM
6Tfb1qw3X4ZWgV87,9,wipe,10:11,611,12830,Eco-Dome Al'dani,,,9:03 AM
6Tfb1qw3X4ZWgV87,1,wipe,0:00,0,12830,Eco-Dome Al'dani,,,7:34 AM
6Tfb1qw3X4ZWgV87,3,wipe,0:00,0,12830,Eco-Dome Al'dani,,,8:20 AM
6Tfb1qw3X4ZWgV87,9,wipe,10:11,611,12830,Eco-Dome Al'dani,,,9:03 AM
9MPv63y2JTGB8RYX,,wipe,12:02,722,12830,Eco-Dome Al'dani,10,Xal'atath's Bargain: Pulsar,12:11 AM
